subhalo_id,group_id,is_central,stellar_mass,vel_dispersion,half_mass_radius,metallicity,pos_x,pos_y,pos_z,vel_x,vel_y,vel_z,halo_mass,halo_mass_log
17185,1,1,12.358970650037156,594.971,682.504,0.00436775,19755.3,47555.0,48920.6,-175.534,79.7657,-6.1149,381146980873560.7,14.581092484003346
17186,1,0,11.89695867653665,267.415,64.5298,0.0283652,20128.3,48514.1,48597.4,123.272,210.174,179.846,381146980873560.7,14.581092484003346
17187,1,0,11.781489307971318,289.305,43.5835,0.0119629,19645.5,47884.2,48837.0,-456.348,-360.781,85.4138,381146980873560.7,14.581092484003346
17188,1,0,11.373613950444131,179.605,46.8844,0.0,20226.3,48778.9,48927.0,-444.008,858.008,994.867,381146980873560.7,14.581092484003346
17189,1,0,11.188208754743101,168.089,51.606,0.0127685,19345.3,48648.3,49395.7,950.8,-442.201,56.2156,381146980873560.7,14.581092484003346
17190,1,0,11.327649980608681,165.837,27.9255,0.0,19706.5,48375.1,48877.1,88.8962,-104.68,222.269,381146980873560.7,14.581092484003346
17191,1,0,11.179899857663147,172.264,31.9932,0.00844344,20054.4,47956.6,48943.8,916.01,-1254.87,-682.468,381146980873560.7,14.581092484003346
17192,1,0,11.292503290005012,174.63,17.9388,0.0,19930.3,47665.5,49035.0,-627.785,-874.104,191.581,381146980873560.7,14.581092484003346
17193,1,0,11.209998355521689,160.125,22.548,0.0,20080.3,47468.6,49078.8,-67.3909,468.401,1054.26,381146980873560.7,14.581092484003346
17194,1,0,11.07303503411495,173.101,26.899,0.0,20155.8,47383.3,48831.2,1215.63,-34.0242,-773.931,381146980873560.7,14.581092484003346
0,0,1,12.568856212400503,603.875,607.966,0.0077182,849.091,26327.0,18306.9,15.8496,-236.392,-89.5239,376813892041260.7,14.576126905600793
1,0,0,11.74725052314894,333.893,300.959,0.00824652,106.473,24633.3,16900.6,126.425,659.361,540.568,376813892041260.7,14.576126905600793
2,0,0,11.797363851483116,297.577,78.2494,0.011213,853.112,26725.7,17510.7,322.079,-886.259,1115.2,376813892041260.7,14.576126905600793
3,0,0,11.23439457170936,159.562,108.971,0.0207876,245.455,26517.4,15888.7,323.022,267.666,997.542,376813892041260.7,14.576126905600793
4,0,0,11.124961816304074,168.744,85.2062,0.013132,768.784,26518.3,15530.5,-526.9,48.9844,660.054,376813892041260.7,14.576126905600793
5,0,0,11.283642357365359,191.308,66.2267,0.0169194,1426.59,26341.4,19041.2,-192.525,-921.324,-1349.81,376813892041260.7,14.576126905600793
6,0,0,11.461457408106913,217.871,34.0358,0.0212412,904.756,26611.1,17832.4,-368.767,-1041.73,621.098,376813892041260.7,14.576126905600793
7,0,0,11.284878454148654,164.37,38.2081,0.0323577,1411.39,26663.3,17276.7,-420.809,-409.466,-30.2225,376813892041260.7,14.576126905600793
8,0,0,11.348577325308396,186.551,29.299,0.0286744,835.899,26505.2,17452.6,63.6713,-469.348,778.659,376813892041260.7,14.576126905600793
9,0,0,11.30344669159316,173.414,34.4308,0.0,471.904,26572.1,18048.4,-1127.26,-768.49,-935.597,376813892041260.7,14.576126905600793
31342,2,1,12.452367811367644,567.029,520.023,0.0057079,10900.2,50857.9,47590.4,284.057,-101.15,79.4375,337538116788455.9,14.528322823022382
31343,2,0,11.750917926152688,240.457,36.2453,0.0325993,11470.7,50607.3,47712.0,231.648,-278.97,37.8915,337538116788455.9,14.528322823022382
31344,2,0,11.633401356474753,199.12,20.6881,0.0,10612.5,51049.9,47744.3,435.806,-368.428,-173.269,337538116788455.9,14.528322823022382
31345,2,0,10.950737147927047,138.962,119.634,0.00854733,9233.27,51017.3,47010.2,669.005,38.535,889.318,337538116788455.9,14.528322823022382
31346,2,0,11.214395614883912,142.713,28.3614,0.0316793,12028.3,50646.7,48125.1,310.741,-334.138,-555.87,337538116788455.9,14.528322823022382
31347,2,0,10.897414414717762,133.633,47.8757,0.0,9528.34,50842.7,46704.5,907.908,-272.179,-9.0169,337538116788455.9,14.528322823022382
31348,2,0,10.942254173232579,116.834,42.1398,0.0200782,10625.3,51396.3,48505.5,798.201,834.209,78.1453,337538116788455.9,14.528322823022382
31349,2,0,10.759699063309258,117.159,46.7379,0.0,11201.4,51606.1,48350.2,879.629,126.969,-160.816,337538116788455.9,14.528322823022382
31350,2,0,10.746707496401692,110.544,40.8465,0.0111308,11164.0,51436.0,46844.1,-882.659,-255.028,388.042,337538116788455.9,14.528322823022382
31351,2,0,10.749380473883319,123.606,35.9168,0.0,10492.2,50646.8,46797.2,876.002,-422.281,-673.749,337538116788455.9,14.528322823022382
52618,4,1,12.0800219015028,498.998,516.164,0.00452555,74659.3,18347.5,24016.4,93.146,305.905,152.788,253762749806244.47,14.40442787173464
52619,4,0,11.711510843487673,289.968,54.2978,0.00792958,237.977,18339.9,24043.3,-221.229,326.276,355.49,253762749806244.47,14.40442787173464
52620,4,0,11.622407386905273,257.612,36.2411,0.0190515,74593.6,18210.2,23785.7,860.681,-732.442,-657.817,253762749806244.47,14.40442787173464
52621,4,0,11.400688110361882,172.756,47.4695,0.0,74815.4,18735.8,24537.2,329.064,148.651,69.8158,253762749806244.47,14.40442787173464
52622,4,0,11.1821311530037,168.585,46.8589,0.0165555,73955.5,18154.8,24114.2,1175.14,387.347,-196.347,253762749806244.47,14.40442787173464
52623,4,0,11.266578721196923,169.58,28.5739,0.0,74837.5,18060.9,24161.5,-49.0256,1092.27,-101.749,253762749806244.47,14.40442787173464
52624,4,0,11.197994361720752,173.973,30.2597,0.0,167.446,18579.2,24140.5,-881.81,573.898,51.571,253762749806244.47,14.40442787173464
52625,4,0,10.850186990539779,123.869,70.7296,0.0149348,228.839,19170.9,23758.5,-283.641,-872.467,-397.233,253762749806244.47,14.40442787173464
52626,4,0,10.733664639835716,123.871,31.6332,0.0,74252.3,18829.8,24412.8,-62.7235,527.466,1148.7,253762749806244.47,14.40442787173464
52627,4,0,10.850698136553488,129.08,19.9304,0.0,74756.0,18766.1,24329.0,-165.135,-1069.2,-666.558,253762749806244.47,14.40442787173464
88663,9,1,12.315177359043263,526.121,413.721,0.00580338,40718.0,66889.9,43053.7,80.3424,98.7765,122.617,212519505300597.88,14.327398796295338
88664,9,0,11.308407176880602,189.202,39.6196,0.0,40209.3,66779.4,42711.5,-260.604,-135.382,181.537,212519505300597.88,14.327398796295338
88665,9,0,11.162085021917498,158.243,53.8973,0.0206949,40924.1,66607.4,43823.0,312.545,743.543,-813.831,212519505300597.88,14.327398796295338
88666,9,0,11.016233669757105,169.593,56.8599,0.0148555,41214.2,66485.7,43425.4,-137.064,681.393,-816.509,212519505300597.88,14.327398796295338
88667,9,0,10.95887932084188,126.852,65.2729,0.0208228,40231.2,65934.6,42084.9,479.965,612.983,697.937,212519505300597.88,14.327398796295338
88668,9,0,10.865047818371544,154.036,48.6538,0.0,40356.9,66309.9,43113.1,-613.998,41.4841,638.559,212519505300597.88,14.327398796295338
88669,9,0,11.217763615466847,188.297,24.4351,0.0,40516.8,67034.3,42868.2,-226.251,1186.14,-352.301,212519505300597.88,14.327398796295338
88670,9,0,10.723802634878085,112.785,48.4374,0.012381,41466.3,66708.4,42544.7,-696.243,578.547,618.802,212519505300597.88,14.327398796295338
88671,9,0,10.664160452627774,108.533,49.4998,0.0138555,42020.7,66117.0,42408.9,-720.932,477.897,449.173,212519505300597.88,14.327398796295338
88672,9,0,10.745405142355246,135.928,27.9796,0.0,40035.6,66738.0,42414.9,138.212,470.363,-46.1812,212519505300597.88,14.327398796295338
69507,6,1,12.347366031783904,496.921,408.586,0.00606713,43440.1,38187.4,70194.6,30.6298,-96.9748,-68.2743,208590059418364.34,14.319293607817173
69508,6,0,11.632419032540977,252.483,154.352,0.0100402,44695.9,37751.0,70842.8,-797.348,-139.768,-118.401,208590059418364.34,14.319293607817173
69509,6,0,11.39974165952906,200.602,19.2328,0.0221818,43106.5,38192.3,70103.8,388.257,-78.4233,191.344,208590059418364.34,14.319293607817173
69510,6,0,11.18830434429035,156.608,25.998,0.0,43433.5,37847.4,70489.4,-391.64,725.282,-697.341,208590059418364.34,14.319293607817173
69511,6,0,10.969286706141439,132.486,23.8503,0.0,43127.0,37649.8,70249.8,-521.683,-522.781,-251.988,208590059418364.34,14.319293607817173
69512,6,0,11.093708543171418,207.643,3.4359,0.0,43318.0,38168.1,70137.9,425.306,40.149,369.197,208590059418364.34,14.319293607817173
69513,6,0,10.587165919897267,97.931,43.7344,0.0312807,44522.9,36913.0,71124.8,-489.943,-25.1289,76.1033,208590059418364.34,14.319293607817173
69514,6,0,10.680622383289293,104.506,35.9291,0.0138247,44872.9,37751.8,71520.4,-713.263,-37.6388,-342.733,208590059418364.34,14.319293607817173
69515,6,0,10.602303548504793,110.164,27.1504,0.0,43061.1,38938.3,69327.0,500.366,288.794,-86.3277,208590059418364.34,14.319293607817173
69516,6,0,10.619276072933637,96.0082,31.8745,0.0,44184.9,37214.3,71170.9,416.975,5.5125,471.177,208590059418364.34,14.319293607817173
83280,8,1,12.321005578816319,491.438,394.652,0.00602107,23867.8,33076.1,41411.2,-149.867,322.279,168.557,207975664074033.06,14.318012519690214
83281,8,0,11.84549443738169,289.628,109.814,0.0148489,23228.0,32711.2,40827.3,574.307,123.031,910.046,207975664074033.06,14.318012519690214
83282,8,0,11.352669495952004,180.048,20.5032,0.0211189,23724.4,33545.2,41524.8,-276.341,178.862,307.983,207975664074033.06,14.318012519690214
83283,8,0,10.968205730937568,133.37,14.6146,0.0,23300.9,33291.2,41656.1,-26.3566,288.63,612.413,207975664074033.06,14.318012519690214
83284,8,0,10.401800293318239,88.4185,49.5439,0.0186262,24060.2,34130.8,42823.2,-987.167,34.2757,131.595,207975664074033.06,14.318012519690214
83285,8,0,10.329392173808708,89.3338,37.8737,0.0161241,23906.8,33661.7,42359.7,-1088.62,-22.3761,-129.007,207975664074033.06,14.318012519690214
83286,8,0,10.876644078262045,137.249,11.347,0.0,23800.6,32895.6,41474.6,-813.994,-329.968,-986.251,207975664074033.06,14.318012519690214
83287,8,0,10.811813183792262,127.76,13.6023,0.0,24334.5,33414.9,41580.3,-796.823,-203.061,433.859,207975664074033.06,14.318012519690214
83288,8,0,10.922647474905004,127.58,7.8038,0.0,23917.2,32754.3,41313.1,-238.866,1064.13,357.513,207975664074033.06,14.318012519690214
83289,8,0,10.621458098931184,97.6136,27.0766,0.0,24642.8,32913.3,42361.8,-440.728,691.959,275.84,207975664074033.06,14.318012519690214
60731,5,1,12.127390337654143,490.099,434.959,0.00473621,18832.8,68248.7,2399.82,21.8701,21.7809,-40.5656,203177446624963.1,14.307875498149604
60732,5,0,11.434965180292096,243.716,147.824,0.0105287,19095.3,66677.4,1441.3,-423.604,677.831,-205.629,203177446624963.1,14.307875498149604
60733,5,0,11.107462337188762,164.394,99.397,0.0103889,18619.8,70099.4,2950.71,69.3261,-548.262,-398.726,203177446624963.1,14.307875498149604
60734,5,0,11.648783375773501,256.477,32.2618,0.0,18606.1,68352.2,2408.15,572.549,-1009.1,51.0361,203177446624963.1,14.307875498149604
60735,5,0,10.969425680376835,140.296,100.772,0.0201259,18524.7,66452.1,2120.86,335.739,705.517,-419.096,203177446624963.1,14.307875498149604
60736,5,0,11.273296941280877,177.002,50.7401,0.0181103,18348.2,67978.6,2431.65,-370.133,-668.977,-865.005,203177446624963.1,14.307875498149604
60737,5,0,11.435459429617628,172.531,26.0875,0.0311916,18470.6,68148.8,2105.67,-107.034,256.74,312.22,203177446624963.1,14.307875498149604
60738,5,0,10.930558622040982,147.23,60.0338,0.0268242,19467.6,66674.9,1002.19,-670.63,480.477,93.1262,203177446624963.1,14.307875498149604
60739,5,0,11.027954187039743,131.537,72.0161,0.018028,17944.4,68739.4,3329.97,-23.5965,-634.619,-464.642,203177446624963.1,14.307875498149604
60740,5,0,10.8748398069369,132.804,58.1819,0.0131432,18778.0,69528.6,3179.81,446.345,-119.787,-808.09,203177446624963.1,14.307875498149604
41582,3,1,12.15370282266216,468.811,430.396,0.0142583,68543.1,59018.3,53992.0,155.116,69.8475,184.226,171004671469036.03,14.233007974517964
41583,3,0,11.9237645589222,396.159,256.259,0.0157368,67423.5,60173.2,54395.7,574.568,-438.2,-518.729,171004671469036.03,14.233007974517964
41584,3,0,11.513328896771291,233.541,183.098,0.00997479,66774.1,56646.9,54044.7,656.846,389.996,-293.636,171004671469036.03,14.233007974517964
41585,3,0,11.424740856709946,220.185,114.354,0.00825642,67864.9,57983.9,54203.4,692.548,559.522,-184.76,171004671469036.03,14.233007974517964
41586,3,0,11.824696603099643,275.388,36.8241,0.0131177,67664.0,60223.2,54451.6,1171.07,-403.404,-931.479,171004671469036.03,14.233007974517964
41587,3,0,11.135231273977322,173.463,92.4216,0.00878246,68486.7,60206.3,54089.0,-181.008,-651.56,-499.216,171004671469036.03,14.233007974517964
41588,3,0,11.00881508224165,134.058,76.5128,0.0160582,68367.8,59800.4,54575.7,-272.142,-972.913,-232.196,171004671469036.03,14.233007974517964
41589,3,0,10.959556800229759,124.997,38.4516,0.0113392,67470.4,56749.9,53708.0,607.145,535.763,-115.273,171004671469036.03,14.233007974517964
41590,3,0,11.138210833483752,159.79,10.6487,0.0102139,66712.6,56589.0,54044.7,653.195,180.819,-591.58,171004671469036.03,14.233007974517964
41591,3,0,10.975427059448513,128.78,21.9624,0.0,67969.8,59987.5,54004.3,-31.1715,-119.138,376.828,171004671469036.03,14.233007974517964
96500,10,1,12.24310765038993,477.033,389.128,0.00662774,58440.3,619.37,38193.2,58.7141,98.9214,87.2429,163114135850310.0,14.212491599640911
96501,10,0,11.18693082332117,174.605,103.476,0.0149301,59875.3,616.624,38424.1,-581.398,224.008,-168.652,163114135850310.0,14.212491599640911
96502,10,0,10.934146438277196,174.099,54.2524,0.00618633,59572.4,885.928,38284.6,-644.406,113.521,-380.423,163114135850310.0,14.212491599640911
96503,10,0,10.9189258963375,128.576,58.3111,0.0162145,59454.2,1460.57,38407.1,-378.673,-390.593,-337.897,163114135850310.0,14.212491599640911
96504,10,0,11.138055971863881,158.953,28.5778,0.0151222,58240.3,279.937,38347.1,-515.483,-111.169,991.592,163114135850310.0,14.212491599640911
96505,10,0,10.7376193764295,118.574,37.7076,0.0150912,59038.0,1201.27,38349.5,-254.961,-845.621,-148.87,163114135850310.0,14.212491599640911
96506,10,0,11.120231866025694,138.589,10.8969,0.0,58898.5,678.594,38302.2,478.794,509.771,172.932,163114135850310.0,14.212491599640911
96507,10,0,10.680899172195431,106.847,42.6505,0.0117011,59052.7,513.207,37460.7,-296.663,-755.167,2.3887,163114135850310.0,14.212491599640911
96508,10,0,10.939672504767556,118.128,24.9487,0.0207123,57580.0,36.5143,38081.2,305.715,445.334,100.314,163114135850310.0,14.212491599640911
96509,10,0,10.709020954847803,115.435,34.2513,0.0,57288.5,384.382,38407.1,-19.4784,-49.3365,196.182,163114135850310.0,14.212491599640911
102683,11,1,12.203161252662921,441.476,354.434,0.00679785,24088.5,36102.9,43269.2,-179.686,-108.71,-15.1939,131414706621826.1,14.118643969845591
102684,11,0,11.58379896934727,246.273,21.5164,0.0,24096.3,35903.9,43318.7,-166.282,-293.519,708.846,131414706621826.1,14.118643969845591
102685,11,0,10.945414937109172,119.971,35.9758,0.0240321,24145.6,36551.8,44113.6,-689.224,-74.7708,-319.006,131414706621826.1,14.118643969845591
102686,11,0,10.901423086538127,119.916,35.0144,0.0300984,23279.0,34832.9,42922.6,59.1443,-197.372,-192.691,131414706621826.1,14.118643969845591
102687,11,0,10.622445621159496,103.288,45.7037,0.0130896,23244.1,34769.7,43207.7,-652.251,313.347,192.737,131414706621826.1,14.118643969845591
102688,11,0,10.843744084990236,107.895,26.812,0.0187108,23936.1,34732.5,42731.5,-227.901,-146.637,144.957,131414706621826.1,14.118643969845591
102689,11,0,10.751210212254334,102.693,30.1493,0.0395591,23223.8,35352.7,43247.9,-153.031,-633.504,-301.416,131414706621826.1,14.118643969845591
102690,11,0,10.620944312423786,94.1677,24.2859,0.0171129,24055.5,37161.7,43787.1,-380.938,443.926,-363.832,131414706621826.1,14.118643969845591
102691,11,0,10.754234093022264,121.379,10.7418,0.0,24144.9,36282.2,43546.9,90.5924,-665.472,332.567,131414706621826.1,14.118643969845591
102692,11,0,10.561327477997676,131.808,13.9701,0.0,24180.8,35998.1,43139.5,1123.61,-872.485,137.999,131414706621826.1,14.118643969845591
118679,14,1,12.073684264163923,409.968,331.759,0.00547263,55535.1,7682.91,35531.9,182.18,-192.79,125.924,114381692062481.55,14.058356516830022
118680,14,0,10.784698767197634,149.214,22.62,0.0,56075.7,7841.08,35635.2,209.593,-496.59,55.0077,114381692062481.55,14.058356516830022
118681,14,0,10.958661486077432,125.306,9.579,0.0277957,55329.7,7314.33,35722.1,176.252,-43.5769,43.0446,114381692062481.55,14.058356516830022
118682,14,0,10.988965818004516,175.266,2.9147,0.0,55571.3,7759.28,35516.2,155.88,-506.997,227.4,114381692062481.55,14.058356516830022
118683,14,0,10.844139883714238,126.405,12.7995,0.0,55216.8,7409.07,35305.1,195.229,40.4757,219.566,114381692062481.55,14.058356516830022
118684,14,0,10.643936161215294,114.98,21.8364,0.0,56107.5,8360.15,35594.5,815.894,-193.037,361.013,114381692062481.55,14.058356516830022
118685,14,0,10.165817055857863,74.4781,37.0734,0.0202249,55787.2,8614.15,35222.1,-216.387,-426.495,721.072,114381692062481.55,14.058356516830022
118686,14,0,10.087350858093654,85.4271,22.4252,0.0156194,56069.7,7448.6,35528.0,256.656,-62.6945,-788.332,114381692062481.55,14.058356516830022
118687,14,0,10.377676780622823,81.909,16.8087,0.0385385,56107.5,8826.5,35438.3,-43.1072,-224.441,244.024,114381692062481.55,14.058356516830022
118688,14,0,10.104074219499736,75.8801,15.4813,0.040154,55382.2,8411.58,35637.9,868.044,107.327,121.802,114381692062481.55,14.058356516830022
121863,15,1,11.98123418684144,394.671,353.721,0.00496204,52325.4,70909.4,41840.8,-53.2823,88.4081,-47.5892,109236199531296.12,14.038366582063647
121864,15,0,11.342830474568157,181.387,43.4599,0.0163719,52353.2,71331.6,41420.5,4.0332,-130.606,-70.1528,109236199531296.12,14.038366582063647
121865,15,0,10.933682867505578,121.01,44.409,0.0157943,53089.8,70864.8,41178.7,560.626,105.241,12.5826,109236199531296.12,14.038366582063647
121866,15,0,10.919551336094171,123.831,26.451,0.0205337,52829.4,71150.9,41799.7,-138.316,128.1,384.771,109236199531296.12,14.038366582063647
121867,15,0,10.264627536027294,81.4859,37.5619,0.0116163,52491.8,70158.7,41206.4,-415.31,54.1852,491.523,109236199531296.12,14.038366582063647
121868,15,0,10.825275059416173,136.979,4.0723,0.0,52297.8,70844.8,41862.5,6.7706,1087.5,-747.51,109236199531296.12,14.038366582063647
121869,15,0,10.351024109679747,90.0242,21.8519,0.0197533,52423.0,70895.5,41515.7,-1061.34,626.348,163.6,109236199531296.12,14.038366582063647
121870,15,0,10.576326384819772,106.755,11.5105,0.0,52218.6,70517.6,41722.8,392.176,244.722,42.948,109236199531296.12,14.038366582063647
121871,15,0,10.135892874919783,86.4401,23.6875,0.0147267,52278.2,71200.6,42147.0,-1090.28,66.2414,-33.7402,109236199531296.12,14.038366582063647
121872,15,0,10.13889957823414,83.0422,16.059,0.0169272,52345.3,70560.6,41630.1,776.7,580.409,362.025,109236199531296.12,14.038366582063647
128393,17,1,12.119645744964224,392.043,298.91,0.0062182,43439.2,67877.4,44410.8,-222.394,5.3241,-387.127,105641558601823.14,14.023834800024265
128394,17,0,10.850491941176923,135.498,39.5664,0.0,43342.1,67398.0,44240.8,-943.269,-438.758,-614.266,105641558601823.14,14.023834800024265
128395,17,0,11.05666633431504,122.9,29.1275,0.0326631,43491.0,67426.1,45093.1,-123.571,348.69,-821.991,105641558601823.14,14.023834800024265
128396,17,0,10.939651877820255,131.478,17.0847,0.0,43720.9,67811.4,44531.5,-1036.4,-402.647,3.1955,105641558601823.14,14.023834800024265
128397,17,0,10.516352074520933,99.0689,41.0266,0.0,43865.4,68424.0,45033.1,354.52,-88.3821,-579.974,105641558601823.14,14.023834800024265
128398,17,0,10.961672564385196,136.825,8.648,0.0,43231.4,67939.6,44300.7,-550.019,-131.071,-250.344,105641558601823.14,14.023834800024265
128399,17,0,10.483681401880663,107.464,26.6587,0.0194481,42984.8,67495.2,44365.3,609.12,66.1364,-902.541,105641558601823.14,14.023834800024265
128400,17,0,10.615674888451455,95.5466,28.7477,0.0185196,42674.1,68318.1,44336.5,66.431,-255.485,-343.379,105641558601823.14,14.023834800024265
128401,17,0,10.707807702548195,117.394,13.3222,0.0,43898.9,67558.5,44535.5,-426.812,-53.9881,-773.582,105641558601823.14,14.023834800024265
128402,17,0,10.65322676064601,114.739,8.5239,0.0,42987.2,67699.9,44445.6,-507.865,-28.6186,-146.042,105641558601823.14,14.023834800024265
137885,20,1,11.928406285447197,372.185,354.286,0.00474528,70927.8,58946.0,40569.4,133.702,18.2013,172.967,95372046669711.39,13.9794211026284
137886,20,0,11.563003661856525,278.522,21.4543,0.0238308,70953.4,59057.1,40466.0,66.3292,-353.202,439.727,95372046669711.39,13.9794211026284
137887,20,0,10.568260633773194,101.581,33.6103,0.0130448,70795.5,58295.1,40417.8,424.93,448.179,288.13,95372046669711.39,13.9794211026284
137888,20,0,10.905642143717744,169.852,2.4004,0.00753827,70911.1,58920.5,40614.8,135.541,357.283,-36.9139,95372046669711.39,13.9794211026284
137889,20,0,10.646595874896246,110.796,15.9127,0.0,71056.0,58860.3,40368.8,655.037,-507.525,691.82,95372046669711.39,13.9794211026284
137890,20,0,10.269790673930249,81.7385,23.3803,0.0238989,71860.9,58438.1,40388.8,-121.086,303.752,403.924,95372046669711.39,13.9794211026284
137891,20,0,10.466148884361598,83.4982,15.7005,0.0,71564.3,58492.5,40388.0,594.312,-519.004,100.517,95372046669711.39,13.9794211026284
137892,20,0,10.359366007451632,82.4618,18.5624,0.0389764,71006.4,59337.0,40798.8,768.899,-130.587,568.784,95372046669711.39,13.9794211026284
137893,20,0,10.272934590496497,91.3931,12.0515,0.0261192,71049.7,59117.2,40287.9,-314.825,265.08,-846.643,95372046669711.39,13.9794211026284
137894,20,0,10.516545327238205,105.091,5.2232,0.0,70847.9,59010.8,40542.3,1023.87,-453.447,484.707,95372046669711.39,13.9794211026284
131047,18,1,11.906249603804431,359.607,403.409,0.00526357,65796.3,17979.3,26037.1,421.912,43.2878,188.752,94584763433717.16,13.975821181966204
131048,18,0,11.509848718737294,245.001,40.6944,0.0167205,66003.3,18309.6,25985.6,272.915,-106.925,219.854,94584763433717.16,13.975821181966204
131049,18,0,10.685461406134575,131.946,35.6203,0.0,65878.9,18653.3,25739.9,722.624,-74.5124,-106.523,94584763433717.16,13.975821181966204
131050,18,0,10.692924678964138,105.254,19.3939,0.0215725,65642.7,17654.9,26266.0,981.746,357.161,-565.257,94584763433717.16,13.975821181966204
131051,18,0,10.622684126900817,120.966,22.9811,0.0,65552.0,18070.0,26035.4,105.977,-558.234,684.209,94584763433717.16,13.975821181966204
131052,18,0,10.906037925188683,118.161,11.5891,0.0,65629.1,17808.8,25723.9,439.094,152.37,-177.636,94584763433717.16,13.975821181966204
131053,18,0,10.788615462879719,109.946,18.1521,0.0,66416.6,18324.6,25997.0,369.583,-85.7932,502.707,94584763433717.16,13.975821181966204
131054,18,0,10.528297521691847,94.6542,29.3221,0.0160248,65777.2,17754.1,25525.3,1033.97,419.288,313.599,94584763433717.16,13.975821181966204
131055,18,0,10.483340253515298,105.365,18.6983,0.00956606,65515.5,17583.5,26373.9,895.592,-115.779,457.039,94584763433717.16,13.975821181966204
131056,18,0,10.369723524643083,76.253,30.6768,0.0375352,64950.1,17823.5,25823.6,253.497,-268.615,399.336,94584763433717.16,13.975821181966204
134847,19,1,11.905071328722025,384.456,316.254,0.00547212,1110.28,51910.5,55187.8,49.311,123.08,-180.876,94420647881606.14,13.975066976082962
134848,19,0,11.167223119186334,157.429,12.8266,0.0,1193.14,51872.1,55123.9,249.93,-809.372,173.826,94420647881606.14,13.975066976082962
134849,19,0,10.816655138834125,123.237,30.4126,0.0,481.507,52057.8,55325.7,-649.096,-6.517,-478.255,94420647881606.14,13.975066976082962
134850,19,0,10.956418281800184,157.325,13.8959,0.0,935.666,52050.0,55100.2,-105.925,169.557,-234.954,94420647881606.14,13.975066976082962
134851,19,0,10.735376572258506,108.234,30.2388,0.0105292,864.247,51488.0,54695.7,-122.726,-296.373,-373.186,94420647881606.14,13.975066976082962
134852,19,0,10.833375444886158,124.601,16.3609,0.0144124,1122.67,51775.2,55099.4,-102.763,1455.31,-261.644,94420647881606.14,13.975066976082962
134853,19,0,10.696546232182204,119.549,20.2792,0.0,943.58,52145.6,55351.4,10.3091,356.326,70.2122,94420647881606.14,13.975066976082962
134854,19,0,10.748444399198949,112.045,16.1077,0.0,929.1,51695.9,55440.9,-168.169,-304.569,58.6693,94420647881606.14,13.975066976082962
134855,19,0,10.2465881247913,87.552,35.5393,0.0157952,360.277,52744.5,54651.8,419.887,-156.381,150.607,94420647881606.14,13.975066976082962
134856,19,0,10.80968990702604,130.433,10.7877,0.0,1033.88,51826.6,55267.4,396.541,-949.703,52.3385,94420647881606.14,13.975066976082962
76086,7,1,11.978676141118363,357.409,513.736,0.00512356,36772.0,937.533,70503.4,-220.565,-91.0321,24.5979,89359779234019.78,13.951142087171503
76087,7,0,11.956361574473053,333.948,172.149,0.00653741,38037.6,965.819,70656.0,-677.633,-11.9094,-69.5972,89359779234019.78,13.951142087171503
76088,7,0,11.733917896928872,252.274,204.293,0.0163271,34211.8,1062.63,70324.1,121.18,190.519,-162.859,89359779234019.78,13.951142087171503
76089,7,0,11.615098219667923,240.741,102.845,0.00878823,35845.3,251.11,70512.2,218.055,80.2481,53.8025,89359779234019.78,13.951142087171503
76090,7,0,10.882487396798536,154.859,70.1386,0.00951461,33542.8,936.098,70349.0,322.582,-242.359,546.825,89359779234019.78,13.951142087171503
76091,7,0,10.9325461093085,120.196,58.8159,0.0,33988.2,248.568,70612.9,437.514,-328.235,-189.676,89359779234019.78,13.951142087171503
76092,7,0,10.809818073618331,109.775,61.5892,0.0137285,33097.0,975.526,71000.3,238.879,421.683,-246.127,89359779234019.78,13.951142087171503
76093,7,0,10.798516489031813,131.073,30.354,0.0200837,37089.0,764.536,70309.2,-480.447,-755.279,882.331,89359779234019.78,13.951142087171503
76094,7,0,10.962858604143614,127.396,25.2833,0.0,37329.8,885.773,70682.7,-444.387,392.867,-302.68,89359779234019.78,13.951142087171503
76095,7,0,10.83851074510559,122.292,29.3276,0.0,38445.0,735.94,70986.9,-97.5915,-518.769,-146.109,89359779234019.78,13.951142087171503
108012,12,1,11.774460931484962,405.736,527.894,0.0135595,18199.2,724.18,9034.85,31.3151,90.6842,-106.207,85385599465788.31,13.93138463181431
108013,12,0,11.556190290325643,219.439,87.2712,0.0211647,18169.0,1559.69,9149.37,-523.161,-666.16,80.4505,85385599465788.31,13.93138463181431
108014,12,0,11.530769334716235,237.054,55.749,0.0099237,18263.1,1017.4,8836.84,423.367,-254.205,-334.668,85385599465788.31,13.93138463181431
108015,12,0,11.231902205931036,192.976,57.1402,0.0111405,18365.6,1660.09,8873.76,309.802,-395.714,-116.976,85385599465788.31,13.93138463181431
108016,12,0,10.901496288180216,153.15,85.595,0.0112861,17887.0,1200.58,8161.99,207.404,755.559,134.938,85385599465788.31,13.93138463181431
108017,12,0,10.990582516792271,163.294,35.7349,0.0154493,18398.1,1273.24,8743.75,-179.882,489.347,706.425,85385599465788.31,13.93138463181431
108018,12,0,11.168537671256445,182.186,18.7655,0.0091572,18299.1,1455.83,9190.9,-322.852,-430.599,-92.2602,85385599465788.31,13.93138463181431
108019,12,0,11.16735789348804,181.29,12.8568,0.0140638,18299.1,741.583,9094.64,535.0,94.9334,361.087,85385599465788.31,13.93138463181431
108020,12,0,11.01294925059062,148.944,14.6871,0.0,18473.6,985.775,8921.76,245.958,-359.125,-338.715,85385599465788.31,13.93138463181431
108021,12,0,10.436249060438785,101.979,48.7362,0.0,19005.2,1058.73,8756.66,253.391,494.164,77.1122,85385599465788.31,13.93138463181431
154493,26,1,11.939233233809857,370.024,306.127,0.00477687,52750.0,71132.8,16897.3,-45.6007,39.484,147.214,80054705664581.48,13.903386865101002
154494,26,0,11.503326980415995,265.665,43.1895,0.0181574,52800.6,71409.7,16810.0,69.4238,-223.508,931.345,80054705664581.48,13.903386865101002
154495,26,0,10.747776828883351,104.821,32.0361,0.035079,52966.5,71724.6,17772.8,-118.989,-179.924,356.988,80054705664581.48,13.903386865101002
154496,26,0,10.545655117782045,101.281,25.2248,0.0260562,52819.3,70694.9,17129.1,556.366,-385.316,-66.5075,80054705664581.48,13.903386865101002
154497,26,0,10.530627656890061,101.32,9.3766,0.0259317,52768.9,71602.8,16692.2,-77.5847,-126.541,558.992,80054705664581.48,13.903386865101002
154498,26,0,10.239728281757161,81.4694,27.787,0.0281096,52341.9,71319.5,17376.4,-362.535,402.398,76.2743,80054705664581.48,13.903386865101002
154499,26,0,10.447245031728993,99.4368,5.3231,0.0,52661.3,71262.7,17242.8,26.2821,127.734,-493.421,80054705664581.48,13.903386865101002
154500,26,0,10.428586213809526,86.2925,7.096,0.022672,52850.0,71454.2,16945.0,-192.68,240.794,742.396,80054705664581.48,13.903386865101002
154501,26,0,10.140681602412782,73.1089,9.6543,0.0506558,52563.4,71236.1,16735.2,157.938,-636.287,-315.517,80054705664581.48,13.903386865101002
154502,26,0,9.927967572789337,71.0866,13.6573,0.0297419,52772.2,71573.1,17001.9,462.789,-250.929,163.387,80054705664581.48,13.903386865101002
156809,27,1,11.957794705206888,378.273,271.534,0.00610221,23403.8,68344.6,73679.8,-225.896,-10.5625,79.0964,79895044759835.4,13.9025198443929
156810,27,0,11.154408787252994,169.521,31.1213,0.0102883,23531.8,68487.7,73889.1,-134.398,777.303,-449.237,79895044759835.4,13.9025198443929
156811,27,0,10.975003505817847,159.852,13.5801,0.0,23534.7,68365.9,73861.9,-106.457,538.616,-395.737,79895044759835.4,13.9025198443929
156812,27,0,10.921915222021289,133.284,12.208,0.0,23400.1,68125.2,73454.9,-258.733,-356.207,330.81,79895044759835.4,13.9025198443929
156813,27,0,10.695457892366356,127.159,7.3215,0.0,23517.7,68465.1,73651.2,696.484,-26.5709,-163.136,79895044759835.4,13.9025198443929
156814,27,0,10.60926695245717,97.4978,14.6569,0.0,23001.2,68319.1,73759.5,-424.565,-235.763,522.286,79895044759835.4,13.9025198443929
156815,27,0,10.290123372710765,87.7197,12.8072,0.0239397,23306.2,68452.5,74057.5,502.23,239.684,-305.684,79895044759835.4,13.9025198443929
156816,27,0,10.518360432581872,100.849,5.3895,0.0484518,23454.8,68682.3,73561.9,-324.259,-383.181,240.516,79895044759835.4,13.9025198443929
156817,27,0,10.563609990878337,113.132,1.6593,0.0,23507.6,68504.8,73624.2,-400.118,-241.392,193.094,79895044759835.4,13.9025198443929
156818,27,0,9.506777772136566,63.2271,19.6055,0.00844113,23778.7,68840.3,73872.0,-351.729,-694.11,-362.884,79895044759835.4,13.9025198443929
143884,22,1,12.189217617543786,375.163,276.746,0.00902029,39278.4,21708.8,47328.6,-154.975,14.6155,-9.5136,75892846845475.34,13.880200844117665
143885,22,0,10.95259956399457,154.762,54.7222,0.00969631,39915.8,21178.0,46921.2,-662.278,-68.1121,410.86,75892846845475.34,13.880200844117665
143886,22,0,10.713023030617537,110.531,66.299,0.0129324,38484.3,22597.5,47866.5,-21.7721,-519.363,42.3895,75892846845475.34,13.880200844117665
143887,22,0,10.309005569615824,86.4233,44.9746,0.0250911,38630.1,21633.8,48280.9,-11.4854,-128.154,-573.857,75892846845475.34,13.880200844117665
143888,22,0,10.420335378900488,92.7429,22.2229,0.0231266,39617.6,21740.0,47047.4,652.21,156.354,-85.9583,75892846845475.34,13.880200844117665
143889,22,0,10.73597515877707,126.6,3.6912,0.0,39265.3,21735.1,47230.8,90.2286,-86.3526,780.318,75892846845475.34,13.880200844117665
143890,22,0,10.658005760403434,106.417,6.9941,0.0,39428.9,22072.7,47240.6,-368.091,-487.465,192.036,75892846845475.34,13.880200844117665
143891,22,0,10.40716074299904,95.7894,10.7842,0.0290389,39688.6,21089.6,47319.0,-180.919,471.523,98.9076,75892846845475.34,13.880200844117665
143892,22,0,9.754346981230677,64.9729,30.7857,0.0139195,40104.2,21449.7,46806.0,-371.497,433.835,563.623,75892846845475.34,13.880200844117665
143893,22,0,10.345908584063137,86.1054,5.9465,0.0,39685.3,21768.2,47091.0,130.959,22.5466,-194.644,75892846845475.34,13.880200844117665
163675,30,1,11.90936586246144,344.033,280.772,0.00478127,6643.74,29606.7,4798.87,-106.275,-2.362,28.3221,70539996966803.22,13.84843543665695
163676,30,0,11.001557049683143,146.161,59.5377,0.014832,6442.31,30007.9,4196.21,-245.353,-176.367,622.791,70539996966803.22,13.84843543665695
163677,30,0,10.84433260166432,132.323,34.0343,0.0247077,6203.96,29348.2,4616.13,19.0322,218.984,392.751,70539996966803.22,13.84843543665695
163678,30,0,10.050161503791596,71.4515,24.8382,0.0264554,6549.94,29739.5,3837.63,-494.147,26.4272,-44.1847,70539996966803.22,13.84843543665695
163679,30,0,10.018332128528439,76.0407,20.9382,0.0239403,6971.57,29381.8,4101.58,-602.517,-128.596,123.365,70539996966803.22,13.84843543665695
163680,30,0,10.413966116115198,97.5995,9.5645,0.0,6612.24,29639.7,5161.15,-355.116,362.012,-329.955,70539996966803.22,13.84843543665695
163681,30,0,10.318475551843566,80.1877,16.4068,0.0,6586.39,29732.5,5370.12,39.1181,44.5824,516.148,70539996966803.22,13.84843543665695
163682,30,0,10.075319007770732,71.999,22.8055,0.0359153,6586.26,29526.9,4159.05,-356.303,452.998,350.08,70539996966803.22,13.84843543665695
163683,30,0,10.19088560310884,76.8628,17.5494,0.0375632,6753.15,29570.2,5159.56,577.747,-231.964,-64.4833,70539996966803.22,13.84843543665695
163684,30,0,10.198128450257386,78.6827,12.0625,0.0,6384.68,29977.0,5337.35,44.9799,-68.7975,-135.242,70539996966803.22,13.84843543665695
149169,24,1,11.880600114449377,342.254,326.391,0.00657091,15055.1,60238.1,71609.2,132.885,-51.6104,-139.227,66755586617950.99,13.824487616640699
149170,24,0,11.455038277611958,190.031,15.8019,0.0215242,14961.0,60166.0,71531.2,692.997,464.292,343.232,66755586617950.99,13.824487616640699
149171,24,0,11.400382206332399,221.201,12.3317,0.0200236,15043.8,60175.6,71655.5,2.3357,-746.416,-432.087,66755586617950.99,13.824487616640699
149172,24,0,11.060963127117022,135.432,23.2113,0.0176299,15265.3,60111.7,71698.0,-233.732,-306.76,-463.027,66755586617950.99,13.824487616640699
149173,24,0,10.877463507675142,117.021,23.3914,0.0333256,15520.9,60008.5,72014.7,-97.9402,-76.4897,-283.311,66755586617950.99,13.824487616640699
149174,24,0,10.651851208728358,109.156,29.4272,0.021022,14983.1,60132.0,71116.6,176.628,730.214,210.474,66755586617950.99,13.824487616640699
149175,24,0,10.433091346696555,95.5442,31.9651,0.0178129,14648.8,60654.5,71762.4,101.879,-77.1245,-994.887,66755586617950.99,13.824487616640699
149176,24,0,10.75918813381546,131.26,12.1475,0.0,15149.6,60152.1,71559.8,-465.11,-37.3315,659.235,66755586617950.99,13.824487616640699
149177,24,0,10.138270524422545,86.1353,31.0668,0.0200322,15300.8,59656.0,72172.1,-285.433,-620.076,-200.644,66755586617950.99,13.824487616640699
149178,24,0,10.268904488540375,80.9251,37.981,0.0303982,15529.9,60140.9,71307.2,15.9747,727.529,-337.796,66755586617950.99,13.824487616640699
170540,33,1,11.884852367200345,330.758,305.024,0.007262,5330.92,21158.2,19787.7,-343.819,114.492,283.86,66196787867674.195,13.820836916249528
170541,33,0,11.445108488906769,228.924,58.9639,0.00865174,4939.78,21165.7,19581.4,-273.086,697.916,66.6101,66196787867674.195,13.820836916249528
170542,33,0,10.846848428183307,135.924,40.5141,0.0139016,5196.88,20989.2,19233.4,-601.568,368.401,-308.318,66196787867674.195,13.820836916249528
170543,33,0,10.989111784536627,151.904,13.7285,0.0144516,4902.18,21170.8,19478.1,-588.808,669.309,428.77,66196787867674.195,13.820836916249528
170544,33,0,10.55412794409173,99.8307,21.9236,0.0295948,5275.55,21536.1,19509.8,-901.634,71.6745,368.533,66196787867674.195,13.820836916249528
170545,33,0,10.760222755431823,125.494,5.774,0.0,5356.95,21070.3,19859.2,-693.013,227.185,164.093,66196787867674.195,13.820836916249528
170546,33,0,10.695624612317474,113.643,9.3112,0.0140701,4966.71,21036.8,19676.1,-72.3465,-40.9268,625.115,66196787867674.195,13.820836916249528
170547,33,0,10.539327285764516,99.6402,12.0958,0.0,5626.74,21040.4,19701.9,38.4503,337.801,206.296,66196787867674.195,13.820836916249528
170548,33,0,10.034009865606862,79.9271,19.5771,0.0186996,5550.1,20920.1,20090.8,-979.009,635.359,56.6983,66196787867674.195,13.820836916249528
170549,33,0,10.288004593621892,80.9578,17.2058,0.0,5101.6,21402.8,19342.2,-607.621,120.431,-2.8785,66196787867674.195,13.820836916249528
158847,28,1,11.7658959112802,321.803,337.81,0.0093916,19190.1,23513.4,52468.9,38.7397,163.717,-15.3642,64874579331358.875,13.812074554753826
158848,28,0,10.955267091411216,144.655,26.0424,0.0113059,19248.2,23904.0,52791.4,20.2302,58.711,-8.5987,64874579331358.875,13.812074554753826
158849,28,0,10.7228728196111,129.152,22.6146,0.0194771,18894.9,23350.6,52306.3,169.58,522.776,373.765,64874579331358.875,13.812074554753826
158850,28,0,10.917628909499046,157.408,3.8612,0.0,19182.3,23543.5,52493.0,-449.195,-247.072,-541.472,64874579331358.875,13.812074554753826
158851,28,0,9.979608450319029,81.0861,37.2405,0.0129129,18995.4,24209.2,52801.5,467.384,-375.203,65.8344,64874579331358.875,13.812074554753826
158852,28,0,10.704838731464864,116.315,12.6521,0.0,18934.8,23465.9,52258.4,681.385,39.8107,-395.504,64874579331358.875,13.812074554753826
158853,28,0,10.429259601659473,93.546,20.1862,0.0201539,18909.2,23475.6,52970.1,-160.157,-71.0385,-403.249,64874579331358.875,13.812074554753826
158854,28,0,10.471511715328482,88.5006,14.2512,0.0356033,18659.2,23459.6,52543.1,288.904,64.0736,-183.029,64874579331358.875,13.812074554753826
158855,28,0,10.651402213178313,106.552,4.7455,0.0,19188.6,23510.7,52361.5,-209.88,-56.1335,-260.453,64874579331358.875,13.812074554753826
158856,28,0,9.396074194859,63.4395,42.4609,0.0147839,19400.6,23891.2,53424.4,-38.8167,71.4811,-634.673,64874579331358.875,13.812074554753826
175238,35,1,11.721129058292298,333.701,277.916,0.00877649,29228.9,1823.76,72988.0,-162.913,19.1086,-214.214,63478818656351.49,13.802628835918323
175239,35,0,11.40642451206726,204.371,44.1378,0.00779917,29190.3,2110.6,73159.3,153.57,-642.203,167.075,63478818656351.49,13.802628835918323
175240,35,0,11.347737547359868,183.533,38.9493,0.0189908,29157.4,1856.96,72737.4,445.559,-28.3616,-209.673,63478818656351.49,13.802628835918323
175241,35,0,10.606853061821946,106.478,44.8332,0.0103718,29951.9,894.527,72456.0,-202.903,-206.005,258.204,63478818656351.49,13.802628835918323
175242,35,0,10.462010942898212,101.141,37.0613,0.0126543,29840.7,1236.57,72638.6,-354.443,-225.324,238.484,63478818656351.49,13.802628835918323
175243,35,0,10.938138283536565,139.356,11.113,0.0,28983.1,1845.25,72734.9,408.349,10.2503,-224.636,63478818656351.49,13.802628835918323
175244,35,0,10.704517295244795,107.646,30.4893,0.00903585,29968.0,1405.87,72503.0,-496.297,238.235,-112.81,63478818656351.49,13.802628835918323
175245,35,0,10.457278780955344,107.193,21.2388,0.0084659,29461.4,2127.59,73313.0,-259.242,-448.988,512.809,63478818656351.49,13.802628835918323
175246,35,0,10.72035464832612,123.236,7.4559,0.0188263,29325.5,1760.63,72984.0,-125.464,287.37,-792.688,63478818656351.49,13.802628835918323
175247,35,0,10.029800006377869,75.6704,27.0193,0.0193931,29450.0,2417.02,73105.9,469.659,-548.467,-63.024,63478818656351.49,13.802628835918323
186927,40,1,11.900455021707625,346.825,255.829,0.0168009,9427.31,30690.5,74279.7,-142.476,36.6508,157.165,63295767248855.92,13.801374668596685
186928,40,0,10.827998678686395,147.714,28.45,0.00660887,9296.44,31052.4,74314.1,-355.532,-865.732,-137.939,63295767248855.92,13.801374668596685
186929,40,0,10.94554504755231,150.347,22.6245,0.0249966,9314.56,30344.1,74107.1,316.311,429.764,123.318,63295767248855.92,13.801374668596685
186930,40,0,10.508302036958153,99.221,35.0054,0.0245039,10016.2,31055.1,73960.9,-348.261,269.008,656.359,63295767248855.92,13.801374668596685
186931,40,0,10.89251113068469,145.353,6.5621,0.0,9376.67,30632.6,74254.8,159.866,-962.996,-314.699,63295767248855.92,13.801374668596685
186932,40,0,10.384003951980961,87.8276,24.478,0.0252674,9376.96,30793.4,73473.3,-495.325,234.693,205.836,63295767248855.92,13.801374668596685
186933,40,0,10.100430073580789,91.0435,21.1549,0.0156778,9290.39,30596.4,73912.0,670.206,210.975,168.3,63295767248855.92,13.801374668596685
186934,40,0,10.572750561135278,100.472,4.0886,0.0,9668.48,30846.6,74267.5,-164.453,133.993,162.44,63295767248855.92,13.801374668596685
186935,40,0,10.406806603354989,92.2155,7.4299,0.0,9465.18,30859.1,74828.4,2.8076,130.629,89.6656,63295767248855.92,13.801374668596685
186936,40,0,9.6601577101741,58.5013,19.0364,0.0121769,9326.54,31367.8,74467.1,-418.356,-511.601,-407.835,63295767248855.92,13.801374668596685
125027,16,1,11.932472716115637,319.681,298.711,0.0131619,70313.4,59598.2,55633.3,-172.098,-432.285,-460.566,63123931749612.49,13.800194041595246
125028,16,0,11.971051535917237,271.786,261.227,0.0168134,71736.1,57894.9,55437.7,-288.002,25.356,-196.095,63123931749612.49,13.800194041595246
125029,16,0,11.251160620074675,198.626,54.1631,0.00858767,69910.8,59770.2,55420.6,-495.352,-741.036,-245.291,63123931749612.49,13.800194041595246
125030,16,0,11.273549724069136,160.356,45.1184,0.0184589,71121.0,58365.5,55579.3,-324.135,-47.3077,98.586,63123931749612.49,13.800194041595246
125031,16,0,11.046225960412096,157.036,29.865,0.0166963,70166.4,59435.4,55463.6,-239.217,-1248.93,134.93,63123931749612.49,13.800194041595246
125032,16,0,10.847848872019805,120.527,25.2684,0.0100164,71270.6,58347.5,55409.3,-415.277,-121.402,-505.079,63123931749612.49,13.800194041595246
125033,16,0,10.486160350645207,105.981,25.4208,0.0224575,70304.8,59683.6,56054.0,-532.246,-118.259,-1009.93,63123931749612.49,13.800194041595246
125034,16,0,10.588363522021673,112.541,24.4367,0.0,69963.1,59164.2,55305.5,-550.883,-349.893,-214.122,63123931749612.49,13.800194041595246
125035,16,0,10.450799394969593,86.411,42.3625,0.0,71754.2,58548.8,56038.6,-118.523,326.023,-48.0409,63123931749612.49,13.800194041595246
125036,16,0,10.745172332293558,130.375,8.5138,0.0,71716.2,57822.6,55486.4,415.711,210.264,-185.297,63123931749612.49,13.800194041595246
140721,21,1,11.876766708117527,326.167,322.874,0.00613391,13502.1,53243.8,68550.1,74.8115,-31.639,-180.167,62945479152826.984,13.798964543824571
140722,21,0,11.32685026640777,229.373,148.259,0.00620502,12840.4,51955.8,68697.8,245.276,449.233,-235.514,62945479152826.984,13.798964543824571
140723,21,0,10.925558875295678,142.115,17.1871,0.0,13431.1,52914.8,68545.7,130.957,-336.691,-340.009,62945479152826.984,13.798964543824571
140724,21,0,10.706336469959464,137.556,24.5225,0.0270483,12996.0,52189.1,68647.4,99.403,158.571,-349.428,62945479152826.984,13.798964543824571
140725,21,0,10.627491945321784,98.984,23.8367,0.0198844,13995.0,53875.5,68664.1,-27.6474,367.076,-402.196,62945479152826.984,13.798964543824571
140726,21,0,10.271591943805321,88.5052,31.8067,0.0282523,12430.4,51629.7,69040.6,681.105,189.779,-364.647,62945479152826.984,13.798964543824571
140727,21,0,10.926810424469881,144.784,3.2753,0.0,13574.9,53385.6,68564.6,-178.629,-329.287,-236.48,62945479152826.984,13.798964543824571
140728,21,0,10.418979076575123,92.2295,29.6185,0.0372602,12320.7,51800.8,69133.0,-111.417,226.254,-130.375,62945479152826.984,13.798964543824571
140729,21,0,10.674314286099179,109.768,10.3872,0.0,12926.0,51955.5,68847.4,377.466,425.86,-341.228,62945479152826.984,13.798964543824571
140730,21,0,10.15959667308333,85.7016,29.5663,0.0218438,13822.3,53737.2,68551.1,-15.96,-734.546,352.433,62945479152826.984,13.798964543824571
152031,25,1,11.890081100622714,326.178,334.18,0.00666995,38334.3,71465.4,37599.5,173.631,-16.1737,342.563,62604467968058.016,13.796605329131026
152032,25,0,11.408126251855029,225.514,60.7604,0.00529172,38530.9,71946.6,37573.8,-94.0866,-561.307,-190.202,62604467968058.016,13.796605329131026
152033,25,0,11.269294357020598,181.613,76.6089,0.0119159,38346.8,70775.2,37751.0,22.0111,489.836,79.2554,62604467968058.016,13.796605329131026
152034,25,0,10.850029454420683,125.762,60.2228,0.012837,38249.6,70024.5,38042.4,218.541,359.846,300.666,62604467968058.016,13.796605329131026
152035,25,0,11.175184196638115,146.413,16.7524,0.00928424,38330.4,71631.8,37402.2,188.133,-175.93,253.208,62604467968058.016,13.796605329131026
152036,25,0,10.749042393956918,113.257,46.207,0.0129552,38755.2,71690.9,37215.1,-537.237,-182.236,690.975,62604467968058.016,13.796605329131026
152037,25,0,10.840315612226274,137.142,18.519,0.0257627,38222.9,70713.6,37599.6,242.811,296.47,716.761,62604467968058.016,13.796605329131026
152038,25,0,10.379018190392935,100.337,25.278,0.0160918,38849.8,71594.1,37042.7,-457.147,156.532,796.706,62604467968058.016,13.796605329131026
152039,25,0,10.729913631779825,120.508,5.9911,0.0,38311.3,71776.4,37409.7,180.081,1.5088,71.9092,62604467968058.016,13.796605329131026
152040,25,0,10.717954369738601,139.273,2.2667,0.0,38359.0,71451.7,37599.6,270.647,933.005,536.644,62604467968058.016,13.796605329131026
168390,32,1,11.991675934815804,333.471,285.175,0.00603443,53401.2,69094.9,26647.8,8.384,30.7614,173.639,61449842112304.4,13.788520771358469
168391,32,0,10.856251042463905,147.54,78.454,0.00687418,52329.2,68883.5,26283.8,316.488,486.69,232.276,61449842112304.4,13.788520771358469
168392,32,0,10.830863401467681,114.163,55.9623,0.0206941,52219.0,69525.6,27192.1,387.589,-153.141,-86.1998,61449842112304.4,13.788520771358469
168393,32,0,10.876782885860193,156.372,4.553,0.0,53334.6,69070.5,26524.2,-14.6487,-32.8435,24.5173,61449842112304.4,13.788520771358469
168394,32,0,10.599331487876718,97.7879,19.6819,0.0205855,52825.0,69517.7,26979.9,-237.086,166.452,145.233,61449842112304.4,13.788520771358469
168395,32,0,9.467197463837275,62.867,29.484,0.0120194,52180.6,68312.7,26291.6,313.16,225.926,519.761,61449842112304.4,13.788520771358469
168396,32,0,10.558193243899774,111.663,1.9415,0.0,53545.2,69013.8,26614.0,188.586,-115.837,-99.7017,61449842112304.4,13.788520771358469
168397,32,0,10.168048990180255,77.8767,14.2613,0.0306957,53769.0,68766.6,26387.6,-19.92,412.087,400.213,61449842112304.4,13.788520771358469
168398,32,0,10.316224860424413,83.2705,9.8635,0.0,52973.3,68816.0,26583.0,-257.289,-287.934,236.305,61449842112304.4,13.788520771358469
168399,32,0,9.853102837602387,76.2981,14.6633,0.013162,53449.4,69324.3,26614.0,-312.709,-150.618,1127.0,61449842112304.4,13.788520771358469
179886,37,1,11.768002195648911,323.297,309.506,0.015305,29883.1,41393.6,53356.1,-398.637,19.9679,-263.862,57919260165245.79,13.762823005740827
179887,37,0,11.272654073854348,180.128,46.5263,0.0114852,29850.9,41840.0,53602.3,-356.767,-687.362,-94.2514,57919260165245.79,13.762823005740827
179888,37,0,11.100747420986051,157.677,23.5095,0.0088495,30018.0,41624.8,53624.8,-526.016,331.093,34.3113,57919260165245.79,13.762823005740827
179889,37,0,10.98730809281509,133.072,26.313,0.0195278,30152.7,41697.8,53863.2,-807.211,-0.058,-99.859,57919260165245.79,13.762823005740827
179890,37,0,10.779689347837701,106.377,40.291,0.0262471,30009.1,42587.2,53716.3,-146.09,-477.553,58.7236,57919260165245.79,13.762823005740827
179891,37,0,10.721623470134993,117.123,17.1042,0.0,30052.2,41144.5,53187.9,-337.022,77.2022,-665.909,57919260165245.79,13.762823005740827
179892,37,0,10.268869970042411,88.6504,32.4614,0.0174557,29394.6,41664.0,53097.0,-367.923,-492.46,219.161,57919260165245.79,13.762823005740827
179893,37,0,10.231074505124177,86.7533,24.8987,0.0218298,30286.4,41540.5,53408.4,-1098.93,142.002,-618.206,57919260165245.79,13.762823005740827
179894,37,0,10.407542187385339,81.2613,18.2074,0.0242774,29370.6,40940.4,52771.2,-258.638,-96.1254,-401.202,57919260165245.79,13.762823005740827
179895,37,0,10.362181957249156,91.7883,14.1812,0.0253309,29738.8,41552.7,53343.0,-769.213,-534.155,-598.41,57919260165245.79,13.762823005740827
200803,47,1,11.59912660116547,342.214,243.633,0.00512204,8755.94,38533.5,26149.3,-14.3709,-67.7852,84.5284,57765978488522.29,13.761672134184371
200804,47,0,11.325246406596102,215.601,33.4176,0.0111392,8892.63,38431.4,26393.6,190.127,189.048,573.909,57765978488522.29,13.761672134184371
200805,47,0,10.718975589102069,113.313,28.8407,0.009765,8814.21,39014.8,26660.4,-112.121,-302.989,195.454,57765978488522.29,13.761672134184371
200806,47,0,10.889569649227134,131.549,11.4898,0.0,8696.59,38440.6,26161.7,-982.89,224.221,245.896,57765978488522.29,13.761672134184371
200807,47,0,10.656154526315891,109.015,21.7339,0.0241447,8371.56,38594.7,26072.2,289.304,48.4571,407.924,57765978488522.29,13.761672134184371
200808,47,0,10.625297562144807,107.556,16.5607,0.014429,8573.84,38552.6,26064.7,-25.9973,-721.607,-272.073,57765978488522.29,13.761672134184371
200809,47,0,10.567953869255607,117.891,13.854,0.0,8512.79,38456.1,26034.6,-695.106,-93.5057,417.674,57765978488522.29,13.761672134184371
200810,47,0,10.6332760770684,103.429,11.1821,0.00916107,8947.77,38464.7,26211.8,-243.428,2.1964,-26.1835,57765978488522.29,13.761672134184371
200811,47,0,10.223350217946777,79.9258,19.8742,0.0268187,8724.49,39226.7,26438.7,-64.2431,-226.668,197.619,57765978488522.29,13.761672134184371
200812,47,0,10.403494895306572,97.9588,5.5983,0.0,8847.74,38705.4,26289.3,-85.7389,-359.052,-353.714,57765978488522.29,13.761672134184371
184828,39,1,11.878647796251444,320.017,318.244,0.00553094,29238.9,61258.9,31244.1,-20.9629,-78.0457,172.314,56774505894550.86,13.754153363266871
184829,39,0,10.762170464387694,119.211,53.8624,0.0146265,29445.8,60636.1,31102.3,-191.102,538.547,99.3995,56774505894550.86,13.754153363266871
184830,39,0,11.272167872160313,187.851,4.8042,0.0285187,29213.1,61256.6,31202.2,162.601,-77.8079,430.702,56774505894550.86,13.754153363266871
184831,39,0,10.712418041574802,105.16,25.7299,0.0,29270.6,61551.2,31797.9,-87.5443,323.362,634.854,56774505894550.86,13.754153363266871
184832,39,0,10.50454650602387,106.258,15.16,0.0181905,29556.8,60636.7,31167.0,-229.32,431.635,190.441,56774505894550.86,13.754153363266871
184833,39,0,10.352458824021731,87.4568,20.0675,0.0319543,28752.3,61175.8,30775.4,-284.064,387.285,199.002,56774505894550.86,13.754153363266871
184834,39,0,10.629407492131472,105.089,4.6269,0.0649882,29396.6,61440.2,31565.9,-148.258,-224.158,-16.3333,56774505894550.86,13.754153363266871
184835,39,0,10.433741260062911,92.1269,10.7861,0.0,28900.7,61338.1,31146.1,-82.0962,-136.985,-259.016,56774505894550.86,13.754153363266871
184836,39,0,10.431397006130227,92.3458,8.4052,0.0462305,29260.4,61139.8,30994.5,-183.137,101.385,451.949,56774505894550.86,13.754153363266871
184837,39,0,10.558062010853622,105.998,1.8991,0.0,29274.5,61254.6,31321.4,299.455,83.3863,607.696,56774505894550.86,13.754153363266871
161162,29,1,11.883769532079778,307.032,326.425,0.00833568,8371.49,11863.1,34595.3,4.9225,6.1793,-228.807,56251784021396.15,13.75013630062094
161163,29,0,11.218957958036105,198.2,70.0709,0.00569348,8625.41,11681.5,34035.0,-295.381,-213.749,362.907,56251784021396.15,13.75013630062094
161164,29,0,11.128870026570251,142.172,8.7336,0.00817142,8301.39,11737.2,34774.5,-53.4733,-25.243,-162.275,56251784021396.15,13.75013630062094
161165,29,0,10.845584102995069,121.433,15.2387,0.0156225,8476.31,12033.6,34627.3,246.249,-412.208,-417.626,56251784021396.15,13.75013630062094
161166,29,0,10.708209567791759,100.77,20.9293,0.0,8562.18,12274.2,34148.7,49.1271,-48.3114,20.5601,56251784021396.15,13.75013630062094
161167,29,0,10.711630418303262,122.725,6.6059,0.0,8349.86,11894.4,34675.4,237.908,-226.901,-1001.83,56251784021396.15,13.75013630062094
161168,29,0,10.619314583845245,98.7943,11.9275,0.0,8480.25,11520.0,34403.5,175.708,123.78,-611.799,56251784021396.15,13.75013630062094
161169,29,0,10.594819427374508,102.741,11.9593,0.0,8213.99,11736.4,34670.7,332.335,540.362,-290.869,56251784021396.15,13.75013630062094
161170,29,0,10.679963799420806,116.458,5.3279,0.0,8152.49,11772.4,34519.2,-55.3247,-56.6778,-306.878,56251784021396.15,13.75013630062094
161171,29,0,10.731935235999076,148.751,1.6091,0.0,8378.14,11852.9,34609.4,56.042,-34.3187,-129.317,56251784021396.15,13.75013630062094
188859,41,1,11.966073110182814,310.224,241.416,0.0295459,23141.4,49321.8,48669.4,-807.579,-236.508,-187.954,56091636565360.2,13.748898111447144
188860,41,0,10.47028467960088,105.386,38.6804,0.0218137,22694.6,49081.8,48132.6,-684.429,-614.218,649.025,56091636565360.2,13.748898111447144
188861,41,0,10.651167521281762,111.438,18.87,0.0232206,23137.2,49202.9,49057.9,-666.559,-913.634,151.016,56091636565360.2,13.748898111447144
188862,41,0,10.590413135569149,97.194,21.3814,0.0242615,22458.2,49601.9,48618.7,-389.309,-529.795,680.309,56091636565360.2,13.748898111447144
188863,41,0,10.672983608967522,114.792,16.5041,0.00652803,23004.0,49307.3,48484.4,-230.867,-427.921,899.148,56091636565360.2,13.748898111447144
188864,41,0,10.691242851948346,116.57,14.614,0.00757325,22805.1,49305.6,48535.3,-187.359,-516.79,723.183,56091636565360.2,13.748898111447144
188865,41,0,10.328833267112639,88.5351,32.0946,0.0,22392.9,49488.6,47779.0,-188.75,-673.997,617.338,56091636565360.2,13.748898111447144
188866,41,0,10.272985884918459,99.6688,14.2065,0.0133049,22875.8,49492.2,48403.6,-1263.19,-765.174,-393.031,56091636565360.2,13.748898111447144
188867,41,0,10.548860888386018,99.3135,12.0226,0.0,23288.1,49180.0,48256.4,-954.56,-220.456,-252.729,56091636565360.2,13.748898111447144
188868,41,0,10.709009678555846,123.317,2.5451,0.0,23157.3,49156.8,48842.7,-701.966,-370.113,-32.3404,56091636565360.2,13.748898111447144
177719,36,1,12.117565817184133,319.529,320.824,0.010989,40491.9,36768.8,56934.4,-206.915,95.7981,-85.3963,54180643302978.3,13.733844157236003
177720,36,0,10.851694271857117,127.562,66.6675,0.00923668,40030.1,37851.9,56749.1,35.3426,-120.866,221.777,54180643302978.3,13.733844157236003
177721,36,0,10.789225244872886,133.56,17.0951,0.0,40701.9,36580.2,56939.1,-588.13,294.403,-149.017,54180643302978.3,13.733844157236003
177722,36,0,10.82702205192899,116.241,13.5462,0.0,40572.8,36874.6,56759.6,-293.1,-652.936,-248.103,54180643302978.3,13.733844157236003
177723,36,0,10.199155089283494,80.3039,37.8845,0.0316524,39709.4,37521.5,56848.6,-132.69,-327.939,46.32,54180643302978.3,13.733844157236003
177724,36,0,9.973497363249042,69.8814,38.204,0.0228829,41321.4,36160.3,56857.3,-707.568,229.888,181.092,54180643302978.3,13.733844157236003
177725,36,0,10.535361030588168,98.6499,14.8462,0.0,41053.6,36726.7,56996.1,-192.484,181.011,-76.4102,54180643302978.3,13.733844157236003
177726,36,0,9.961115491282209,77.2425,28.9877,0.0187035,41054.0,35764.1,56773.8,-546.905,491.028,-273.931,54180643302978.3,13.733844157236003
177727,36,0,10.475324545194706,97.3022,2.6658,0.0,40325.2,36932.5,56905.7,105.041,75.4021,-168.67,54180643302978.3,13.733844157236003
177728,36,0,10.4027169097508,87.4866,5.854,0.0,40366.5,36949.5,56764.3,-557.659,692.397,78.7174,54180643302978.3,13.733844157236003
206226,50,1,11.998456650320426,320.973,233.9,0.00582451,25963.4,17911.5,31157.4,-281.097,-24.8837,6.2754,52050273074208.37,13.716423012315541
206227,50,0,10.65432094749289,112.921,11.0601,0.0,26051.4,17770.1,31184.0,-524.585,-698.679,-377.115,52050273074208.37,13.716423012315541
206228,50,0,10.648264913154316,108.214,5.1622,0.0,25893.3,17824.8,31042.2,44.3783,125.582,-41.8316,52050273074208.37,13.716423012315541
206229,50,0,10.455939007909118,123.872,5.2128,0.0,26095.8,17914.5,31272.9,-280.176,-456.791,0.9047,52050273074208.37,13.716423012315541
206230,50,0,10.249709146680159,76.8694,17.5658,0.0281176,25544.9,17848.2,31004.2,-808.775,-19.291,-27.4262,52050273074208.37,13.716423012315541
206231,50,0,9.481721415490302,59.1479,17.599,0.0115847,26016.5,17489.2,31126.9,255.077,-397.92,-248.653,52050273074208.37,13.716423012315541
206232,50,0,9.834491849936978,57.5821,9.3135,0.0,26111.4,17593.4,31204.0,-419.283,-360.845,-353.595,52050273074208.37,13.716423012315541
206233,50,0,9.368045471258759,52.1873,13.7172,0.0178599,26013.8,17569.2,30929.6,-794.827,165.163,-451.417,52050273074208.37,13.716423012315541
206234,50,0,9.069642101842732,46.7061,18.2231,0.01089,25960.1,18239.2,30770.7,55.8381,251.407,609.493,52050273074208.37,13.716423012315541
206235,50,0,9.407645019643102,53.0202,7.3726,0.0,26072.3,18034.7,31042.3,-968.372,-47.3983,-418.185,52050273074208.37,13.716423012315541
199321,46,1,11.90006299435888,316.734,251.989,0.00492381,65032.2,13481.4,33035.2,96.9957,-97.0043,-280.215,51939339380120.68,13.715496421508286
199322,46,0,10.698206400984082,106.777,21.6148,0.0141145,65228.5,13989.3,33481.1,40.9416,-428.759,-251.499,51939339380120.68,13.715496421508286
199323,46,0,10.474250254998362,87.4258,20.2598,0.0239681,65641.0,13656.9,33509.5,15.0744,-31.5839,-271.218,51939339380120.68,13.715496421508286
199324,46,0,10.265891068153858,83.0273,10.0608,0.0364686,64494.5,13469.5,32874.5,-246.225,-148.762,-428.057,51939339380120.68,13.715496421508286
199325,46,0,9.563186000040119,58.8374,21.7111,0.0173059,64737.2,13000.3,32555.4,174.502,409.558,-520.696,51939339380120.68,13.715496421508286
199326,46,0,10.201753424546098,77.0231,6.5396,0.0,64680.5,13603.6,33068.3,395.708,-425.707,-387.086,51939339380120.68,13.715496421508286
199327,46,0,9.969902807739524,69.404,11.5343,0.0310105,65253.9,13469.8,33370.4,-368.307,-33.4898,-728.434,51939339380120.68,13.715496421508286
199328,46,0,8.586875546767072,43.5322,23.7113,0.00614596,65269.6,14195.9,33219.2,173.668,-257.182,339.255,51939339380120.68,13.715496421508286
199329,46,0,9.324800511212828,55.0532,14.3492,0.0149598,65304.2,13727.7,33102.7,-6.8891,-267.871,-1033.43,51939339380120.68,13.715496421508286
199330,46,0,9.284399093018644,50.8052,12.8484,0.0127905,65106.8,13660.6,33407.6,378.93,35.2238,-968.437,51939339380120.68,13.715496421508286
114388,13,1,11.888582225561594,297.078,265.731,0.0166415,15424.4,49014.7,48569.4,-478.203,-426.555,-81.8069,51479069068082.01,13.711630684653278
114389,13,0,11.988276087548616,311.546,222.843,0.0227637,15342.6,50167.0,49090.5,126.992,-22.3197,55.3449,51479069068082.01,13.711630684653278
114390,13,0,11.626977684788784,251.371,85.5285,0.0188483,14932.2,48690.9,48297.5,420.503,-470.688,48.3784,51479069068082.01,13.711630684653278
114391,13,0,11.358945402233612,171.453,39.3121,0.0190165,14735.7,49040.1,48167.3,403.92,-514.734,306.668,51479069068082.01,13.711630684653278
114392,13,0,11.152129389851714,167.913,11.0819,0.0111387,15417.5,50258.6,49093.6,-361.16,-223.616,-84.7287,51479069068082.01,13.711630684653278
114393,13,0,10.750741549508069,117.761,24.2456,0.0134702,15729.4,49302.8,49030.9,-263.285,1.5162,-77.0618,51479069068082.01,13.711630684653278
114394,13,0,10.608714854384983,106.002,35.9863,0.0,16004.9,50855.7,48898.8,334.731,-160.379,372.589,51479069068082.01,13.711630684653278
114395,13,0,10.783184677457298,123.333,19.2664,0.0,15025.1,50138.5,49334.4,119.536,-200.965,-157.256,51479069068082.01,13.711630684653278
114396,13,0,10.535665548907877,98.7265,38.944,0.0143216,14847.0,49747.5,49179.1,165.115,-1064.13,-635.427,51479069068082.01,13.711630684653278
114397,13,0,10.749978322148925,116.169,24.4011,0.0,15668.1,49243.1,48338.9,-48.0943,-342.17,-506.346,51479069068082.01,13.711630684653278
181983,38,1,11.543485150317933,273.715,391.618,0.0162655,68323.0,35402.7,1924.89,276.665,-169.579,14.4947,48894742881790.67,13.689262166686706
181984,38,0,11.304516477081153,210.853,68.8988,0.00722101,68631.4,35205.0,2167.47,-213.608,-268.401,-168.661,48894742881790.67,13.689262166686706
181985,38,0,11.223852108737875,170.305,94.088,0.0194115,67925.3,34754.5,637.975,220.034,72.127,410.184,48894742881790.67,13.689262166686706
181986,38,0,11.257783408309294,186.912,31.8297,0.00943824,68109.4,35315.4,1777.41,547.445,-3.1583,247.95,48894742881790.67,13.689262166686706
181987,38,0,10.646640716642505,104.395,39.8231,0.0222607,67983.0,35112.9,987.122,-61.197,196.27,283.44,48894742881790.67,13.689262166686706
181988,38,0,10.707937093510873,106.044,16.9622,0.0162758,68202.2,35534.9,1579.64,376.374,-285.44,152.772,48894742881790.67,13.689262166686706
181989,38,0,10.502688730911277,92.9595,23.0304,0.00695753,67973.3,35549.4,2314.15,675.324,-273.424,154.344,48894742881790.67,13.689262166686706
181990,38,0,10.652028391300142,104.268,13.7576,0.0294498,68456.3,35077.8,2120.96,433.083,17.791,96.5288,48894742881790.67,13.689262166686706
181991,38,0,10.22518256577775,93.8938,22.1541,0.022273,67788.6,35295.2,1539.15,-182.569,-262.697,149.509,48894742881790.67,13.689262166686706
181992,38,0,10.219878614715553,82.4644,26.1218,0.009473,67846.4,34967.2,1059.85,162.213,219.41,382.515,48894742881790.67,13.689262166686706
207473,51,1,11.801085363023304,309.136,233.266,0.00988922,68311.2,67409.5,51532.5,-13.5217,-225.991,-69.8374,46696738419646.81,13.669286547893382
207474,51,0,10.506418342772706,106.345,20.8428,0.011863,68121.0,67600.2,51742.2,431.226,-177.246,641.106,46696738419646.81,13.669286547893382
207475,51,0,10.448269408713093,87.6862,20.6239,0.0268908,68006.0,67888.0,51720.1,217.1,-430.156,174.425,46696738419646.81,13.669286547893382
207476,51,0,10.56553376555949,97.5134,13.7255,0.0263257,67699.7,67023.2,51600.4,100.343,-220.814,-69.0035,46696738419646.81,13.669286547893382
207477,51,0,10.569564993820459,100.028,5.044,0.0,68312.6,67529.6,51446.5,-36.8724,395.557,-37.7833,46696738419646.81,13.669286547893382
207478,51,0,10.061483754807274,63.0247,23.762,0.0357711,69064.1,66978.4,51464.8,161.818,-246.043,57.7588,46696738419646.81,13.669286547893382
207479,51,0,9.671043505924652,69.3718,16.4721,0.00926042,68293.0,66957.4,51650.2,-695.271,123.189,-182.004,46696738419646.81,13.669286547893382
207480,51,0,10.194608144154435,80.2988,1.8425,0.0,68334.4,67378.3,51697.4,98.8246,-324.458,413.593,46696738419646.81,13.669286547893382
207481,51,0,10.036758396373365,74.6794,1.7935,0.0,68343.9,67340.5,51436.6,168.069,-188.053,172.136,46696738419646.81,13.669286547893382
207482,51,0,9.37906104716751,50.2367,19.2448,0.0277235,67912.1,67538.9,51496.5,-422.224,367.033,-218.61,46696738419646.81,13.669286547893382
202634,48,1,11.693458737923354,310.415,269.86,0.00558336,18649.2,11133.8,20156.5,-225.835,37.0281,116.559,46517597442888.25,13.667617276042632
202635,48,0,11.209998355521689,165.807,51.87,0.0147143,18422.8,11479.2,20752.0,-182.785,-363.925,-223.29,46517597442888.25,13.667617276042632
202636,48,0,10.813724355113482,113.252,29.2006,0.0259232,18847.7,10811.1,19675.7,-437.281,-206.236,-61.6217,46517597442888.25,13.667617276042632
202637,48,0,10.941139658864415,145.201,11.6691,0.0148915,18587.8,11180.2,20210.0,-48.6859,-801.344,-431.014,46517597442888.25,13.667617276042632
202638,48,0,10.823892392084357,115.403,11.4742,0.0324531,18568.3,10750.3,20254.3,-90.6103,103.834,82.763,46517597442888.25,13.667617276042632
202639,48,0,10.819727490114152,124.231,6.4916,0.0,18723.9,11197.1,20066.6,-254.952,110.494,215.829,46517597442888.25,13.667617276042632
202640,48,0,10.640163254652474,134.529,5.6636,0.0125765,18427.5,11524.3,20737.5,80.7529,200.677,-659.497,46517597442888.25,13.667617276042632
202641,48,0,9.538244441526407,69.23,24.0006,0.00756592,18924.4,11373.2,19841.5,-405.648,-569.115,500.763,46517597442888.25,13.667617276042632
202642,48,0,10.232874618089449,83.5396,13.6111,0.0,18412.0,11848.8,20649.9,-353.228,-201.441,246.48,46517597442888.25,13.667617276042632
202643,48,0,10.48263183108104,94.8506,5.4348,0.0,18590.6,11224.1,20103.7,-79.4153,655.945,201.853,46517597442888.25,13.667617276042632
165727,31,1,11.829350310878356,298.944,287.872,0.0143487,25469.1,6138.89,74783.7,-145.883,-165.728,175.354,46366337657080.38,13.666202793585365
165728,31,0,11.505015723134326,242.108,132.695,0.00651299,24686.6,6313.12,70.6507,124.789,-309.831,-295.143,46366337657080.38,13.666202793585365
165729,31,0,10.991828833092383,179.919,37.3246,0.0,25605.3,6136.31,74485.1,32.1541,-431.27,921.574,46366337657080.38,13.666202793585365
165730,31,0,10.974070775687569,156.325,39.8162,0.00909194,24958.3,6245.57,514.895,170.17,-15.465,-25.8968,46366337657080.38,13.666202793585365
165731,31,0,10.177448310393673,79.5297,27.5073,0.0191543,25216.5,6050.98,74182.2,-86.3023,18.0856,-303.999,46366337657080.38,13.666202793585365
165732,31,0,10.599039454685414,106.599,9.9868,0.0322496,25482.6,5977.48,74804.1,25.0012,-373.411,-504.384,46366337657080.38,13.666202793585365
165733,31,0,10.251767861718617,84.0534,15.4959,0.0283167,25530.8,6632.66,74354.8,-401.163,-245.495,452.372,46366337657080.38,13.666202793585365
165734,31,0,10.452835877910164,103.697,10.4941,0.0,24804.7,6318.26,193.447,-8.9226,-405.879,200.267,46366337657080.38,13.666202793585365
165735,31,0,10.401871457469557,97.4337,3.363,0.0450268,24610.0,6341.13,224.578,281.768,-328.074,-536.728,46366337657080.38,13.666202793585365
165736,31,0,9.82237118184497,64.6854,22.3406,0.0312696,25411.9,6600.19,73897.3,169.527,69.3974,39.6386,46366337657080.38,13.666202793585365
217485,57,1,11.631431485705109,314.693,251.206,0.00618783,1077.69,56773.7,62526.4,152.92,-101.929,-311.044,45482007261219.37,13.65783962319324
217486,57,0,11.501009102322914,206.743,30.5208,0.0107579,1092.73,56808.6,62179.9,132.776,21.2915,-587.023,45482007261219.37,13.65783962319324
217487,57,0,10.750771140268233,115.308,20.7226,0.00937991,886.837,56638.3,62366.4,312.535,14.8901,-526.343,45482007261219.37,13.65783962319324
217488,57,0,10.8763024055944,115.842,5.5901,0.0,1125.47,56819.0,62566.4,-33.4728,70.7384,195.126,45482007261219.37,13.65783962319324
217489,57,0,10.038959535335888,77.7582,20.8692,0.0274814,453.432,56857.7,62500.8,231.128,-122.877,59.8002,45482007261219.37,13.65783962319324
217490,57,0,9.808423098826413,65.0042,16.4343,0.0295009,1400.62,56618.8,61967.3,86.3287,242.744,-247.309,45482007261219.37,13.65783962319324
217491,57,0,9.320766716539017,56.8849,24.3394,0.012566,1184.79,57172.7,62661.1,-264.389,-700.897,-220.609,45482007261219.37,13.65783962319324
217492,57,0,10.01624169844891,79.3471,6.3747,0.0,1173.44,56865.6,62525.5,-41.9668,417.052,-706.242,45482007261219.37,13.65783962319324
217493,57,0,9.897174013529275,56.9771,2.8584,0.0,1190.55,56789.7,62712.3,476.109,-65.7001,-28.3567,45482007261219.37,13.65783962319324
217494,57,0,9.470772874050368,56.2201,7.1585,0.013816,995.295,56709.5,62536.2,-668.627,-211.743,-861.687,45482007261219.37,13.65783962319324
214452,55,1,11.71646913845741,291.186,281.109,0.00683642,66935.8,5349.83,38975.6,-165.531,-9.9117,-137.054,45080112291712.8,13.653984989175544
214453,55,0,11.064895498777856,140.275,27.4551,0.021564,67036.9,5714.42,38946.3,28.7559,122.476,256.452,45080112291712.8,13.653984989175544
214454,55,0,11.088060717886274,156.109,22.8378,0.015279,66928.2,5109.28,39168.6,156.418,-491.706,-163.159,45080112291712.8,13.653984989175544
214455,55,0,10.852166704498575,126.844,22.3592,0.0,66956.7,5330.7,38591.8,-538.364,-86.3767,-136.104,45080112291712.8,13.653984989175544
214456,55,0,10.806123872387099,118.638,12.1116,0.0207621,66885.6,5542.07,38961.0,100.406,-369.327,-199.346,45080112291712.8,13.653984989175544
214457,55,0,10.635872696630676,103.235,6.3122,0.0265448,66929.5,5210.02,39113.4,-173.846,419.05,-292.676,45080112291712.8,13.653984989175544
214458,55,0,10.11310267236248,69.7217,22.9368,0.0340514,67363.7,5446.4,38714.2,66.2113,-297.662,-411.436,45080112291712.8,13.653984989175544
214459,55,0,10.453285379826058,86.9564,4.2436,0.0329008,66897.7,5227.44,39021.6,-7.0538,211.063,-68.8482,45080112291712.8,13.653984989175544
214460,55,0,9.870369515017318,62.0373,19.6437,0.0377766,67399.6,5563.19,39211.9,-57.4024,502.739,-440.316,45080112291712.8,13.653984989175544
214461,55,0,9.87595449246247,67.7004,9.0994,0.0331804,66963.3,5661.81,38915.6,271.021,-60.4256,370.093,45080112291712.8,13.653984989175544
212836,54,1,11.828291048561786,298.069,294.677,0.00512073,14012.7,41565.5,30173.3,-88.2307,-77.0402,215.067,45006650255111.45,13.653276690568841
212837,54,0,11.153057007383543,157.15,20.9832,0.00629414,14001.8,41799.9,30259.9,13.5988,-423.48,86.7956,45006650255111.45,13.653276690568841
212838,54,0,11.000945902943641,144.919,11.9617,0.0218126,14035.7,41791.7,30378.4,-59.9884,183.493,703.708,45006650255111.45,13.653276690568841
212839,54,0,10.188275254046633,79.2599,37.6135,0.0154767,14810.8,41577.0,30317.8,-195.319,160.335,-211.522,45006650255111.45,13.653276690568841
212840,54,0,10.66316879003052,109.81,14.2523,0.0,13871.4,41978.5,30380.0,-341.769,18.4707,610.018,45006650255111.45,13.653276690568841
212841,54,0,10.45602202362677,95.0942,10.7226,0.0234071,13853.9,41474.1,30290.0,555.605,-385.983,69.8979,45006650255111.45,13.653276690568841
212842,54,0,9.779036161943084,60.3657,39.313,0.0191544,13460.9,41886.3,29839.5,263.419,-606.841,304.466,45006650255111.45,13.653276690568841
212843,54,0,10.292983590452627,91.9282,9.6206,0.0331379,13995.0,41859.1,30448.8,-387.962,29.9547,766.985,45006650255111.45,13.653276690568841
212844,54,0,9.954172693016528,66.9125,14.1488,0.0178297,14501.8,41808.3,30323.3,-138.499,-322.591,331.063,45006650255111.45,13.653276690568841
212845,54,0,9.307188949888458,55.7739,26.5606,0.0146706,14868.3,41806.8,30266.9,-417.432,-156.459,-15.4235,45006650255111.45,13.653276690568841
191079,42,1,11.811247198786662,293.806,269.367,0.00729657,17734.1,55151.3,65448.9,-218.794,-50.9699,-77.9522,44783287172230.22,13.65111596839364
191080,42,0,11.34484343394515,180.566,91.098,0.0218021,17292.5,54265.8,65629.9,153.335,218.645,-57.5566,44783287172230.22,13.65111596839364
191081,42,0,11.045854032455626,143.142,33.7146,0.0100543,17273.8,53997.0,65627.1,-438.3,477.667,-332.651,44783287172230.22,13.65111596839364
191082,42,0,11.293068486296164,200.874,6.9073,0.0158924,17688.8,55160.9,65428.2,138.169,-122.261,57.8165,44783287172230.22,13.65111596839364
191083,42,0,10.385798303211173,90.2232,40.0123,0.0279903,17465.6,55604.8,65905.6,-192.805,-569.272,-229.209,44783287172230.22,13.65111596839364
191084,42,0,10.51360799623976,102.365,2.5691,0.0,17909.9,55238.3,65462.0,-199.034,-238.861,-113.453,44783287172230.22,13.65111596839364
191085,42,0,9.512628393085125,57.0671,26.2204,0.00943213,17942.4,55083.4,66189.7,-503.898,-383.405,-336.93,44783287172230.22,13.65111596839364
191086,42,0,10.236939597084676,82.2007,8.815,0.0426283,17422.1,54974.4,65270.9,128.872,-105.4,-147.841,44783287172230.22,13.65111596839364
191087,42,0,10.106941417761032,88.0846,9.1866,0.0,17235.3,54356.2,65770.9,-413.004,-84.6826,-297.049,44783287172230.22,13.65111596839364
191088,42,0,10.165150010376555,80.7032,6.4086,0.0,17962.6,55060.3,65379.5,-726.05,-173.757,-153.602,44783287172230.22,13.65111596839364
204234,49,1,11.700752500804178,298.295,275.513,0.00567314,23647.0,25090.8,55462.7,-109.269,102.11,-216.105,44489622834089.91,13.648258723982078
204235,49,0,10.778365972392006,121.728,60.6435,0.0202147,24324.0,25627.9,55484.1,-333.237,-392.036,-277.449,44489622834089.91,13.648258723982078
204236,49,0,10.638582098848234,105.568,53.8362,0.0150916,23733.8,24471.8,54811.6,-185.73,372.436,311.046,44489622834089.91,13.648258723982078
204237,49,0,10.725499529480928,114.399,46.9202,0.00989025,24225.7,26481.7,55243.8,-401.901,-175.029,-68.5194,44489622834089.91,13.648258723982078
204238,49,0,10.861755880195167,125.686,20.9391,0.0223294,23804.6,25452.9,55598.5,-310.295,-244.968,-125.192,44489622834089.91,13.648258723982078
204239,49,0,10.154679626886235,90.8023,27.0387,0.0134125,23972.0,24765.4,55419.3,-590.836,439.236,245.706,44489622834089.91,13.648258723982078
204240,49,0,10.025897590443288,62.0299,21.918,0.0372373,22859.7,24900.9,55566.3,-394.677,-127.224,-286.656,44489622834089.91,13.648258723982078
204241,49,0,10.132516156228405,75.472,11.8331,0.0,23764.2,24854.7,55301.4,-411.612,447.299,299.952,44489622834089.91,13.648258723982078
204242,49,0,9.582194588006436,51.8657,21.9696,0.0149173,24211.6,26237.3,55094.6,-492.61,-111.762,-57.8378,44489622834089.91,13.648258723982078
204243,49,0,9.731229875380032,57.3143,22.5024,0.0292339,23496.5,24641.2,56223.5,-22.7691,218.131,107.685,44489622834089.91,13.648258723982078
223896,61,1,11.598569530719852,320.493,224.674,0.0105965,56558.6,13172.0,50047.4,-51.6717,-120.475,-190.608,42196308380388.25,13.625274457593044
223897,61,0,11.070933418926549,152.701,17.9395,0.0186953,56366.9,13092.2,50092.2,-615.311,-385.664,-8.5862,42196308380388.25,13.625274457593044
223898,61,0,11.082976074795646,157.579,11.3133,0.00731269,56287.2,13067.4,50062.7,-158.846,-248.177,-133.236,42196308380388.25,13.625274457593044
223899,61,0,10.695441087580551,137.698,24.4253,0.0,56550.8,13063.6,49829.9,452.048,-183.129,448.826,42196308380388.25,13.625274457593044
223900,61,0,10.798663284187002,137.27,13.5714,0.0174266,56438.4,13167.7,50129.5,837.781,-171.047,-11.6921,42196308380388.25,13.625274457593044
223901,61,0,10.825500285820642,151.144,1.8782,0.0259512,56543.7,13150.6,50046.9,-122.915,-184.583,-233.812,42196308380388.25,13.625274457593044
223902,61,0,10.748334543933126,136.293,4.28,0.0,56584.3,13132.1,49984.0,139.601,144.79,-552.692,42196308380388.25,13.625274457593044
223903,61,0,10.515006685114454,121.632,3.5709,0.00816994,56427.3,13137.5,50126.9,908.868,-276.295,205.752,42196308380388.25,13.625274457593044
223904,61,0,10.269473648007187,77.8217,13.3355,0.0378888,56392.0,13237.6,50636.1,77.8035,-75.7378,-23.3341,42196308380388.25,13.625274457593044
223905,61,0,9.552170839163836,56.1349,24.2683,0.0187969,56683.6,13499.9,50511.2,-153.684,-29.6863,-680.321,42196308380388.25,13.625274457593044
219032,58,1,11.768354255704427,273.168,269.921,0.00770591,23736.8,41744.9,51993.7,-118.452,232.048,-358.116,38946268302978.3,13.590465851403577
219033,58,0,10.952547361829462,138.63,7.1694,0.0129489,23774.0,41672.0,52003.8,-210.28,516.984,-543.186,38946268302978.3,13.590465851403577
219034,58,0,10.484969870358613,88.1736,25.1025,0.0163814,23066.1,41491.1,52376.1,-43.4291,402.991,-438.001,38946268302978.3,13.590465851403577
219035,58,0,10.30372712830974,83.0009,24.4401,0.0208385,24252.1,42121.6,51959.7,41.6814,278.386,-32.6277,38946268302978.3,13.590465851403577
219036,58,0,10.250977202739053,79.7225,18.586,0.0228777,23775.1,41582.4,52382.6,-618.544,559.302,-596.748,38946268302978.3,13.590465851403577
219037,58,0,10.123573411964891,83.0992,13.5738,0.0246771,23959.1,41725.0,51977.1,-744.301,509.416,278.79,38946268302978.3,13.590465851403577
219038,58,0,9.861730318243014,65.5086,17.1951,0.0176314,23393.5,41810.9,52150.1,-421.744,244.724,97.6053,38946268302978.3,13.590465851403577
219039,58,0,9.417020100421997,58.0196,21.5278,0.00975201,23297.8,41389.8,52244.7,-338.501,506.984,49.2856,38946268302978.3,13.590465851403577
219040,58,0,9.678562999753881,62.2119,20.4581,0.0185417,23791.7,41280.8,51873.4,-682.833,163.652,44.6509,38946268302978.3,13.590465851403577
219041,58,0,9.803710666958166,72.8312,12.025,0.0161126,23678.6,41860.9,51806.9,691.494,180.845,-352.238,38946268302978.3,13.590465851403577
197108,45,1,11.556282910556973,271.741,294.245,0.00653397,9246.88,19519.9,64446.8,198.976,-3.4041,-155.783,37741729493052.48,13.576821797579823
197109,45,0,11.485915395197708,193.353,141.852,0.0135159,8854.78,17996.5,64730.7,268.354,357.773,-270.757,37741729493052.48,13.576821797579823
197110,45,0,11.018695831486292,147.639,31.503,0.014075,9156.09,19782.0,64495.4,-39.7623,-91.6795,365.998,37741729493052.48,13.576821797579823
197111,45,0,11.160457542888492,179.134,12.0678,0.0193066,9222.77,19456.2,64362.3,373.916,256.685,89.2126,37741729493052.48,13.576821797579823
197112,45,0,10.705067641326277,112.297,32.748,0.0122321,9550.94,18994.2,63826.3,-162.751,68.6906,226.176,37741729493052.48,13.576821797579823
197113,45,0,10.697602267916897,125.09,37.6088,0.0121245,8953.71,17716.5,64504.0,177.424,642.235,-19.3492,37741729493052.48,13.576821797579823
197114,45,0,10.493673899292716,101.339,32.6733,0.0187554,9493.76,18970.0,64068.9,-222.986,313.609,-19.1737,37741729493052.48,13.576821797579823
197115,45,0,10.324478696889148,93.5198,34.0574,0.010209,9286.73,19429.6,63838.1,-119.259,447.888,-125.965,37741729493052.48,13.576821797579823
197116,45,0,10.144277214812027,75.4612,40.1571,0.0202946,9044.78,18616.8,64365.3,495.94,304.403,102.79,37741729493052.48,13.576821797579823
197117,45,0,10.475903558840457,103.967,24.0442,0.00771821,9553.55,19097.1,64128.5,-57.1436,-65.1793,336.031,37741729493052.48,13.576821797579823
227574,64,1,11.905799066044114,299.931,211.062,0.0164532,48612.9,32613.9,28384.7,91.0669,0.7465,45.4043,37434924666002.36,13.57327696349124
227575,64,0,10.542180889990197,113.084,19.3234,0.0218505,49026.4,32674.1,28251.1,-465.483,-46.4325,453.434,37434924666002.36,13.57327696349124
227576,64,0,10.368940143236733,92.2863,8.3962,0.0200153,48780.2,32606.2,28324.6,-556.619,38.3921,566.771,37434924666002.36,13.57327696349124
227577,64,0,10.406404392684468,95.5567,5.7416,0.0481605,48962.9,32702.3,28259.4,373.785,16.6692,-174.697,37434924666002.36,13.57327696349124
227578,64,0,10.17099232350815,75.9061,12.1365,0.0261971,48265.2,32943.6,28047.0,6.4377,36.6373,58.8751,37434924666002.36,13.57327696349124
227579,64,0,9.940197425416805,68.7318,18.0174,0.0328978,48914.3,32085.9,28159.0,67.9168,77.1778,317.307,37434924666002.36,13.57327696349124
227580,64,0,9.622615340608881,66.6548,18.232,0.0117775,48809.5,32483.8,28081.0,-162.868,97.5977,623.326,37434924666002.36,13.57327696349124
227581,64,0,9.893474923909883,77.0543,14.8728,0.0258192,48880.6,32656.6,28353.8,331.214,702.274,107.851,37434924666002.36,13.57327696349124
227582,64,0,10.28515783732579,53.1967,0.0826,0.0,48614.3,32615.1,28383.3,277.442,-90.1154,189.215,37434924666002.36,13.57327696349124
227583,64,0,9.340603340951303,50.8059,21.079,0.0100581,48932.1,32429.2,27715.9,-161.618,13.9781,486.144,37434924666002.36,13.57327696349124
192898,43,1,11.463431401973754,276.214,332.572,0.0104948,11877.9,10601.4,31066.6,-85.4086,126.302,-46.8373,36928893304131.61,13.567366292782022
192899,43,0,11.30180185858255,216.721,96.9781,0.0143177,11382.1,10697.6,31442.8,136.057,430.484,-452.199,36928893304131.61,13.567366292782022
192900,43,0,10.911360517014671,149.035,25.4795,0.0291742,12292.4,10466.3,31149.5,-112.043,79.9188,-35.1174,36928893304131.61,13.567366292782022
192901,43,0,11.078346989675131,174.662,13.8012,0.0135028,11808.9,10545.9,30967.8,-150.175,-79.5698,-29.1019,36928893304131.61,13.567366292782022
192902,43,0,10.78972285927319,140.848,25.1831,0.0123748,11255.8,10871.9,31531.8,178.787,292.559,-746.698,36928893304131.61,13.567366292782022
192903,43,0,10.944269884858187,124.947,23.5526,0.0155455,11497.8,10727.2,30994.4,-96.3278,35.2464,-48.9905,36928893304131.61,13.567366292782022
192904,43,0,10.83142709117114,105.955,27.3608,0.016811,11812.0,10830.8,30756.5,-370.262,389.847,-185.178,36928893304131.61,13.567366292782022
192905,43,0,10.27431059985713,85.6861,30.6756,0.0162395,11722.9,10049.5,30803.2,349.375,-144.143,318.518,36928893304131.61,13.567366292782022
192906,43,0,10.74065517469752,135.26,9.1774,0.022882,11350.7,10752.4,31518.0,-213.229,18.4964,-396.248,36928893304131.61,13.567366292782022
192907,43,0,10.251897105344838,85.636,28.1948,0.0271362,10983.8,10961.0,31671.5,321.451,-270.659,-53.8853,36928893304131.61,13.567366292782022
216016,56,1,11.663147903224596,279.931,246.728,0.00969382,49113.4,66437.7,24056.4,99.6974,48.574,263.09,34518327197741.363,13.5380497410874
216017,56,0,11.035805974472954,145.94,58.6731,0.0137087,48558.0,65974.7,24126.7,393.01,420.759,157.512,34518327197741.363,13.5380497410874
216018,56,0,10.462137050125396,95.8343,21.1842,0.0185734,49194.5,66805.8,23573.2,-53.4718,73.5293,472.973,34518327197741.363,13.5380497410874
216019,56,0,10.257219985381592,68.0378,18.1352,0.0261252,48654.5,66062.7,23931.1,-27.5193,-53.5502,258.028,34518327197741.363,13.5380497410874
216020,56,0,10.463784139219175,113.422,1.8306,0.0,49114.4,66416.3,24074.1,-432.18,-531.532,610.691,34518327197741.363,13.5380497410874
216021,56,0,9.880149188004763,67.3156,16.3479,0.023039,49092.1,65808.8,24101.3,215.17,104.175,515.55,34518327197741.363,13.5380497410874
216022,56,0,9.147490565148814,51.4235,18.2954,0.00614909,49670.2,66918.3,24007.0,-238.215,-202.331,469.367,34518327197741.363,13.5380497410874
216023,56,0,9.50407276448639,58.425,25.1238,0.0133138,49103.0,66217.9,23675.1,323.284,525.006,441.278,34518327197741.363,13.5380497410874
216024,56,0,9.891501573239216,67.2423,11.0015,0.0253343,49107.7,66746.9,23841.9,53.7459,-448.197,238.853,34518327197741.363,13.5380497410874
216025,56,0,9.526426277776618,66.6547,15.6518,0.0144135,48726.7,66186.6,23998.0,695.629,278.417,169.182,34518327197741.363,13.5380497410874
146176,23,1,11.871906637644651,267.285,250.485,0.0162429,15390.8,10517.5,28673.1,-86.8727,172.072,-74.9247,33416922844930.984,13.523966455940542
146177,23,0,11.667532913146514,258.589,212.769,0.00610122,16725.7,10001.6,28387.0,-474.337,214.641,-33.4441,33416922844930.984,13.523966455940542
146178,23,0,11.214411267814844,194.504,153.272,0.00874923,14047.3,10927.7,28718.2,131.233,-84.3874,98.9149,33416922844930.984,13.523966455940542
146179,23,0,10.951565794933757,126.015,35.327,0.0158852,16886.1,9494.85,28231.1,-190.032,-84.392,-225.179,33416922844930.984,13.523966455940542
146180,23,0,10.92825808039614,120.371,29.7566,0.0250659,16441.3,10019.1,28530.6,-170.613,497.253,-335.657,33416922844930.984,13.523966455940542
146181,23,0,10.725390952843869,107.242,24.2524,0.0255276,14965.4,10474.7,29009.0,-204.993,362.241,14.4202,33416922844930.984,13.523966455940542
146182,23,0,10.590993913716979,98.3707,42.3798,0.0185462,17579.1,9852.63,28214.1,-739.774,173.709,14.8481,33416922844930.984,13.523966455940542
146183,23,0,10.659815461047526,102.308,35.3437,0.0145699,14908.0,9944.83,28944.8,-500.553,130.741,254.396,33416922844930.984,13.523966455940542
146184,23,0,10.77402102710691,117.992,17.792,0.0264529,15335.2,10748.3,28665.6,595.378,-74.4286,-133.952,33416922844930.984,13.523966455940542
146185,23,0,10.227318809771363,82.4548,42.3924,0.0175873,14924.9,10644.0,29291.1,195.884,76.2523,-373.221,33416922844930.984,13.523966455940542
222267,60,1,11.633992962287968,268.539,263.397,0.0099296,38289.2,127.834,37174.8,89.6585,-385.884,192.427,33210729616456.305,13.521278416848617
222268,60,0,10.959432228966305,143.814,27.5027,0.0167325,38034.2,212.166,37266.4,44.8016,31.5049,-195.601,33210729616456.305,13.521278416848617
222269,60,0,10.627705033687112,100.652,48.024,0.0235062,38304.9,74310.9,37036.3,122.627,16.5492,102.394,33210729616456.305,13.521278416848617
222270,60,0,10.753079822045724,118.769,29.5774,0.0,38337.6,74987.0,37675.3,-100.694,-288.269,420.072,33210729616456.305,13.521278416848617
222271,60,0,10.342037838544561,102.551,27.1747,0.0154025,38477.8,498.803,37250.2,-282.946,-701.254,-296.701,33210729616456.305,13.521278416848617
222272,60,0,10.377773500665217,92.3963,27.4814,0.0206751,38332.1,74821.3,36729.5,-341.844,-348.05,444.584,33210729616456.305,13.521278416848617
222273,60,0,9.900755658827263,77.714,26.5529,0.0119926,38280.1,74784.8,37457.1,-186.622,233.926,231.64,33210729616456.305,13.521278416848617
222274,60,0,10.110039191365622,75.4168,29.9991,0.0227463,37966.4,55.4209,36741.1,551.375,-583.637,237.79,33210729616456.305,13.521278416848617
222275,60,0,10.181076097285255,85.9365,19.7233,0.0235764,38281.7,196.564,36887.4,179.122,-86.3716,-246.6,33210729616456.305,13.521278416848617
222276,60,0,10.574355980286375,120.17,2.4806,0.0,38282.1,68.3634,37189.6,56.4344,-826.646,435.895,33210729616456.305,13.521278416848617
230235,66,1,11.759183668900322,272.649,230.454,0.0203743,6989.65,50951.7,43107.6,280.21,-38.1036,459.539,32644138837374.52,13.513805216266894
230236,66,0,10.678773945268162,102.724,40.0933,0.0121321,6632.55,51836.0,43380.0,54.8036,-125.372,581.772,32644138837374.52,13.513805216266894
230237,66,0,10.699473632288845,126.281,30.5492,0.0234547,6807.49,51324.6,43017.6,479.574,-666.962,635.919,32644138837374.52,13.513805216266894
230238,66,0,10.409995983436858,95.0884,34.3521,0.017087,7356.77,51057.3,43476.4,-240.088,-71.1595,510.205,32644138837374.52,13.513805216266894
230239,66,0,10.35183760125579,84.7984,35.7755,0.026616,6989.93,51550.3,43153.7,199.812,531.649,701.364,32644138837374.52,13.513805216266894
230240,66,0,10.35255278494024,108.272,15.5071,0.00313346,6861.36,51098.6,43147.6,434.381,-287.649,1251.96,32644138837374.52,13.513805216266894
230241,66,0,10.294206446188374,94.5877,7.8897,0.0386568,6926.53,51091.8,43171.7,107.601,-423.907,821.02,32644138837374.52,13.513805216266894
230242,66,0,10.189304693300558,86.2094,6.9091,0.0201952,7017.66,50869.0,43015.8,331.025,-375.427,1300.19,32644138837374.52,13.513805216266894
230243,66,0,9.282824133969266,50.7508,25.4275,0.00909499,6620.47,51536.1,43318.6,-107.815,-294.743,560.842,32644138837374.52,13.513805216266894
230244,66,0,10.250930436908552,88.6823,1.7438,0.0,6953.95,50986.3,43164.3,496.305,-251.995,204.957,32644138837374.52,13.513805216266894
226194,63,1,11.844588509014944,275.496,242.666,0.0191388,73089.2,1637.16,44712.3,-131.139,-18.097,-187.471,31999415129308.754,13.505142040556308
226195,63,0,10.723126382562297,124.194,47.2409,0.0072776,73470.8,2161.07,44636.6,-516.16,-287.176,-36.5834,31999415129308.754,13.505142040556308
226196,63,0,10.755891726915726,117.211,41.7056,0.011204,72515.0,2050.21,44867.2,315.644,-302.685,-134.577,31999415129308.754,13.505142040556308
226197,63,0,10.98075930169234,148.429,7.0965,0.0,73043.4,1801.3,44769.6,-347.362,193.593,-58.6604,31999415129308.754,13.505142040556308
226198,63,0,10.837643228148607,149.586,2.2755,0.0387609,73114.2,1619.21,44739.2,18.8078,-146.614,71.8461,31999415129308.754,13.505142040556308
226199,63,0,9.696181174208782,67.193,25.5699,0.0118829,72949.6,1201.15,44356.1,355.335,-114.911,73.3989,31999415129308.754,13.505142040556308
226200,63,0,10.360303890945087,90.6169,2.0968,0.0,73093.1,1639.23,44645.8,-222.852,77.8362,-292.178,31999415129308.754,13.505142040556308
226201,63,0,9.870278773868598,66.234,9.3035,0.0240468,73551.8,2246.33,44673.4,-642.437,-270.022,92.7045,31999415129308.754,13.505142040556308
226202,63,0,9.369646892328817,47.9157,19.4677,0.0168078,73452.7,2062.97,45136.7,-182.735,361.998,-57.531,31999415129308.754,13.505142040556308
226203,63,0,9.576780218850955,55.0519,13.8401,0.0248221,73054.2,1347.15,44526.7,290.784,279.088,-53.7419,31999415129308.754,13.505142040556308
225155,62,1,11.872318888772897,263.971,218.744,0.0138167,2321.43,16720.8,24163.0,-286.35,549.891,-242.623,30523301409802.184,13.484631505249997
225156,62,0,11.192843401011027,192.565,69.9226,0.0146026,2208.11,17223.7,24173.3,-530.614,101.025,249.65,30523301409802.184,13.484631505249997
225157,62,0,10.878871556720924,140.649,17.0399,0.00921751,2219.39,17241.2,24034.0,-402.338,76.6231,278.727,30523301409802.184,13.484631505249997
225158,62,0,10.913220802857538,154.325,7.3699,0.0146182,2228.07,17262.3,24195.5,-589.805,290.54,87.5094,30523301409802.184,13.484631505249997
225159,62,0,10.71465119076088,108.33,13.968,0.0214103,2241.51,16895.5,24315.9,-56.3469,335.422,-63.0738,30523301409802.184,13.484631505249997
225160,62,0,10.273382357329643,91.1791,11.446,0.0155895,2266.89,17146.8,24193.3,-1006.92,219.484,601.411,30523301409802.184,13.484631505249997
225161,62,0,10.398421863272812,91.4287,2.898,0.0,2394.86,16567.3,24247.5,-410.749,743.505,-194.913,30523301409802.184,13.484631505249997
225162,62,0,9.100276911195962,46.3427,11.9708,0.0,2829.08,17154.3,24022.4,-331.743,522.178,17.7121,30523301409802.184,13.484631505249997
225163,62,0,8.806524439176153,41.8832,15.465,0.0119843,2386.02,16770.1,23747.3,-737.113,515.463,-416.807,30523301409802.184,13.484631505249997
225164,62,0,8.560971731304637,37.8486,15.46,0.0,1778.25,16801.2,24249.9,-366.742,277.774,231.28,30523301409802.184,13.484631505249997
239245,73,1,11.76967357931718,268.212,224.189,0.00739724,62121.7,28997.2,22834.4,295.211,-189.954,-68.7358,30107698308214.312,13.478677555570878
239246,73,0,11.187235037211515,184.331,7.1371,0.019662,62061.2,28991.7,22826.5,222.582,-127.372,34.2794,30107698308214.312,13.478677555570878
239247,73,0,9.984687397666757,72.522,25.7394,0.015488,61675.6,29213.8,23308.8,239.206,-742.216,-147.898,30107698308214.312,13.478677555570878
239248,73,0,10.202051460313978,72.3286,15.3879,0.032618,62717.0,29021.4,22641.4,28.8766,-91.5257,-34.6054,30107698308214.312,13.478677555570878
239249,73,0,9.90543016874159,62.9605,19.9057,0.0195714,61571.3,29230.5,22430.7,380.278,-429.477,-182.113,30107698308214.312,13.478677555570878
239250,73,0,10.192732351920652,71.5916,7.9911,0.0321891,61785.0,29035.9,23031.8,392.118,-108.854,227.881,30107698308214.312,13.478677555570878
239251,73,0,9.7956553108805,54.0488,18.5197,0.0156004,62891.8,29119.2,22978.4,436.983,-31.1674,48.5002,30107698308214.312,13.478677555570878
239252,73,0,9.574639477940922,55.3432,12.0295,0.0285865,62750.1,28894.6,22540.9,283.521,-303.243,122.506,30107698308214.312,13.478677555570878
239253,73,0,9.879255240914398,51.1569,4.6907,0.0,61880.2,28965.4,22760.9,-0.6767,82.5908,-232.71,30107698308214.312,13.478677555570878
239254,73,0,8.788602945565314,35.1819,20.7007,0.00991362,62345.5,28619.9,23094.6,479.992,-108.786,331.228,30107698308214.312,13.478677555570878
234514,69,1,11.761622478255767,260.188,238.72,0.00648357,73611.3,28300.6,15685.7,697.262,-566.774,197.116,29375699913040.67,13.467988223015967
234515,69,0,10.76962345500418,132.275,45.1813,0.0206794,73990.5,27925.5,15905.4,752.409,-253.784,-275.951,29375699913040.67,13.467988223015967
234516,69,0,10.509927989083659,104.927,40.9227,0.018726,73593.1,27811.1,15315.6,1025.47,-750.967,348.941,29375699913040.67,13.467988223015967
234517,69,0,10.459512235969543,95.3624,27.1911,0.0253117,73312.5,28509.0,16153.0,862.941,-269.553,320.761,29375699913040.67,13.467988223015967
234518,69,0,10.515587982275838,107.717,3.0548,0.0,73566.1,28315.4,15685.9,1097.87,-408.068,102.043,29375699913040.67,13.467988223015967
234519,69,0,10.323444850155514,88.1028,5.0714,0.0,73971.3,28284.7,15584.2,983.489,-579.482,242.866,29375699913040.67,13.467988223015967
234520,69,0,9.46006603131724,58.3071,22.2223,0.011698,73418.5,27798.4,15109.9,455.717,-612.38,618.919,29375699913040.67,13.467988223015967
234521,69,0,9.392850587158948,52.3504,26.818,0.0139621,73088.7,28803.2,15942.5,1074.26,-140.166,211.837,29375699913040.67,13.467988223015967
234522,69,0,9.406731217222593,49.1197,22.9513,0.0108349,73306.7,28950.8,15750.7,1140.95,-451.875,238.793,29375699913040.67,13.467988223015967
234523,69,0,9.498202669457847,59.6839,22.7894,0.01616,73465.3,28208.2,15345.5,940.917,-920.301,-100.932,29375699913040.67,13.467988223015967
235692,70,1,11.766806123271705,271.002,214.856,0.0149957,17808.3,43755.9,32271.4,-230.482,-181.304,289.088,28766206122444.273,13.45888258803788
235693,70,0,10.6930962731511,119.861,43.0826,0.0103045,17881.0,43453.6,31930.8,-249.972,343.202,350.899,28766206122444.273,13.45888258803788
235694,70,0,10.310231272366963,85.4272,22.7987,0.0253264,17924.8,44103.6,32085.2,204.55,-216.597,463.611,28766206122444.273,13.45888258803788
235695,70,0,9.883340337600059,75.079,25.0508,0.0145964,17236.7,43871.4,32054.2,-10.5538,7.2192,-7.7577,28766206122444.273,13.45888258803788
235696,70,0,10.37258208136757,91.4317,11.0368,0.0405168,17988.2,43550.2,32504.6,-370.448,-424.965,200.911,28766206122444.273,13.45888258803788
235697,70,0,10.165363418703604,66.3266,20.8334,0.0356627,18350.4,44116.0,32315.9,-218.177,-351.324,427.053,28766206122444.273,13.45888258803788
235698,70,0,9.845598740521082,68.9727,20.1754,0.0128148,17724.8,43373.8,31811.8,-184.139,381.218,40.723,28766206122444.273,13.45888258803788
235699,70,0,9.906527971201438,72.6853,19.3275,0.0205396,17545.1,43810.9,32166.1,256.036,280.277,67.4682,28766206122444.273,13.45888258803788
235700,70,0,9.948071912167997,69.4274,17.0056,0.0160832,17677.9,44053.2,32171.3,263.307,151.818,87.1445,28766206122444.273,13.45888258803788
235701,70,0,10.016499155470422,75.8421,8.0965,0.0281847,18297.3,44058.8,32230.8,-245.965,-422.631,333.451,28766206122444.273,13.45888258803788
241153,75,1,11.475560532836157,252.182,200.219,0.00848575,45490.1,68576.3,44377.8,-296.783,-287.062,43.4984,27557430712213.06,13.440238724138231
241154,75,0,10.93798227035445,132.908,37.6527,0.0160393,45757.7,68509.0,44128.4,-588.173,-420.025,-320.665,27557430712213.06,13.440238724138231
241155,75,0,10.949322287599891,144.175,10.1031,0.0165983,45356.7,68535.4,44430.0,-171.622,-220.178,328.782,27557430712213.06,13.440238724138231
241156,75,0,10.256808473041735,90.558,34.3533,0.0142816,44946.2,68678.0,44487.1,-104.328,-760.637,-526.34,27557430712213.06,13.440238724138231
241157,75,0,9.884328859815527,70.7506,28.5204,0.019446,45258.7,68258.4,44828.6,-494.351,-377.059,-380.474,27557430712213.06,13.440238724138231
241158,75,0,10.282201921086914,93.718,10.1294,0.0213107,45652.2,68401.9,44192.2,-667.813,-583.015,-238.336,27557430712213.06,13.440238724138231
241159,75,0,10.021567090028293,75.9586,18.2835,0.0218494,45392.0,68249.6,44394.2,328.591,-453.079,224.945,27557430712213.06,13.440238724138231
241160,75,0,9.935493282942677,85.0677,11.8491,0.0111547,45722.8,68411.4,44131.1,-203.662,-935.052,206.77,27557430712213.06,13.440238724138231
241161,75,0,9.557746179663765,65.7488,19.2857,0.0110392,44978.8,68640.5,44643.2,-603.002,283.282,-558.808,27557430712213.06,13.440238724138231
241162,75,0,8.829441473007387,45.7916,20.0428,0.00746437,45777.9,68517.0,44918.2,-603.194,441.609,-280.331,27557430712213.06,13.440238724138231
172649,34,1,11.612395884245132,246.948,257.733,0.00566508,9943.47,35801.3,60946.5,25.4042,27.1568,69.7821,26929700258456.047,13.430231519515372
172650,34,0,11.4813893043828,218.666,154.07,0.0138209,10761.8,37272.1,61271.1,-259.479,-193.648,-96.3957,26929700258456.047,13.430231519515372
172651,34,0,11.313077863981762,237.366,111.674,0.0131873,10416.5,36330.1,61556.3,-43.5479,43.5472,-397.61,26929700258456.047,13.430231519515372
172652,34,0,10.956206300275277,145.326,26.829,0.0165277,10304.7,36131.7,61722.1,36.6817,-123.537,-756.03,26929700258456.047,13.430231519515372
172653,34,0,11.168840699217071,165.924,9.305,0.0192494,10350.0,36302.8,61591.8,23.3297,22.977,-338.031,26929700258456.047,13.430231519515372
172654,34,0,11.041127413739892,137.807,12.1912,0.0178608,10830.2,37220.4,61338.7,-566.453,-61.0172,-236.289,26929700258456.047,13.430231519515372
172655,34,0,10.183255129211009,86.491,29.8238,0.0100615,10380.0,35995.4,61494.2,32.4813,254.348,-895.325,26929700258456.047,13.430231519515372
172656,34,0,10.11399759750861,78.3058,33.6302,0.0201419,10552.1,36953.7,60761.7,-164.224,-91.317,426.749,26929700258456.047,13.430231519515372
172657,34,0,10.066718674297112,73.0272,33.2413,0.0293258,10182.7,36128.9,60380.6,381.413,142.561,175.717,26929700258456.047,13.430231519515372
172658,34,0,10.003539901580718,71.9178,21.7485,0.017517,9971.1,36307.9,61355.5,-90.2232,228.749,133.49,26929700258456.047,13.430231519515372
208781,52,1,11.646562602221367,227.119,212.215,0.0101205,41130.4,1397.06,71758.5,-630.833,465.061,-229.319,26839738727003.062,13.428778283852651
208782,52,0,11.521786829163531,214.038,125.308,0.0155766,40564.6,970.676,71134.3,-411.21,-69.4123,-174.368,26839738727003.062,13.428778283852651
208783,52,0,11.069555804533994,176.129,45.7527,0.00605359,41490.4,1415.14,71699.2,-800.975,21.3708,-563.275,26839738727003.062,13.428778283852651
208784,52,0,11.009366325006235,162.336,24.1172,0.0336478,40997.2,1513.44,71793.3,-77.2788,-286.341,-262.064,26839738727003.062,13.428778283852651
208785,52,0,10.132655055779306,74.2093,36.565,0.0261849,40319.9,322.348,71254.4,-356.296,-152.334,-551.622,26839738727003.062,13.428778283852651
208786,52,0,10.323161633481671,87.7713,22.5714,0.0224818,40834.5,888.257,71671.6,-339.075,230.977,-340.979,26839738727003.062,13.428778283852651
208787,52,0,10.429042416824313,98.7661,8.4679,0.0,41137.1,1499.24,71670.9,-650.942,312.237,-617.005,26839738727003.062,13.428778283852651
208788,52,0,9.52348033981102,65.767,34.1485,0.0145616,40726.5,1007.89,72094.0,-647.478,-388.306,-226.796,26839738727003.062,13.428778283852651
208789,52,0,9.801893439652249,63.5529,21.4156,0.0201645,41136.5,950.367,71156.7,-353.875,374.789,-638.377,26839738727003.062,13.428778283852651
208790,52,0,9.37061201891537,54.6798,24.6814,0.0174384,40978.0,929.545,71548.0,-924.372,39.351,440.837,26839738727003.062,13.428778283852651
220557,59,1,11.398613943418079,269.535,228.856,0.00853129,4661.03,5512.96,39562.3,-26.4081,131.45,-287.139,26269473584661.94,13.419451370023712
220558,59,0,11.407047751080052,191.64,164.15,0.0165936,5156.16,4278.09,39178.0,-190.194,373.857,-12.633,26269473584661.94,13.419451370023712
220559,59,0,11.078057299189629,152.596,15.9369,0.0138583,4596.39,5317.78,39514.9,-82.8988,-131.616,-418.457,26269473584661.94,13.419451370023712
220560,59,0,10.989594702313056,144.551,11.2073,0.0110023,4683.63,5542.87,39452.3,57.1415,54.9794,-26.1433,26269473584661.94,13.419451370023712
220561,59,0,10.581475888079996,106.67,22.9951,0.0165688,4668.96,5258.56,39361.3,-106.367,633.171,91.046,26269473584661.94,13.419451370023712
220562,59,0,10.434491585659305,89.4153,28.7066,0.0103379,4950.89,5769.65,39663.6,-397.432,-78.5342,-216.654,26269473584661.94,13.419451370023712
220563,59,0,9.859442168599157,74.2271,32.2717,0.0110692,4076.09,5266.12,39475.5,436.827,-11.2439,-222.193,26269473584661.94,13.419451370023712
220564,59,0,10.694190539823351,128.579,5.8098,0.0110211,4601.65,5441.64,39615.4,-222.636,162.905,-90.1572,26269473584661.94,13.419451370023712
220565,59,0,9.867959748760276,65.274,28.4598,0.0186246,4414.91,5311.02,40088.5,74.4428,538.814,-247.42,26269473584661.94,13.419451370023712
220566,59,0,10.277638647298012,86.6545,10.9988,0.0277916,4418.61,5321.96,39590.1,373.753,171.406,-503.779,26269473584661.94,13.419451370023712
247348,81,1,11.70395357495777,257.914,205.801,0.00879182,53244.8,30840.3,1332.0,85.0504,26.882,-56.55,25969446236875.367,13.414462688988817
247349,81,0,10.026735143158746,66.887,21.4093,0.0256535,52828.7,31350.6,1125.05,217.2,252.18,-252.943,25969446236875.367,13.414462688988817
247350,81,0,10.227561850331398,81.2156,10.613,0.0444478,53439.3,31100.2,1474.89,378.396,-148.471,-20.9398,25969446236875.367,13.414462688988817
247351,81,0,9.69107052374527,66.2865,19.7814,0.0135492,53509.1,30869.0,1496.28,236.876,-432.503,-449.937,25969446236875.367,13.414462688988817
247352,81,0,10.078670721673342,74.7021,6.9518,0.0308346,53230.8,30907.1,1503.56,-132.792,-273.905,-437.914,25969446236875.367,13.414462688988817
247353,81,0,10.019297851944403,70.1528,5.74,0.0,53314.0,30718.9,1395.91,272.285,259.425,-391.991,25969446236875.367,13.414462688988817
247354,81,0,9.399785073016446,51.5253,17.494,0.0238371,53217.0,31376.0,1108.76,307.705,118.201,-116.905,25969446236875.367,13.414462688988817
247355,81,0,10.021876889613717,66.5503,4.2948,0.0,53310.9,30788.6,1223.36,-334.665,-167.188,4.775,25969446236875.367,13.414462688988817
247356,81,0,9.447791819214004,55.1485,10.9727,0.0114776,52999.4,30903.7,1361.9,-132.54,412.437,-497.663,25969446236875.367,13.414462688988817
247357,81,0,9.000282001090214,45.9637,17.7196,0.0089378,53060.4,31482.2,905.849,89.8739,320.617,114.681,25969446236875.367,13.414462688988817
244318,78,1,11.58336747452858,259.819,197.263,0.0169262,30095.5,65110.4,52597.1,66.6976,-106.385,-27.4721,25595758627887.88,13.408168006049692
244319,78,0,10.64137134354565,128.729,2.8166,0.0,30093.2,65106.1,52656.1,242.587,336.122,-407.746,25595758627887.88,13.408168006049692
244320,78,0,10.11859995159615,78.9173,15.8064,0.0175203,29908.9,65109.8,52696.6,-147.204,-715.577,-138.048,25595758627887.88,13.408168006049692
244321,78,0,10.392990678806855,95.9904,1.3199,0.0,30030.6,65139.4,52543.1,356.883,-272.001,213.864,25595758627887.88,13.408168006049692
244322,78,0,10.240056707068947,72.5865,6.4875,0.0314966,29915.0,65214.8,52500.3,-266.432,-10.6391,-84.2122,25595758627887.88,13.408168006049692
244323,78,0,10.277861867138027,98.4259,2.0408,0.0,30062.4,65082.6,52590.8,-88.2059,-440.231,80.7629,25595758627887.88,13.408168006049692
244324,78,0,10.274000268923723,95.5599,2.7096,0.0331228,30084.9,65091.1,52576.8,355.808,-654.101,-783.967,25595758627887.88,13.408168006049692
244325,78,0,9.136763618315966,49.6652,23.0896,0.0103478,30420.2,65557.9,52452.9,-173.791,192.132,4.2838,25595758627887.88,13.408168006049692
244326,78,0,9.856231403409337,55.273,10.827,0.0234099,29699.0,65088.9,52458.4,181.847,-299.134,96.2853,25595758627887.88,13.408168006049692
244327,78,0,8.574996148760357,42.5853,24.0493,0.00493639,29611.0,65114.7,52206.3,33.2553,402.122,-12.0921,25595758627887.88,13.408168006049692
248157,82,1,11.518484797095763,249.505,201.548,0.0169354,51600.4,70189.9,11024.5,-40.6617,142.604,222.387,25080951322381.53,13.399344005293656
248158,82,0,11.094936529114005,156.068,29.1236,0.0134345,51518.0,70011.6,10802.6,-382.001,169.375,49.4605,25080951322381.53,13.399344005293656
248159,82,0,10.38345014512596,84.9462,43.1626,0.0167467,51553.1,70419.5,11794.1,-72.0981,148.773,-71.7892,25080951322381.53,13.399344005293656
248160,82,0,10.588684309142387,115.264,14.5089,0.0183267,51553.5,69985.5,10738.0,-231.144,586.536,649.885,25080951322381.53,13.399344005293656
248161,82,0,10.271259065617953,85.3535,26.9203,0.0230959,51699.2,70235.3,10621.8,-80.21,-105.084,663.641,25080951322381.53,13.399344005293656
248162,82,0,10.108796344412267,85.2734,18.8641,0.0195679,51246.8,70318.5,11115.2,446.762,-104.437,216.218,25080951322381.53,13.399344005293656
248163,82,0,9.885301778825424,67.0145,11.8285,0.0318483,51334.4,70139.7,10747.2,306.4,-184.075,141.256,25080951322381.53,13.399344005293656
248164,82,0,10.178847855004678,74.9719,3.7855,0.0429735,51731.6,70182.2,10981.4,297.352,25.419,224.315,25080951322381.53,13.399344005293656
248165,82,0,10.19810407360258,70.4641,0.2422,0.0,51597.1,70190.3,11026.1,-23.5024,-154.167,221.044,25080951322381.53,13.399344005293656
248166,82,0,9.014159774629908,43.7823,17.422,0.00912131,51670.0,70347.6,11994.4,0.8038,250.345,-100.711,25080951322381.53,13.399344005293656
236756,71,1,11.576975544409132,244.971,262.489,0.00551839,40274.9,45218.1,52696.3,-250.094,-2.3693,-0.7348,24680604306793.438,13.39235578923044
236757,71,0,10.695188937732027,117.42,44.789,0.0109963,40435.8,45528.4,52446.8,-650.867,-364.433,-225.557,24680604306793.438,13.39235578923044
236758,71,0,10.724470581174108,111.158,39.1598,0.0104525,39930.3,44855.7,52528.7,56.724,397.649,-110.444,24680604306793.438,13.39235578923044
236759,71,0,10.555898050911729,97.5709,46.0933,0.026207,40229.4,45541.1,51894.1,-229.329,-373.992,16.373,24680604306793.438,13.39235578923044
236760,71,0,10.669296561950562,117.211,22.0377,0.017785,39927.7,44788.7,52353.9,-186.096,-12.6682,15.8066,24680604306793.438,13.39235578923044
236761,71,0,10.37777081428821,96.518,25.8396,0.0198771,40311.4,44864.5,52650.1,-569.558,487.959,277.532,24680604306793.438,13.39235578923044
236762,71,0,10.115564328949587,78.8068,22.8224,0.0203327,40254.3,44888.9,52377.3,-129.04,480.074,74.8494,24680604306793.438,13.39235578923044
236763,71,0,9.891359158527758,68.2653,31.0663,0.0209986,40624.6,44686.1,52399.2,-664.912,223.648,259.771,24680604306793.438,13.39235578923044
236764,71,0,10.219584835560198,80.8872,17.7003,0.0302973,40366.9,44732.3,52885.2,-165.571,151.848,189.464,24680604306793.438,13.39235578923044
236765,71,0,10.47781524627082,105.826,5.7874,0.0122894,40303.6,45241.2,52639.3,364.981,-203.641,62.0604,24680604306793.438,13.39235578923044
233214,68,1,11.527670230564151,235.962,282.953,0.0211776,23819.3,65464.7,23205.8,-29.9474,78.2811,70.5675,24295675560968.41,13.385528979477302
233215,68,0,11.367275567261926,181.656,67.1374,0.0224958,23313.5,66152.5,22841.0,174.505,-236.822,107.575,24295675560968.41,13.385528979477302
233216,68,0,10.979021449942927,181.027,24.3339,0.00872211,23746.9,65432.6,23332.5,67.9699,445.721,-111.872,24295675560968.41,13.385528979477302
233217,68,0,10.645281838532748,100.792,26.2226,0.0224583,23357.6,65324.5,23106.9,41.9683,171.245,-102.357,24295675560968.41,13.385528979477302
233218,68,0,10.259642118876856,86.4743,20.1655,0.0320691,23558.1,65555.3,23122.5,510.841,416.515,121.57,24295675560968.41,13.385528979477302
233219,68,0,10.303127793540925,93.8959,11.8228,0.0,23618.5,65504.6,23308.4,128.155,55.2722,-211.381,24295675560968.41,13.385528979477302
233220,68,0,10.364448237882067,87.5661,9.9983,0.0375822,23752.6,65564.6,23340.4,-228.9,304.319,57.5101,24295675560968.41,13.385528979477302
233221,68,0,9.39432447232269,55.7709,21.2318,0.0158766,23892.8,65195.6,23852.2,279.607,88.9621,-11.1457,24295675560968.41,13.385528979477302
233222,68,0,10.228365952098768,85.4009,2.2842,0.0237453,23776.4,65447.5,23361.5,14.7416,489.89,-52.6631,24295675560968.41,13.385528979477302
233223,68,0,10.20838644519136,85.8722,2.2189,0.0,23768.6,65482.1,23155.9,57.9212,-10.1845,245.836,24295675560968.41,13.385528979477302
239993,74,1,11.478034956985839,238.677,242.488,0.00626298,7425.04,33901.8,58749.6,312.906,154.226,141.938,24000656087383.746,13.380223113846434
239994,74,0,11.075650390236566,143.287,56.7788,0.0209674,6759.0,33627.2,58942.5,454.841,535.76,62.2015,24000656087383.746,13.380223113846434
239995,74,0,11.245299880522168,160.606,18.0852,0.0218209,7613.03,33930.4,58859.1,56.5986,-24.2265,95.108,24000656087383.746,13.380223113846434
239996,74,0,10.466094087253214,102.611,39.8998,0.0119644,7905.77,34120.6,58445.6,-95.9563,88.1707,486.986,24000656087383.746,13.380223113846434
239997,74,0,10.225994890986332,94.1866,19.789,0.0181589,6566.05,33795.3,58871.8,638.852,-20.0149,34.5068,24000656087383.746,13.380223113846434
239998,74,0,10.000372971463399,78.6783,18.018,0.0201455,7597.29,33668.0,58827.0,573.224,144.297,677.188,24000656087383.746,13.380223113846434
239999,74,0,9.497052954228058,57.4487,23.6544,0.0135937,7073.33,34160.7,58410.1,478.557,-224.974,466.998,24000656087383.746,13.380223113846434
240000,74,0,10.094026708019644,80.8721,12.255,0.0234559,6655.67,33675.4,58874.8,662.753,432.986,115.923,24000656087383.746,13.380223113846434
240001,74,0,9.772364157168571,75.1048,15.636,0.0103145,7272.63,33745.8,58602.2,404.283,724.852,-232.843,24000656087383.746,13.380223113846434
240002,74,0,9.594170303944837,62.741,19.5989,0.0184234,6966.72,33532.1,58631.3,339.226,604.146,237.135,24000656087383.746,13.380223113846434
254925,89,1,11.680456492847615,249.248,204.787,0.013801,28870.6,58165.8,31154.0,-78.3783,226.199,271.744,23430208938819.383,13.369776161433997
254926,89,0,10.674250495807849,136.329,30.0848,0.0255029,29034.3,57889.2,31398.3,32.3439,393.357,362.597,23430208938819.383,13.369776161433997
254927,89,0,10.545642341972496,122.745,2.0984,0.0,28849.8,58145.3,31122.4,211.154,737.369,670.615,23430208938819.383,13.369776161433997
254928,89,0,9.781867688537845,64.3865,23.1622,0.016645,29323.7,57456.6,31010.4,-343.523,456.87,450.142,23430208938819.383,13.369776161433997
254929,89,0,9.105210892474268,46.6306,12.9043,0.00810108,29114.7,57903.2,31038.5,-578.099,352.808,535.047,23430208938819.383,13.369776161433997
254930,89,0,8.41969678570166,38.879,20.4826,0.00544884,28852.0,57608.2,31034.8,440.182,376.941,190.987,23430208938819.383,13.369776161433997
254931,89,0,8.855317205195943,43.7076,14.0523,0.00925341,28665.2,57836.9,31498.0,9.5366,721.866,344.815,23430208938819.383,13.369776161433997
254932,89,0,9.555837440073503,52.9124,6.9838,0.0,28589.6,58104.6,30957.3,-108.828,321.285,4.7471,23430208938819.383,13.369776161433997
254933,89,0,8.8445023061769,38.9658,16.024,0.014222,29034.2,58608.7,31412.9,-439.595,420.655,353.711,23430208938819.383,13.369776161433997
254934,89,0,9.706066601985011,50.4878,1.6592,0.0,28893.7,58240.8,31205.0,-206.308,133.602,352.828,23430208938819.383,13.369776161433997
256507,91,1,11.6931716491622,255.716,178.314,0.0196439,11385.3,23827.3,26300.9,-196.382,-111.469,-61.8633,23276862388590.566,13.3669244390725
256508,91,0,10.8935912546183,153.457,9.7233,0.0,11422.0,23876.5,26353.1,-114.631,-740.002,320.544,23276862388590.566,13.3669244390725
256509,91,0,10.438312699495812,94.067,25.2332,0.0113211,11745.7,24295.9,25870.8,-112.552,-253.14,-142.807,23276862388590.566,13.3669244390725
256510,91,0,10.171700980810556,89.8303,9.0453,0.0205443,11490.3,23831.6,26216.0,114.603,614.655,-247.588,23276862388590.566,13.3669244390725
256511,91,0,10.49107205934884,112.966,2.3945,0.00969807,11372.1,23828.9,26316.9,-136.736,434.026,-113.865,23276862388590.566,13.3669244390725
256512,91,0,10.084265368728682,74.9757,13.741,0.026502,11352.8,23804.4,26685.7,-126.918,161.27,-119.969,23276862388590.566,13.3669244390725
256513,91,0,10.109961057619634,86.0549,9.9461,0.0320982,11471.2,23719.5,26412.9,-481.44,84.6101,-609.009,23276862388590.566,13.3669244390725
256514,91,0,9.547663539531566,56.0377,21.2878,0.0156626,11241.0,24272.5,26150.3,-120.831,38.3794,-374.402,23276862388590.566,13.3669244390725
256515,91,0,9.399475976610466,53.0969,23.593,0.0166432,11329.3,23569.2,26792.0,-359.697,327.797,69.7786,23276862388590.566,13.3669244390725
256516,91,0,9.886060879062542,68.0215,8.743,0.0219411,11160.3,23850.6,26257.1,-130.383,-13.2576,-414.408,23276862388590.566,13.3669244390725
194946,44,1,11.535848530815805,227.531,271.293,0.0180113,10466.8,18633.8,62270.0,-17.9063,2.1984,115.095,22983511605725.938,13.36141638442525
194947,44,0,11.738865720779653,269.717,145.94,0.00697416,11022.8,18012.4,61403.4,-42.6668,145.768,268.95,22983511605725.938,13.36141638442525
194948,44,0,11.335792101923193,194.439,43.5512,0.0164189,10384.1,18382.7,62414.3,178.979,-313.205,-151.886,22983511605725.938,13.36141638442525
194949,44,0,10.681250586937177,139.753,62.899,0.00931081,11588.4,17872.5,61135.3,51.2116,483.996,504.112,22983511605725.938,13.36141638442525
194950,44,0,10.794363303694277,119.04,45.5783,0.00927288,10093.3,18981.8,62087.9,196.452,32.6824,-206.084,22983511605725.938,13.36141638442525
194951,44,0,10.284385769875964,84.3773,50.5854,0.0186306,11910.3,17489.1,60691.5,-325.104,312.353,-37.3109,22983511605725.938,13.36141638442525
194952,44,0,10.097594189642654,78.789,19.4443,0.0245733,10159.8,18836.2,62089.6,306.36,110.502,-341.337,22983511605725.938,13.36141638442525
194953,44,0,9.783974012369749,69.8898,18.0845,0.0169779,10122.6,18554.5,62607.2,-269.853,275.695,-460.318,22983511605725.938,13.36141638442525
194954,44,0,9.630009068538167,62.2428,22.1867,0.0140173,11737.7,17739.3,60673.6,-219.921,130.454,567.161,22983511605725.938,13.36141638442525
194955,44,0,9.949683813797037,77.0417,9.7473,0.0178671,10537.8,18528.5,62267.8,-329.844,174.447,-358.438,22983511605725.938,13.36141638442525
237941,72,1,11.405860816730028,236.345,257.679,0.0164611,22156.0,56221.3,56711.2,-207.865,-241.244,-21.7641,22482143928070.562,13.351837723789103
237942,72,0,11.206158758717335,194.122,59.7806,0.0123737,21996.3,56468.7,57001.7,-96.9827,-247.657,-413.126,22482143928070.562,13.351837723789103
237943,72,0,10.888399061297243,110.705,56.7295,0.0106535,21800.2,56853.2,57383.1,13.9094,-421.16,-288.603,22482143928070.562,13.351837723789103
237944,72,0,10.760619004470815,115.714,53.2407,0.0190204,21198.0,56855.0,57223.1,-411.821,-336.357,-288.334,22482143928070.562,13.351837723789103
237945,72,0,10.755792739597846,114.977,19.0277,0.0113657,21748.3,56376.2,57058.7,13.8777,-238.029,-504.747,22482143928070.562,13.351837723789103
237946,72,0,10.650841031435487,110.903,21.2963,0.00479867,22070.8,56196.3,56442.9,-470.256,-448.572,215.231,22482143928070.562,13.351837723789103
237947,72,0,10.246395495123766,85.6487,15.5917,0.027975,21908.7,56332.4,56756.7,-56.8759,-45.6077,-583.75,22482143928070.562,13.351837723789103
237948,72,0,9.896246084777188,71.0363,11.5251,0.0260908,21963.3,56389.8,57223.9,-228.539,-506.216,-272.557,22482143928070.562,13.351837723789103
237949,72,0,10.134963062071373,70.9394,5.4464,0.0359316,21961.4,56284.2,56685.6,-162.829,-123.751,174.862,22482143928070.562,13.351837723789103
237950,72,0,9.664360457765547,62.7622,11.8786,0.0184811,21915.0,56263.3,56957.4,168.008,-86.0312,-232.68,22482143928070.562,13.351837723789103
259114,94,1,11.225613706860763,258.203,213.945,0.00625596,355.805,10065.5,30993.6,-22.0511,284.629,94.7585,22325741114924.71,13.348805884437628
259115,94,0,11.128001917162326,185.185,20.1709,0.0134592,306.247,9971.96,31104.8,172.429,584.3,-147.969,22325741114924.71,13.348805884437628
259116,94,0,10.813433831100927,124.056,39.7617,0.0143855,766.4,10094.4,31404.5,-142.678,175.054,-294.38,22325741114924.71,13.348805884437628
259117,94,0,10.844069199033248,123.886,25.0703,0.0106252,520.044,9979.99,30871.5,-72.2086,824.281,76.0177,22325741114924.71,13.348805884437628
259118,94,0,10.33697409756852,96.7249,22.0831,0.0194681,546.546,10102.7,31259.8,-254.095,72.5777,-216.934,22325741114924.71,13.348805884437628
259119,94,0,10.16216976669674,74.2292,18.1785,0.0361651,601.747,10631.0,30563.6,-191.322,174.389,124.45,22325741114924.71,13.348805884437628
259120,94,0,9.627289338869796,53.3712,15.3989,0.0129222,212.135,10355.0,31252.1,134.71,424.429,-187.289,22325741114924.71,13.348805884437628
259121,94,0,9.438326720226891,50.7793,16.4672,0.0129911,768.186,9966.43,31574.9,-116.706,28.2742,-289.396,22325741114924.71,13.348805884437628
259122,94,0,9.451239667205543,57.1497,10.9304,0.0095717,166.698,9929.98,31154.7,473.017,257.557,-257.711,22325741114924.71,13.348805884437628
259123,94,0,9.30133442079888,49.6538,15.4385,0.0198325,215.487,10150.8,30764.6,13.9782,538.429,280.687,22325741114924.71,13.348805884437628
242214,76,1,11.73466497279822,235.91,228.302,0.0124164,49847.1,46575.4,25116.2,157.43,59.7621,200.893,22288422630992.582,13.348079334209453
242215,76,0,10.772660761312338,113.685,82.3147,0.0122899,48804.4,46821.4,25089.1,417.298,287.602,271.032,22288422630992.582,13.348079334209453
242216,76,0,10.812877847023428,114.571,29.8402,0.0105019,49486.7,46289.3,25369.7,350.412,-104.372,241.644,22288422630992.582,13.348079334209453
242217,76,0,10.794982548891817,114.374,19.1297,0.030447,49868.9,47024.3,25242.8,111.964,46.6291,248.77,22288422630992.582,13.348079334209453
242218,76,0,10.051656577317768,81.3898,40.0405,0.0151023,49309.1,46243.9,25049.9,460.806,-235.75,201.948,22288422630992.582,13.348079334209453
242219,76,0,9.986154631428734,71.6167,26.4637,0.0164095,49636.5,46990.7,24928.5,-249.473,43.9487,383.882,22288422630992.582,13.348079334209453
242220,76,0,9.973948257064794,76.2574,15.109,0.0207847,49006.5,46721.5,24965.6,460.825,358.839,229.229,22288422630992.582,13.348079334209453
242221,76,0,10.325355535714676,82.3606,4.8988,0.0,50041.4,46689.5,24998.5,321.417,137.347,167.339,22288422630992.582,13.348079334209453
242222,76,0,10.256321960044586,82.4217,5.5531,0.0,49926.3,46615.9,25306.9,109.284,-73.7183,-77.1629,22288422630992.582,13.348079334209453
242223,76,0,9.814327433361322,71.8846,16.3188,0.0200164,49842.4,46518.2,24908.1,426.108,-533.974,-70.6396,22288422630992.582,13.348079334209453
231706,67,1,11.504145063555447,247.926,300.035,0.0146925,31428.9,23645.9,44951.2,-155.077,51.5387,-90.6458,22004359571638.8,13.342508733110243
231707,67,0,11.530899637508396,205.785,62.0629,0.0197651,31344.2,23189.3,44608.9,-285.364,372.503,353.012,22004359571638.8,13.342508733110243
231708,67,0,11.288968057763613,192.462,27.1441,0.0163155,31466.7,23483.1,45098.7,-267.432,345.554,56.091,22004359571638.8,13.342508733110243
231709,67,0,10.585005879254256,114.49,55.1074,0.0129303,31240.7,23978.8,45575.4,-45.6684,-210.168,-349.206,22004359571638.8,13.342508733110243
231710,67,0,10.665393738165266,111.408,14.6025,0.00983514,31366.0,23317.9,44713.2,111.731,44.7092,-301.235,22004359571638.8,13.342508733110243
231711,67,0,10.500219534670174,93.5836,24.0879,0.0224223,31572.9,23178.5,45057.9,122.762,118.178,-398.658,22004359571638.8,13.342508733110243
231712,67,0,10.111787794922924,68.9036,18.8455,0.0263135,31590.3,22791.5,44198.2,-587.235,367.143,190.831,22004359571638.8,13.342508733110243
231713,67,0,10.023220858271513,73.9894,16.797,0.017185,31701.6,23450.9,45160.1,53.2135,419.617,-3.6796,22004359571638.8,13.342508733110243
231714,67,0,9.41720903666371,56.6732,27.5268,0.0100229,30996.9,23472.8,45038.1,-10.7425,480.776,-81.8378,22004359571638.8,13.342508733110243
231715,67,0,9.53481497866978,56.1955,20.9953,0.0144411,31450.0,23634.1,44478.5,-52.7531,60.061,-342.33,22004359571638.8,13.342508733110243
260014,95,1,11.583822371536364,257.12,184.475,0.0117141,70173.3,21334.9,21699.5,398.343,213.515,306.063,21968098886251.66,13.341792474811506
260015,95,0,11.01129767920189,149.806,19.5428,0.00805054,70167.7,21459.6,21768.1,-71.6473,-144.315,208.299,21968098886251.66,13.341792474811506
260016,95,0,10.220002251773645,90.1438,35.9538,0.0150831,70714.6,21783.4,21766.2,35.8885,253.413,57.374,21968098886251.66,13.341792474811506
260017,95,0,10.56504532965636,98.5092,15.9291,0.0141232,69940.3,21083.6,21442.4,552.37,316.161,550.371,21968098886251.66,13.341792474811506
260018,95,0,10.670612561147706,109.62,8.871,0.0137768,70214.4,21247.5,21871.7,365.732,390.852,536.347,21968098886251.66,13.341792474811506
260019,95,0,9.28693965946883,50.9941,20.0831,0.01349,70745.7,21212.2,21384.9,95.6278,461.208,455.638,21968098886251.66,13.341792474811506
260020,95,0,9.817799700471243,58.5714,10.6963,0.0270511,70579.2,21563.4,21699.9,530.444,430.387,322.324,21968098886251.66,13.341792474811506
260021,95,0,9.825590343687741,62.8718,4.6092,0.0237871,70181.9,21402.7,21792.9,-194.777,-244.77,88.9044,21968098886251.66,13.341792474811506
260022,95,0,8.444650439092612,40.7079,20.632,0.0,70410.0,21348.3,22102.1,807.218,195.197,302.48,21968098886251.66,13.341792474811506
260023,95,0,9.43781233054438,52.1324,5.5509,0.0200101,70438.3,21342.1,21601.0,219.49,341.474,337.107,21968098886251.66,13.341792474811506
268908,106,1,11.637772380163424,252.337,165.739,0.0165675,43672.8,61245.2,49564.3,-153.093,221.999,-291.554,21817368900737.195,13.338802374997073
268909,106,0,10.372223068129285,101.421,8.9176,0.0,43508.0,61397.2,49525.4,-253.233,-54.9804,-431.186,21817368900737.195,13.338802374997073
268910,106,0,10.555639504605779,118.7,1.5022,0.0,43693.9,61273.3,49578.2,-185.987,262.614,-220.236,21817368900737.195,13.338802374997073
268911,106,0,9.972094695773302,72.5154,8.4268,0.0,43582.5,61142.4,49416.9,-224.34,590.093,-504.901,21817368900737.195,13.338802374997073
268912,106,0,10.209674078075226,84.5388,2.1992,0.0,43586.9,61250.7,49606.8,-430.11,66.4136,-305.49,21817368900737.195,13.338802374997073
268913,106,0,9.474394364166127,52.1764,15.0235,0.0205806,43642.9,60818.8,49473.5,107.339,-22.0307,-205.258,21817368900737.195,13.338802374997073
268914,106,0,9.38914514933928,45.2746,13.9368,0.0125974,43851.1,60750.9,49319.0,28.214,260.764,-211.875,21817368900737.195,13.338802374997073
268915,106,0,9.20628237629918,46.0575,6.5311,0.0177154,43523.7,61087.3,49510.9,1.7157,787.707,-173.55,21817368900737.195,13.338802374997073
268916,106,0,8.499730903779117,45.0579,8.8817,0.00330174,43576.9,61306.0,49491.8,-482.886,-25.0212,-961.916,21817368900737.195,13.338802374997073
268917,106,0,8.932268198224994,41.0628,8.1564,0.0,43546.8,61496.8,49568.3,-628.266,221.452,-469.147,21817368900737.195,13.338802374997073
252245,86,1,11.656865734793794,244.457,191.655,0.00910827,13624.0,64115.8,72679.6,341.24,-223.411,90.228,21794884825020.297,13.338354578332353
252246,86,0,10.525761886014875,121.716,37.9591,0.0101232,13107.1,64311.6,72656.9,733.287,-235.093,267.129,21794884825020.297,13.338354578332353
252247,86,0,10.390013105925044,89.1931,11.7098,0.0157609,13989.9,63903.1,72790.6,393.51,-391.119,133.412,21794884825020.297,13.338354578332353
252248,86,0,10.106656150065579,77.3125,12.4531,0.032642,13642.4,64030.5,73149.5,232.846,-84.1353,12.7163,21794884825020.297,13.338354578332353
252249,86,0,10.007803069480218,69.1043,13.6953,0.0200179,13083.7,64500.2,72595.7,746.936,-250.676,145.711,21794884825020.297,13.338354578332353
252250,86,0,9.701677331269146,58.8298,17.5444,0.0251133,13664.6,64303.2,73034.9,42.2669,-72.5522,14.7598,21794884825020.297,13.338354578332353
252251,86,0,9.709581893902682,52.0124,12.2794,0.015701,13234.0,64038.9,72863.9,196.975,-216.581,278.829,21794884825020.297,13.338354578332353
252252,86,0,9.371493248224843,53.9837,17.4581,0.0231452,13877.5,64026.6,73010.2,-4.3368,-526.794,144.323,21794884825020.297,13.338354578332353
252253,86,0,9.68428786565959,56.0302,12.5999,0.0217045,13389.1,63799.8,73064.4,467.81,126.133,33.726,21794884825020.297,13.338354578332353
252254,86,0,8.617938397320344,45.1925,21.2208,0.00743896,12846.0,64274.3,72660.1,733.376,-291.87,-21.9525,21794884825020.297,13.338354578332353
261959,97,1,11.572685397585289,229.436,206.523,0.0100424,32007.4,29517.8,73184.6,-29.6442,63.2992,-101.017,21043267600614.48,13.323113178006947
261960,97,0,10.63086187780676,123.015,5.3077,0.0,32000.1,29460.2,73171.9,-82.5953,523.498,31.1213,21043267600614.48,13.323113178006947
261961,97,0,9.69712736958428,60.4512,21.648,0.0143832,31494.9,29025.0,72712.5,-276.504,-64.7619,-97.8015,21043267600614.48,13.323113178006947
261962,97,0,9.516100131275014,56.7093,23.0758,0.0137393,32303.8,29615.3,72770.0,-186.317,-198.135,242.246,21043267600614.48,13.323113178006947
261963,97,0,9.944709918759823,68.4205,10.6674,0.0240924,31875.4,29392.0,73215.8,-332.661,508.639,-212.905,21043267600614.48,13.323113178006947
261964,97,0,10.149301859229167,73.8018,3.6708,0.0351142,31918.3,29584.6,73312.9,-278.099,17.9145,-234.107,21043267600614.48,13.323113178006947
261965,97,0,9.894201889119891,61.2422,10.3352,0.0341038,32000.6,29228.9,72862.2,-153.001,163.112,-21.9594,21043267600614.48,13.323113178006947
261966,97,0,9.978416136969434,68.2001,7.0168,0.0387815,32071.2,29388.9,73320.6,-484.111,253.932,-222.033,21043267600614.48,13.323113178006947
261967,97,0,9.86619225106053,68.2269,8.2756,0.0421469,31974.3,29332.0,73133.6,-557.273,50.0421,-117.219,21043267600614.48,13.323113178006947
261968,97,0,9.776723483231418,63.3935,6.5199,0.0278061,31995.2,29614.3,73300.3,90.9987,-389.474,273.11,21043267600614.48,13.323113178006947
257302,92,1,11.586284244985462,238.846,203.555,0.0066021,63043.8,51469.9,54885.8,322.357,318.555,76.614,20689148363688.367,13.315742613983135
257303,92,0,10.679930308115537,120.612,15.7873,0.00667046,63135.3,51499.7,54777.3,-95.2804,86.1108,-471.764,20689148363688.367,13.315742613983135
257304,92,0,10.165837187065542,79.6499,19.9802,0.0313506,63376.6,51632.2,55129.6,350.858,707.069,-53.5365,20689148363688.367,13.315742613983135
257305,92,0,9.860754313701321,66.8862,28.5927,0.016068,62456.7,51327.3,54710.8,307.76,36.2849,315.857,20689148363688.367,13.315742613983135
257306,92,0,10.044563946364498,72.7309,23.2343,0.0208401,62538.5,51323.0,54519.0,18.0173,348.647,256.975,20689148363688.367,13.315742613983135
257307,92,0,9.474473926350328,59.7223,22.9423,0.0108149,62464.1,51161.8,54972.6,675.265,132.526,211.743,20689148363688.367,13.315742613983135
257308,92,0,9.888600454881212,54.1471,4.9947,0.0,63217.8,51593.6,55095.1,188.689,288.635,-73.3649,20689148363688.367,13.315742613983135
257309,92,0,9.103905682354968,45.2066,15.854,0.0185485,62688.6,51636.4,54893.5,525.662,595.446,35.3253,20689148363688.367,13.315742613983135
257310,92,0,9.121482205067268,44.9266,12.7548,0.0134711,63107.9,51038.7,54421.8,424.998,383.746,93.6253,20689148363688.367,13.315742613983135
257311,92,0,8.80043619327328,43.7535,14.3411,0.0108058,62839.7,51481.1,54557.7,689.549,428.813,-247.509,20689148363688.367,13.315742613983135
258263,93,1,11.405802895857116,245.073,197.592,0.00549749,69083.7,55891.8,21990.1,18.3412,-47.1055,195.358,20622566522733.984,13.314342713192858
258264,93,0,11.39245601231606,192.097,24.031,0.0205848,69019.7,55777.4,22080.8,-133.922,252.883,-80.0652,20622566522733.984,13.314342713192858
258265,93,0,10.814663534303861,126.789,65.6079,0.0113407,68164.7,56281.6,21960.2,143.057,-303.274,121.144,20622566522733.984,13.314342713192858
258266,93,0,10.709096122646162,114.77,28.3708,0.0140389,69268.4,55497.9,22125.1,-441.322,213.562,-65.3825,20622566522733.984,13.314342713192858
258267,93,0,9.773234991119615,64.6373,28.1874,0.01301,68712.4,55761.3,21613.2,163.265,208.801,480.674,20622566522733.984,13.314342713192858
258268,93,0,9.556532174583472,61.8028,18.194,0.0117994,68910.5,55622.4,22384.3,-237.483,227.61,417.734,20622566522733.984,13.314342713192858
258269,93,0,9.590564574693225,68.2638,11.7412,0.0121645,68945.1,55959.7,22058.3,203.721,196.302,536.663,20622566522733.984,13.314342713192858
258270,93,0,9.886423277473801,65.8567,10.1788,0.0261041,68949.0,55555.4,22116.2,-335.343,116.698,-25.3532,20622566522733.984,13.314342713192858
258271,93,0,9.616863113633467,52.7879,9.7626,0.0153554,68809.4,56031.8,21820.2,173.375,204.52,-14.3432,20622566522733.984,13.314342713192858
258272,93,0,9.11764112782907,45.4321,14.2222,0.00911543,68980.0,55868.7,21610.4,326.658,-341.622,336.223,20622566522733.984,13.314342713192858
251299,85,1,11.662860956083728,225.515,224.817,0.00980445,57377.9,44163.0,61534.3,54.2192,85.1055,-103.635,20456247073484.094,13.310825960520956
251300,85,0,10.531324266524864,99.6316,19.8382,0.0229783,57418.9,44173.7,61982.1,184.798,136.008,-380.845,20456247073484.094,13.310825960520956
251301,85,0,10.195606353429628,88.498,29.6905,0.0101311,57730.3,43893.1,61520.7,-58.7346,167.682,367.702,20456247073484.094,13.310825960520956
251302,85,0,10.799493170179892,157.801,2.0832,0.0239592,57388.8,44126.9,61525.3,133.915,51.1447,22.6615,20456247073484.094,13.310825960520956
251303,85,0,10.016115074867807,78.0693,26.61,0.0248535,57784.4,44379.4,61586.7,-18.8698,-328.711,67.1056,20456247073484.094,13.310825960520956
251304,85,0,10.464625142660893,108.435,5.315,0.0356786,57418.1,44122.8,61545.1,-402.102,18.36,200.282,20456247073484.094,13.310825960520956
251305,85,0,8.998953715574698,55.1819,29.6752,0.0053291,57277.4,44035.0,60710.3,355.639,-157.479,72.171,20456247073484.094,13.310825960520956
251306,85,0,9.167152444099393,51.8198,27.8303,0.0141904,57106.5,44120.7,60905.8,489.293,-158.607,3.0995,20456247073484.094,13.310825960520956
251307,85,0,9.909614610365699,63.9956,9.0,0.031725,57341.6,44115.5,61153.4,90.7993,-166.544,-24.2115,20456247073484.094,13.310825960520956
251308,85,0,9.926802836379613,63.0118,7.7871,0.0407429,57360.5,44104.0,61279.6,-178.495,36.1763,-311.458,20456247073484.094,13.310825960520956
265926,102,1,11.462004304661269,229.444,197.706,0.00792202,73227.6,51678.3,55486.2,433.41,313.38,-12.7487,20286792071477.34,13.307213377945056
265927,102,0,10.58089064665013,123.381,16.1532,0.0,73289.5,51649.2,55340.7,727.737,234.994,530.201,20286792071477.34,13.307213377945056
265928,102,0,10.403185895259758,98.5947,17.7556,0.0274923,73471.1,51603.2,55596.1,-83.6307,505.849,-203.776,20286792071477.34,13.307213377945056
265929,102,0,10.105712279010273,74.8779,22.2657,0.0339435,72852.1,51992.7,55541.1,196.628,282.192,31.8975,20286792071477.34,13.307213377945056
265930,102,0,10.357686764064649,82.6657,15.1063,0.0242201,73022.4,51943.9,55629.4,581.15,144.441,-162.486,20286792071477.34,13.307213377945056
265931,102,0,9.708325035260007,69.8691,25.2205,0.0116014,73269.4,51310.9,55717.0,581.844,796.644,-94.0067,20286792071477.34,13.307213377945056
265932,102,0,10.087083377566529,64.255,8.32,0.0414591,73355.7,51494.4,55329.7,639.983,147.695,-200.579,20286792071477.34,13.307213377945056
265933,102,0,10.0777743833959,71.1465,1.4747,0.0245724,73182.5,51702.7,55474.2,201.87,566.272,-108.218,20286792071477.34,13.307213377945056
265934,102,0,9.425872553668876,45.843,13.008,0.0157928,73361.3,51928.4,55797.9,311.216,242.198,-276.671,20286792071477.34,13.307213377945056
265935,102,0,9.87627257103181,57.8875,1.648,0.0,73128.2,51735.2,55515.5,427.461,202.903,-3.7987,20286792071477.34,13.307213377945056
268295,105,1,11.655226650729848,251.041,176.945,0.00656482,63522.8,61344.5,19116.5,36.4892,42.2536,213.97,20242184328406.406,13.306257375291668
268296,105,0,9.983825168438482,73.9509,17.3188,0.0190458,63511.0,61094.1,18949.1,297.865,-18.8409,-216.376,20242184328406.406,13.306257375291668
268297,105,0,10.07178419837332,70.327,5.4737,0.0244517,63576.9,61200.5,19049.0,-81.732,434.546,519.936,20242184328406.406,13.306257375291668
268298,105,0,9.97793411146889,63.0961,7.997,0.0439413,63321.9,61265.3,19288.3,-260.191,97.3892,353.185,20242184328406.406,13.306257375291668
268299,105,0,8.702494643683357,42.1104,22.6284,0.00609457,63632.3,61403.0,18491.8,48.824,-55.2239,636.997,20242184328406.406,13.306257375291668
268300,105,0,9.390748986144711,52.1408,11.6882,0.0220491,63307.1,61264.1,19477.3,94.8747,136.211,-156.703,20242184328406.406,13.306257375291668
268301,105,0,9.256194026738024,44.8464,11.183,0.0173799,63157.8,61594.0,19358.9,242.851,-69.409,24.159,20242184328406.406,13.306257375291668
268302,105,0,9.347170066121857,41.419,8.3862,0.0240016,63221.4,61467.3,19445.2,-11.1073,56.6717,473.462,20242184328406.406,13.306257375291668
268303,105,0,8.814753903043833,38.153,11.3697,0.0135954,63756.4,61015.2,18622.2,159.017,128.491,213.962,20242184328406.406,13.306257375291668
268304,105,0,9.503000925937231,38.9828,5.3142,0.0,63418.9,61462.1,19090.3,-286.173,174.302,86.513,20242184328406.406,13.306257375291668
265267,101,1,11.686658167037281,240.532,163.742,0.0110836,16025.8,3031.41,13297.5,229.793,1.4169,-143.616,19707522126190.21,13.294632022829843
265268,101,0,10.645040911336553,105.984,42.8016,0.014629,16697.0,2946.77,13302.5,69.1249,93.1316,149.582,19707522126190.21,13.294632022829843
265269,101,0,10.722718668345852,134.057,4.7947,0.0288179,16001.2,3021.48,13245.0,163.38,316.896,285.829,19707522126190.21,13.294632022829843
265270,101,0,9.817472851110434,61.7121,19.1543,0.0224361,15483.5,3397.43,13748.4,260.573,-139.896,-15.8353,19707522126190.21,13.294632022829843
265271,101,0,9.958455535290517,63.5778,11.1642,0.0319347,15832.4,3258.64,13447.4,495.452,158.383,-184.217,19707522126190.21,13.294632022829843
265272,101,0,9.854792661375164,66.1084,8.826,0.0,15995.7,2609.19,13084.5,106.468,-17.1813,-31.9164,19707522126190.21,13.294632022829843
265273,101,0,9.914159294116631,72.6243,2.8956,0.0,16031.4,2964.16,13255.3,563.874,65.3267,42.0551,19707522126190.21,13.294632022829843
265274,101,0,10.031327347580296,82.643,0.9135,0.0,16022.4,3037.25,13301.5,-166.633,194.706,-365.242,19707522126190.21,13.294632022829843
265275,101,0,9.45306859276327,47.6337,9.1736,0.0186139,16009.8,3376.45,13683.3,236.066,-158.418,-265.431,19707522126190.21,13.294632022829843
265276,101,0,8.691312025097806,39.2669,16.1937,0.00532129,15892.2,3130.98,13861.1,230.88,376.516,-449.287,19707522126190.21,13.294632022829843
266559,103,1,11.344257646694583,228.412,190.439,0.0184591,20592.2,5008.92,7428.56,-35.1633,-139.525,79.9298,19617104678158.215,13.292634909512472
266560,103,0,11.100542493975995,159.465,26.1962,0.0163733,20420.7,4841.81,7528.93,-279.32,-314.265,-266.068,19617104678158.215,13.292634909512472
266561,103,0,10.647031078136207,117.162,38.4242,0.0107064,20730.9,4728.97,7771.04,-162.486,323.335,313.063,19617104678158.215,13.292634909512472
266562,103,0,10.947452969523624,158.247,9.7849,0.0190163,20580.2,4980.67,7508.39,-255.518,-247.391,56.772,19617104678158.215,13.292634909512472
266563,103,0,9.866436471935646,74.2745,16.379,0.0129173,20637.5,5243.85,7627.06,-336.769,22.4246,-404.691,19617104678158.215,13.292634909512472
266564,103,0,10.17406916891641,84.6324,9.7685,0.0198846,20428.5,4933.35,7511.24,206.384,-523.433,-420.398,19617104678158.215,13.292634909512472
266565,103,0,9.691970575705888,52.7374,13.6603,0.0177121,20496.2,5194.78,7492.66,-198.091,153.743,0.2428,19617104678158.215,13.292634909512472
266566,103,0,9.662957090564616,56.5191,7.8641,0.0202648,20643.5,5239.22,7736.8,-144.948,-278.448,57.951,19617104678158.215,13.292634909512472
266567,103,0,9.431544189996982,49.534,12.6901,0.0210959,20379.4,4603.52,7147.71,86.8529,2.0141,-147.111,19617104678158.215,13.292634909512472
266568,103,0,9.797859380645198,52.9283,6.1711,0.0272654,20544.5,4909.46,7531.36,98.9971,-165.576,-255.071,19617104678158.215,13.292634909512472
278302,119,1,11.442868895524867,233.447,186.659,0.00785869,67395.2,71203.9,56686.7,31.056,-308.626,-377.092,19558956392894.707,13.29134567842201
278303,119,0,11.054670378407717,161.391,28.7176,0.014828,67552.9,71190.7,56574.1,-335.06,66.5197,-449.556,19558956392894.707,13.29134567842201
278304,119,0,10.515177044672184,116.039,13.6447,0.0142225,67335.4,71159.8,56625.0,145.65,-626.909,268.057,19558956392894.707,13.29134567842201
278305,119,0,10.06835241133443,76.992,28.8944,0.0188039,66969.0,71841.0,56717.2,267.131,-534.758,-312.43,19558956392894.707,13.29134567842201
278306,119,0,10.366024314985761,94.3378,17.0494,0.0251579,67548.2,70989.6,56663.1,-284.298,-479.322,-419.78,19558956392894.707,13.29134567842201
278307,119,0,9.35497167384812,50.1888,18.5778,0.0093318,67162.4,71617.7,56678.0,260.414,-619.591,-301.694,19558956392894.707,13.29134567842201
278308,119,0,9.588525598738928,57.4664,12.1207,0.0175487,67614.3,70680.1,56678.8,-150.034,57.0051,-508.267,19558956392894.707,13.29134567842201
278309,119,0,9.397857937596752,56.8221,13.0138,0.0137705,67701.6,71051.8,56699.9,-113.754,-723.841,-594.252,19558956392894.707,13.29134567842201
278310,119,0,9.442026351096088,50.8913,10.2586,0.0134857,67723.3,70697.2,56715.7,55.1395,-349.469,-188.169,19558956392894.707,13.29134567842201
278311,119,0,9.022506175324112,43.4939,15.7033,0.0138945,67465.7,71588.3,56760.8,233.669,-87.3163,-461.678,19558956392894.707,13.29134567842201
269440,107,1,11.551629330385047,236.539,187.925,0.00730125,41509.0,32473.9,54012.5,-238.419,155.478,59.9069,19373414563611.79,13.287206171852006
269441,107,0,10.665645790506924,106.988,14.9396,0.0354742,41111.3,32383.0,54017.2,4.304,279.884,127.368,19373414563611.79,13.287206171852006
269442,107,0,10.603191694588041,132.049,4.3854,0.0,41471.4,32414.2,54011.6,-342.6,494.949,606.792,19373414563611.79,13.287206171852006
269443,107,0,10.109429674021126,76.1412,5.8039,0.0,41441.7,32572.1,54084.1,-638.645,160.557,72.3422,19373414563611.79,13.287206171852006
269444,107,0,9.099747296133987,48.765,16.3684,0.014172,41682.8,32703.2,54504.2,76.3585,108.88,225.129,19373414563611.79,13.287206171852006
269445,107,0,9.591291405535003,52.9324,9.8985,0.0225309,40936.1,32462.5,54041.0,-381.698,186.256,34.8756,19373414563611.79,13.287206171852006
269446,107,0,8.880616150026235,46.8667,16.0117,0.010602,41932.3,32454.4,53921.9,-746.223,147.938,188.902,19373414563611.79,13.287206171852006
269447,107,0,9.644455453059864,53.8552,5.8273,0.0,41677.8,32602.0,54121.6,-256.987,477.992,61.276,19373414563611.79,13.287206171852006
269448,107,0,8.837633910623975,37.9374,15.8518,0.0171005,41103.2,32675.9,54223.3,-382.365,248.098,404.363,19373414563611.79,13.287206171852006
269449,107,0,8.241809025024423,32.4419,18.4897,0.0033189,41213.4,32592.9,54404.6,-109.998,-141.348,-252.357,19373414563611.79,13.287206171852006
262659,98,1,11.321727491275057,218.598,253.979,0.0120756,30176.0,8561.36,54010.2,24.0472,-119.345,22.5688,19255566435082.668,13.284556298654023
262660,98,0,10.707121160272793,135.038,25.7874,0.0101431,30146.9,8384.97,53869.2,-89.1299,121.49,8.5267,19255566435082.668,13.284556298654023
262661,98,0,10.90284549129872,142.792,5.3466,0.0,30183.0,8605.95,54023.7,27.8884,-278.604,25.73,19255566435082.668,13.284556298654023
262662,98,0,10.046254778738348,78.4306,24.4408,0.0202444,30133.1,9150.59,53940.7,79.755,-486.68,-185.439,19255566435082.668,13.284556298654023
262663,98,0,9.608290050060235,70.3898,15.6311,0.0155351,30431.4,8578.33,54063.5,435.22,-506.137,97.805,19255566435082.668,13.284556298654023
262664,98,0,9.470555966487758,59.0999,11.5449,0.0174716,30367.8,8362.8,53925.8,-43.7442,447.774,-1.4403,19255566435082.668,13.284556298654023
262665,98,0,9.54691442659314,50.469,8.7363,0.0,30179.1,8800.34,53784.1,31.4835,-135.275,-242.067,19255566435082.668,13.284556298654023
262666,98,0,8.530542628003985,40.174,16.3593,0.00457019,29676.6,8469.5,53840.0,157.924,-510.068,154.52,19255566435082.668,13.284556298654023
262667,98,0,8.564533627513542,40.0852,14.2848,0.00661971,30351.7,8217.81,53689.3,-56.8606,307.316,-177.686,19255566435082.668,13.284556298654023
262668,98,0,9.415362776826958,44.2872,6.3706,0.0,30083.1,8937.39,54136.5,-62.3437,-7.5047,-35.7735,19255566435082.668,13.284556298654023
250390,84,1,11.569074156178628,223.611,212.579,0.00799621,8719.52,34839.3,59717.9,113.235,261.37,-12.4992,19057242723210.992,13.280060065414705
250391,84,0,10.532160985072483,105.119,46.8778,0.0214716,9382.51,34969.0,60118.3,236.752,-297.239,134.845,19057242723210.992,13.280060065414705
250392,84,0,10.567912257379456,100.713,20.3933,0.0134715,8986.85,34798.2,60363.6,358.663,366.086,-0.5375,19057242723210.992,13.280060065414705
250393,84,0,10.400744169402314,91.8587,28.0853,0.0127824,8953.7,34993.6,60304.1,159.829,550.023,89.4416,19057242723210.992,13.280060065414705
250394,84,0,10.248238326485858,80.2135,33.539,0.0210169,8949.56,34837.9,60811.2,38.5394,12.4061,79.1327,19057242723210.992,13.280060065414705
250395,84,0,10.226124417411718,85.32,24.9938,0.0189944,8536.78,34671.6,60168.9,-28.654,425.735,476.017,19057242723210.992,13.280060065414705
250396,84,0,9.981071484967824,71.6486,22.1856,0.0186152,8819.91,35210.2,59307.9,223.84,48.4919,-22.1926,19057242723210.992,13.280060065414705
250397,84,0,10.364564565278076,91.307,8.1827,0.0,8688.04,35116.0,59498.7,26.1915,218.311,9.3214,19057242723210.992,13.280060065414705
250398,84,0,10.468875605632322,97.6916,1.6516,0.0522988,8724.42,34795.6,59695.8,177.258,317.946,52.2391,19057242723210.992,13.280060065414705
250399,84,0,9.68400128406991,68.548,11.9423,0.0130614,8726.84,34633.4,59712.4,-372.55,113.619,-290.478,19057242723210.992,13.280060065414705
254112,88,1,11.513167644924206,229.852,186.712,0.0109285,68750.4,24948.7,14040.1,469.172,99.9289,219.423,18569694904229.406,13.268804768441013
254113,88,0,10.899874114165499,117.456,71.7874,0.0155328,68005.8,25484.5,13976.5,691.239,19.673,307.896,18569694904229.406,13.268804768441013
254114,88,0,10.59321442579887,103.968,43.3857,0.0266376,69259.5,25216.9,14225.4,409.837,-419.838,138.421,18569694904229.406,13.268804768441013
254115,88,0,10.639103413101289,102.755,20.3277,0.0230638,68591.5,24581.3,14183.7,583.343,136.627,76.6074,18569694904229.406,13.268804768441013
254116,88,0,10.443922089491993,93.7599,17.3902,0.0310817,68674.8,25145.8,13566.5,579.64,224.5,156.162,18569694904229.406,13.268804768441013
254117,88,0,10.21985929324536,90.0568,12.32,0.0208191,68739.8,24768.7,13929.6,380.235,206.404,803.212,18569694904229.406,13.268804768441013
254118,88,0,9.693210631621415,59.8748,23.9933,0.0168801,68450.0,24491.3,13793.1,587.39,107.062,473.183,18569694904229.406,13.268804768441013
254119,88,0,9.375262560313788,56.4615,27.7716,0.0153888,68419.6,24264.1,13813.7,719.531,-28.8998,434.308,18569694904229.406,13.268804768441013
254120,88,0,10.031152537370534,68.6747,10.2427,0.0258424,68623.9,25134.7,13680.8,551.46,19.8277,275.232,18569694904229.406,13.268804768441013
254121,88,0,9.250692932670114,53.5944,18.6982,0.0120555,67754.1,25309.5,13870.8,735.659,165.463,333.387,18569694904229.406,13.268804768441013
271729,110,1,11.650670529113693,226.671,186.249,0.00732525,19998.2,55134.0,61005.4,-96.8956,-100.511,-121.598,17993070356325.656,13.255105278133408
271730,110,0,10.43208027702322,95.268,39.7919,0.0116685,20321.2,55467.7,60492.9,-362.473,-376.979,-66.6054,17993070356325.656,13.255105278133408
271731,110,0,10.584271783161444,100.424,10.8245,0.0269536,19806.2,55274.0,61010.0,260.222,-247.452,-13.6937,17993070356325.656,13.255105278133408
271732,110,0,10.139384957406715,87.0118,18.1769,0.0226628,20232.7,54994.5,60891.0,215.947,264.561,4.3965,17993070356325.656,13.255105278133408
271733,110,0,10.511194350789445,105.616,6.9734,0.0,20126.3,55144.7,61004.2,-285.678,-2.5188,225.241,17993070356325.656,13.255105278133408
271734,110,0,9.935088476772888,62.3829,21.3995,0.0255679,20550.5,55302.5,60841.3,-219.956,-276.214,10.3614,17993070356325.656,13.255105278133408
271735,110,0,9.380507658392032,56.1027,24.1479,0.0120608,20490.7,55721.0,60469.7,130.772,-270.117,-70.2194,17993070356325.656,13.255105278133408
271736,110,0,9.47520006369651,53.2967,16.5764,0.0232612,20585.1,55560.9,60611.3,-250.026,-51.3164,172.109,17993070356325.656,13.255105278133408
271737,110,0,9.555291561540093,51.2703,9.2189,0.0128141,20248.0,55335.3,60517.1,-402.673,-267.787,-83.0028,17993070356325.656,13.255105278133408
271738,110,0,9.346342000191067,50.3729,8.8365,0.016363,20133.1,55044.9,60680.8,-410.687,-379.7,78.6264,17993070356325.656,13.255105278133408
280454,122,1,11.627780571832881,227.969,185.679,0.00963219,49877.7,56748.8,29049.6,-93.1341,163.384,76.7857,17987338061314.402,13.254966897040887
280455,122,0,9.53376770670202,59.5367,30.4905,0.00845173,49998.7,57420.8,29105.9,200.719,8.2807,-126.145,17987338061314.402,13.254966897040887
280456,122,0,9.61369766301391,59.8084,15.4777,0.0142979,50102.7,56912.8,28651.8,-98.2851,-86.8172,2.8667,17987338061314.402,13.254966897040887
280457,122,0,10.21088689951196,81.5777,1.8356,0.0,49822.0,56753.2,29020.5,48.9995,221.719,210.961,17987338061314.402,13.254966897040887
280458,122,0,8.498735723433287,45.5854,18.5445,0.00696047,49948.0,57509.4,29029.0,239.431,1.7478,34.9246,17987338061314.402,13.254966897040887
280459,122,0,9.204700609075326,50.2892,13.6136,0.0156996,49724.6,56986.3,29279.4,-55.18,108.656,-468.558,17987338061314.402,13.254966897040887
280460,122,0,9.255251133920963,49.483,11.2387,0.0189614,49756.9,56914.7,29211.2,-314.871,-164.33,313.917,17987338061314.402,13.254966897040887
280461,122,0,9.374231897127398,45.3268,11.786,0.02345,49359.6,57111.9,29251.1,-174.05,319.817,178.146,17987338061314.402,13.254966897040887
280462,122,0,8.687115657096392,45.1872,14.6001,0.00615182,50230.3,56742.5,28998.4,98.3294,650.679,92.9807,17987338061314.402,13.254966897040887
280463,122,0,9.116696354551083,38.1728,12.5319,0.0124974,49827.7,56469.0,28746.2,-278.089,-28.4299,-132.591,17987338061314.402,13.254966897040887
255614,90,1,11.537954731101573,222.036,200.08,0.01762,19616.0,11060.5,5722.11,-5.9934,-131.167,67.9091,17855268218786.906,13.251766378475269
255615,90,0,10.944193343387365,144.9,59.8782,0.0126454,19265.0,11855.3,5819.06,59.3878,-392.582,-43.2195,17855268218786.906,13.251766378475269
255616,90,0,10.705725874919011,108.72,36.404,0.0287035,19152.4,12320.4,5830.85,185.084,-323.374,127.116,17855268218786.906,13.251766378475269
255617,90,0,10.568061348152069,102.704,11.1028,0.00821034,19568.4,11194.6,5707.74,370.743,-136.344,-126.561,17855268218786.906,13.251766378475269
255618,90,0,9.712615656339969,60.5453,22.8057,0.0240228,19539.4,11472.4,5586.95,192.078,-232.771,355.198,17855268218786.906,13.251766378475269
255619,90,0,9.839812488412258,60.7606,19.693,0.02977,19686.0,11347.5,6273.42,-152.698,-192.733,-45.0916,17855268218786.906,13.251766378475269
255620,90,0,10.186021078520364,72.4708,5.7237,0.0235382,19478.6,11080.9,5776.28,-277.883,-127.768,-67.5909,17855268218786.906,13.251766378475269
255621,90,0,9.598382065240424,54.1793,13.7836,0.0232877,19265.1,11657.5,6219.05,-26.5142,-57.3647,-35.1905,17855268218786.906,13.251766378475269
255622,90,0,10.123637560282889,71.2203,2.9619,0.0,19620.6,11092.3,5764.62,85.791,414.966,-5.7367,17855268218786.906,13.251766378475269
255623,90,0,9.221494707273614,47.0619,20.1329,0.00978473,19892.9,10525.1,5787.97,50.9919,-287.353,-102.513,17855268218786.906,13.251766378475269
277020,117,1,11.423550601274645,234.536,183.654,0.00674288,67990.1,30618.2,72223.8,197.729,136.294,151.796,17788632316578.094,13.250142558528186
277021,117,0,10.748697189607704,124.947,6.7109,0.0,67962.7,30547.3,72145.5,152.417,109.435,-330.559,17788632316578.094,13.250142558528186
277022,117,0,10.37254945606138,105.212,3.6374,0.040706,67990.2,30589.8,72197.3,-441.592,212.799,601.261,17788632316578.094,13.250142558528186
277023,117,0,9.762164921431705,56.6911,12.6805,0.0188647,68187.8,30638.3,71630.4,204.684,127.816,142.312,17788632316578.094,13.250142558528186
277024,117,0,10.126637103382208,68.0392,3.6079,0.0,67976.7,30689.6,72085.0,262.713,-131.933,369.949,17788632316578.094,13.250142558528186
277025,117,0,9.944661857276946,59.588,7.889,0.0270469,67715.4,30419.2,72435.2,166.41,1.7919,299.022,17788632316578.094,13.250142558528186
277026,117,0,9.165206549692394,59.0055,12.2959,0.0122154,68114.8,30595.9,72162.5,-477.522,122.075,-92.4789,17788632316578.094,13.250142558528186
277027,117,0,9.402204249218949,58.7983,8.6258,0.012815,67928.3,30710.1,72323.7,729.849,431.818,-165.141,17788632316578.094,13.250142558528186
277028,117,0,9.27772321376683,48.0481,13.9247,0.0214923,67627.8,30137.9,72217.3,171.132,-106.368,317.509,17788632316578.094,13.250142558528186
277029,117,0,8.96055770269912,43.9335,9.7863,0.00920405,67585.0,30163.2,72155.1,110.444,-193.904,148.535,17788632316578.094,13.250142558528186
267323,104,1,11.730340894366146,220.213,236.802,0.0165031,17713.4,57833.6,37143.7,10.6915,-203.398,231.719,17528615703194.2,13.243747619676077
267324,104,0,10.221825668693993,79.079,16.8456,0.0215392,17985.1,57997.3,37222.3,139.273,-494.046,58.6321,17528615703194.2,13.243747619676077
267325,104,0,9.050276868056002,56.6673,19.286,0.00513784,17813.2,57698.1,36939.9,-185.636,-740.394,416.697,17528615703194.2,13.243747619676077
267326,104,0,9.37020217049344,63.8389,11.7026,0.00756165,17643.7,57672.5,37218.8,566.484,143.904,116.37,17528615703194.2,13.243747619676077
267327,104,0,8.23970982352642,36.1091,18.077,0.00693477,17954.2,57933.8,36778.2,-322.079,-597.12,189.752,17528615703194.2,13.243747619676077
267328,104,0,8.000256372192748,38.4101,14.7499,0.0041239,17516.2,57449.2,37208.9,408.006,39.4702,14.4632,17528615703194.2,13.243747619676077
267329,104,0,8.52199309767246,36.4927,15.613,0.00689954,17399.8,57391.5,37357.7,-198.882,-176.548,524.934,17528615703194.2,13.243747619676077
267330,104,0,8.458342275912123,34.2607,16.8995,0.0090122,17540.1,57678.0,37416.0,-367.964,42.4533,451.246,17528615703194.2,13.243747619676077
267331,104,0,8.004083904151964,32.1818,14.511,0.00391846,17549.2,57378.7,37543.4,-339.0,-101.336,340.279,17528615703194.2,13.243747619676077
267332,104,0,8.88184659007847,30.6823,11.2729,0.0,17838.6,58385.3,37367.1,51.2531,-35.0269,350.102,17528615703194.2,13.243747619676077
276219,116,1,11.457149017257855,220.26,189.583,0.013555,3645.84,34274.3,59738.1,365.608,50.4032,-6.7699,17425419976657.07,13.24118325399224
276220,116,0,10.356246662551047,96.7334,23.8043,0.0157846,3723.08,33978.8,59611.8,317.891,525.419,-167.977,17425419976657.07,13.24118325399224
276221,116,0,10.324767126473835,93.721,23.3423,0.0109694,3464.47,34453.8,59720.8,576.906,-432.342,151.773,17425419976657.07,13.24118325399224
276222,116,0,10.796295264326199,111.145,5.769,0.0121159,3633.56,34184.0,59750.0,412.154,154.929,-40.3726,17425419976657.07,13.24118325399224
276223,116,0,10.217860681432247,84.2543,16.4224,0.0216543,3742.07,34489.1,59786.7,613.388,144.547,312.191,17425419976657.07,13.24118325399224
276224,116,0,10.23219528511114,82.2947,10.0862,0.0399238,3680.25,34238.3,59915.4,373.876,-327.742,-75.8246,17425419976657.07,13.24118325399224
276225,116,0,10.284132552476697,84.0605,4.9701,0.0,3784.67,34182.4,59922.3,246.934,105.949,-154.803,17425419976657.07,13.24118325399224
276226,116,0,9.96018403989673,76.3712,10.2266,0.0181968,3538.36,34516.9,59680.9,618.777,-338.047,215.733,17425419976657.07,13.24118325399224
276227,116,0,9.01453814749123,45.1536,22.7049,0.0107512,3366.8,34163.0,60175.2,420.987,-9.2705,-435.676,17425419976657.07,13.24118325399224
276228,116,0,10.026431807393159,55.1875,0.213,0.0374499,3652.84,34298.4,59728.6,377.605,54.8764,265.759,17425419976657.07,13.24118325399224
281072,123,1,11.594419956154182,235.879,174.491,0.0156756,44064.3,34072.2,30813.1,87.646,-20.2552,84.6478,17413975209094.516,13.240897921853069
281073,123,0,10.127647497093896,68.8094,3.8112,0.0325646,43904.1,33880.7,30758.0,158.681,5.3583,77.4459,17413975209094.516,13.240897921853069
281074,123,0,9.565150040747007,53.555,15.3262,0.0185112,43690.8,34378.1,31288.8,110.188,115.02,-27.9809,17413975209094.516,13.240897921853069
281075,123,0,8.848809786390722,42.4782,22.1696,0.0119914,44358.1,34503.9,30275.3,-163.462,82.631,264.216,17413975209094.516,13.240897921853069
281076,123,0,9.002652529824745,45.7236,17.1301,0.0141734,44541.0,33990.0,30792.4,273.452,199.146,375.044,17413975209094.516,13.240897921853069
281077,123,0,9.926329836742413,35.9353,0.1881,0.0562625,44072.4,34070.7,30808.6,66.4551,328.698,88.787,17413975209094.516,13.240897921853069
281078,123,0,8.9324779588979,40.3408,17.0035,0.0139722,44374.1,33666.8,30692.6,-64.6045,-304.643,93.7714,17413975209094.516,13.240897921853069
281079,123,0,9.10342089973838,43.7842,9.5603,0.0162828,44165.4,34449.4,30975.6,-21.343,32.9861,131.85,17413975209094.516,13.240897921853069
281080,123,0,8.589325173419457,36.6932,13.4935,0.00786753,44591.4,34008.4,30492.3,162.086,172.894,6.0817,17413975209094.516,13.240897921853069
281081,123,0,8.019065365992885,31.3727,18.6027,0.0,43521.9,33979.6,30595.1,-172.103,114.005,300.91,17413975209094.516,13.240897921853069
279707,121,1,11.378366782726745,226.868,205.001,0.0057704,40114.9,37065.6,39318.7,-211.174,33.1058,57.8855,17131357387275.797,13.233791775250893
279708,121,0,10.79637929071382,126.549,12.0009,0.0163148,40076.7,37186.6,39365.0,-20.555,-278.357,-183.299,17131357387275.797,13.233791775250893
279709,121,0,10.719413743788072,128.729,8.0809,0.0268181,40104.4,36981.6,39243.3,-203.764,-348.826,-363.396,17131357387275.797,13.233791775250893
279710,121,0,9.480518687926288,60.0351,17.749,0.00991008,39705.3,37566.2,39251.7,-94.2653,8.9081,-125.701,17131357387275.797,13.233791775250893
279711,121,0,9.585923421325672,55.394,14.4565,0.022,40211.1,37498.5,39332.4,-412.323,189.288,224.308,17131357387275.797,13.233791775250893
279712,121,0,9.534906658622273,52.7086,12.3985,0.0220478,39782.2,36712.4,39102.9,-308.817,93.5123,145.559,17131357387275.797,13.233791775250893
279713,121,0,9.98800727001239,54.4022,0.3095,0.0,40110.6,37065.8,39320.2,-446.784,-213.322,100.615,17131357387275.797,13.233791775250893
279714,121,0,9.173557872752381,42.061,15.0598,0.0200759,40222.6,36455.3,39457.1,-99.865,210.676,73.5254,17131357387275.797,13.233791775250893
279715,121,0,9.551000621595398,50.8847,6.4208,0.0,40221.9,37371.3,39456.7,-208.395,90.6328,283.276,17131357387275.797,13.233791775250893
279716,121,0,8.556170695052959,41.7142,13.8597,0.00516167,39945.0,37132.9,39200.6,-478.302,-510.181,-62.1518,17131357387275.797,13.233791775250893
277687,118,1,11.609845113889998,231.449,178.003,0.0100215,10400.4,13688.4,37849.1,-25.8124,-160.609,-324.138,17119085482520.482,13.233480560545377
277688,118,0,10.10390063532411,76.2679,21.1744,0.0236152,10705.2,13945.1,38385.5,-81.8613,56.0978,-287.828,17119085482520.482,13.233480560545377
277689,118,0,10.004965189892555,65.2738,21.2455,0.0193353,10321.6,13073.9,37794.4,3.2995,-84.5774,-575.624,17119085482520.482,13.233480560545377
277690,118,0,8.913838870968275,47.7947,23.1454,0.00597655,10313.3,14253.5,37501.4,252.244,-427.46,-87.8914,17119085482520.482,13.233480560545377
277691,118,0,9.066858855742149,45.5077,25.3698,0.00568986,10747.9,13781.1,38264.7,295.953,-117.418,-461.186,17119085482520.482,13.233480560545377
277692,118,0,9.907476261359546,70.7287,4.4255,0.0,10315.1,13653.5,37810.5,-80.1598,362.308,-489.345,17119085482520.482,13.233480560545377
277693,118,0,9.527601743960092,54.4425,8.7338,0.023838,10534.4,13869.8,37813.6,-284.176,59.309,-587.094,17119085482520.482,13.233480560545377
277694,118,0,9.098205704539712,44.5099,14.9472,0.0127511,10645.3,13837.5,38227.9,-70.4516,281.609,-407.074,17119085482520.482,13.233480560545377
277695,118,0,8.538277857219587,38.637,18.3785,0.0102413,10302.5,14132.2,37949.3,-72.8903,-612.893,-388.234,17119085482520.482,13.233480560545377
277696,118,0,9.514646164166034,48.913,6.5914,0.0,10417.6,13895.9,37629.5,-82.5451,-423.392,-213.161,17119085482520.482,13.233480560545377
272322,111,1,11.232011194365823,216.65,211.216,0.00493066,41034.0,23494.5,66042.6,-10.8188,58.3565,-59.4999,17072863109983.945,13.232306358173888
272323,111,0,10.474721121206693,101.641,22.6174,0.0128233,41269.9,23486.9,66452.1,122.192,211.042,-37.4861,17072863109983.945,13.232306358173888
272324,111,0,10.49818434681483,103.182,19.8664,0.0,41101.0,23446.8,66301.4,107.056,-46.0555,201.375,17072863109983.945,13.232306358173888
272325,111,0,10.35831653910976,87.2464,19.2733,0.0329799,41239.5,23797.4,66014.0,-74.9035,-80.3744,-300.216,17072863109983.945,13.232306358173888
272326,111,0,9.604235940887614,61.0284,21.736,0.0151961,41182.2,24055.3,66370.4,-316.753,-39.9103,-210.216,17072863109983.945,13.232306358173888
272327,111,0,9.678871993329029,62.6936,20.0965,0.0213046,40776.2,23279.7,66095.2,219.622,-177.507,344.15,17072863109983.945,13.232306358173888
272328,111,0,9.647931906679094,58.276,14.9078,0.0151348,41019.4,23441.9,65471.2,-147.472,-81.9733,14.2892,17072863109983.945,13.232306358173888
272329,111,0,9.63987245998128,62.0511,12.4493,0.0141256,41113.0,23518.0,66400.3,233.995,316.354,-220.776,17072863109983.945,13.232306358173888
272330,111,0,9.844505974731353,62.3172,4.3442,0.0320379,40946.6,23441.5,65922.1,20.9375,41.1057,-404.509,17072863109983.945,13.232306358173888
272331,111,0,9.188786127710078,47.1047,11.8599,0.0,40964.1,23761.7,66170.5,-204.779,129.867,-140.277,17072863109983.945,13.232306358173888
228680,65,1,11.629894833124368,214.308,265.016,0.0119656,71042.9,14890.1,28948.8,149.948,9.0188,-296.578,17046234338094.184,13.231628454483305
228681,65,0,11.088363691961812,189.949,102.998,0.00587983,70874.5,15350.1,29536.1,-42.2025,220.034,-567.41,17046234338094.184,13.231628454483305
228682,65,0,11.012382601032161,141.717,48.841,0.0334788,70433.6,14921.9,28929.9,-54.8769,180.438,-142.961,17046234338094.184,13.231628454483305
228683,65,0,10.890253651839439,124.471,51.7208,0.0192683,71340.8,14529.1,29070.5,-403.902,216.184,-504.637,17046234338094.184,13.231628454483305
228684,65,0,10.723298575359715,118.596,27.5085,0.0163573,71027.1,15000.6,29186.0,87.9373,-404.466,-90.2224,17046234338094.184,13.231628454483305
228685,65,0,10.311578690597049,86.5482,37.2952,0.0292613,70417.0,15411.0,29598.5,468.288,-146.388,-449.527,17046234338094.184,13.231628454483305
228686,65,0,9.975888154439483,70.5621,32.8298,0.0220155,70600.2,15326.5,29765.3,40.4073,568.423,-635.007,17046234338094.184,13.231628454483305
228687,65,0,9.906812516814192,63.9385,24.4346,0.0180044,70578.3,15466.0,28985.1,275.165,174.576,-416.045,17046234338094.184,13.231628454483305
228688,65,0,10.330974839887919,80.2776,8.739,0.0364801,70881.8,14527.7,29152.2,125.935,51.82,-339.317,17046234338094.184,13.231628454483305
228689,65,0,9.977874073632535,82.8848,14.4131,0.019277,71240.8,14857.9,28901.2,96.423,698.606,390.275,17046234338094.184,13.231628454483305
283011,126,1,11.63717703418548,231.06,167.191,0.0173147,32216.5,36283.7,11403.1,-209.48,-42.4368,-57.1415,16764667106653.195,13.224394934133526
283012,126,0,10.146570183120707,76.0548,8.0175,0.0,32193.5,36072.3,11311.5,-1.3146,-100.608,-332.046,16764667106653.195,13.224394934133526
283013,126,0,10.025247192801212,70.2014,3.6703,0.0,32112.1,36227.5,11224.9,-316.023,57.68,-147.534,16764667106653.195,13.224394934133526
283014,126,0,9.995724553603825,56.9284,0.3759,0.0465006,32219.9,36244.9,11410.7,-325.794,-104.691,-405.668,16764667106653.195,13.224394934133526
283015,126,0,9.757576670406522,59.1423,4.8847,0.0,32427.6,36496.2,11408.1,-238.924,-175.796,134.073,16764667106653.195,13.224394934133526
283016,126,0,9.937798827733177,51.6861,0.3101,0.0558949,32223.8,36249.0,11421.0,-309.314,-303.219,-364.772,16764667106653.195,13.224394934133526
283017,126,0,9.908401111158984,50.3773,0.3559,0.0616123,32201.3,36307.4,11370.8,-130.881,288.911,131.527,16764667106653.195,13.224394934133526
283018,126,0,9.12007921025481,37.1261,19.0874,0.0209701,32377.6,36665.7,11765.8,-271.957,128.791,119.516,16764667106653.195,13.224394934133526
283019,126,0,9.863635403263963,45.6626,0.242,0.0631729,32226.1,36270.1,11425.2,-248.048,-457.623,-195.916,16764667106653.195,13.224394934133526
283020,126,0,8.487844077639135,41.9798,13.5442,0.00588152,32213.9,36369.1,11693.2,-409.473,361.244,-344.964,16764667106653.195,13.224394934133526
284316,128,1,11.352646725534418,224.586,180.135,0.0145065,29027.9,59123.1,60184.2,-321.279,35.7342,-190.499,16753950363983.613,13.224117224447674
284317,128,0,10.44888105260978,100.88,25.6088,0.0231907,29161.2,59227.9,60436.2,-384.127,-299.667,-535.053,16753950363983.613,13.224117224447674
284318,128,0,10.141086706272965,81.1757,17.502,0.0184847,28722.2,59068.6,60420.3,-248.844,-2.9259,-13.2691,16753950363983.613,13.224117224447674
284319,128,0,10.41268890952345,90.9702,3.548,0.0539026,29122.4,59165.8,60237.8,-215.924,130.579,-224.432,16753950363983.613,13.224117224447674
284320,128,0,9.880514862758117,68.4768,9.7217,0.0248439,29155.0,59050.2,60069.1,-697.648,-190.469,99.6736,16753950363983.613,13.224117224447674
284321,128,0,9.260033341853156,46.4364,18.7004,0.0133426,29309.3,58799.3,60131.9,-342.291,-211.195,-5.4403,16753950363983.613,13.224117224447674
284322,128,0,9.244139376951537,44.3688,18.18,0.0144829,29587.1,59034.6,60198.8,-163.493,189.82,-279.327,16753950363983.613,13.224117224447674
284323,128,0,9.931314758805156,65.6554,2.3816,0.0,29046.5,59090.7,60214.5,-438.593,347.218,-532.798,16753950363983.613,13.224117224447674
284324,128,0,9.411626663795666,49.3052,9.506,0.0152342,29047.7,59017.6,60435.0,-407.336,170.021,-541.062,16753950363983.613,13.224117224447674
284325,128,0,9.220712482613456,49.0413,7.0452,0.0158118,29078.9,58950.2,60190.6,-90.0642,358.445,-138.178,16753950363983.613,13.224117224447674
283637,127,1,11.585440746097198,225.003,178.049,0.0110412,12105.5,42261.5,28333.7,-62.287,-224.854,359.432,16584252086331.932,13.219695890561374
283638,127,0,10.509585040750869,108.814,21.1727,0.00705138,11805.0,42391.7,28391.7,-138.293,-171.473,730.078,16584252086331.932,13.219695890561374
283639,127,0,9.67923578647062,61.8,17.8757,0.0228628,12126.9,41857.8,28345.2,118.451,3.6002,193.143,16584252086331.932,13.219695890561374
283640,127,0,9.743253241104963,57.141,18.9371,0.0203899,12138.6,42414.4,28004.0,211.562,-259.774,309.811,16584252086331.932,13.219695890561374
283641,127,0,10.123080166384813,78.9219,1.2852,0.0,12131.9,42257.7,28340.1,130.994,-258.046,427.548,16584252086331.932,13.219695890561374
283642,127,0,8.408128756877433,41.3336,18.8532,0.00200364,11654.8,42430.4,28621.1,-215.504,-574.522,164.527,16584252086331.932,13.219695890561374
283643,127,0,9.860345080937604,55.2968,4.6181,0.0250785,12248.4,42205.6,28185.1,-87.4198,-151.947,466.898,16584252086331.932,13.219695890561374
283644,127,0,8.519984081274357,40.2971,20.3644,0.00534948,11762.9,42295.6,28014.6,255.85,-623.286,267.999,16584252086331.932,13.219695890561374
283645,127,0,8.085608756241314,34.2507,25.1128,0.00458826,12099.7,42759.6,28619.0,-18.19,-685.022,169.751,16584252086331.932,13.219695890561374
283646,127,0,8.643123249187623,40.3137,18.4047,0.0,11921.1,41927.7,28318.6,27.5306,-565.001,156.219,16584252086331.932,13.219695890561374
264412,100,1,11.398216884103752,199.525,236.126,0.0123292,57462.4,10211.3,39251.5,-45.8346,-265.115,-243.037,16518509996863.006,13.217970870507099
264413,100,0,10.929547884763517,164.858,76.7967,0.00922454,56761.7,9971.28,39285.9,328.313,-220.896,-300.098,16518509996863.006,13.217970870507099
264414,100,0,11.143427411472848,142.562,27.6954,0.0198978,57258.6,10084.2,39182.6,-74.4306,-72.9772,-230.82,16518509996863.006,13.217970870507099
264415,100,0,10.910182642569321,158.016,26.8314,0.00728619,57604.8,10092.0,39210.0,257.223,-132.166,42.3626,16518509996863.006,13.217970870507099
264416,100,0,10.587024905768034,125.571,2.0554,0.0199702,57476.4,10208.7,39264.8,-258.591,-282.358,-550.839,16518509996863.006,13.217970870507099
264417,100,0,9.583914296501463,68.5618,12.7234,0.0104596,57534.8,10162.1,39124.0,-476.241,-272.67,244.217,16518509996863.006,13.217970870507099
264418,100,0,9.859577725178474,64.5772,12.2773,0.0196914,57553.0,10308.1,39062.4,-50.2415,-314.285,-26.2637,16518509996863.006,13.217970870507099
264419,100,0,9.889165184600406,68.6676,9.6995,0.0267386,56842.2,9959.15,39115.1,238.37,-142.744,-471.343,16518509996863.006,13.217970870507099
264420,100,0,8.4512782265013,38.3591,18.6122,0.0028937,58053.5,10078.0,39328.3,-324.689,-304.934,-84.0127,16518509996863.006,13.217970870507099
264421,100,0,9.090622780693831,48.8508,14.69,0.0113945,57217.1,10122.5,39022.3,-262.309,184.872,-304.601,16518509996863.006,13.217970870507099
286066,131,1,11.380406205184348,227.534,172.819,0.00994849,41716.3,1355.56,54614.3,-126.266,-39.0619,-207.687,16467438329804.215,13.216626045693276
286067,131,0,10.073577659947572,71.76,23.0842,0.0283383,41585.7,1178.96,55264.5,-277.837,60.026,-166.832,16467438329804.215,13.216626045693276
286068,131,0,9.95062438716489,76.9236,14.152,0.0135261,41656.2,1361.31,54802.0,-346.987,-142.486,146.472,16467438329804.215,13.216626045693276
286069,131,0,10.158238702735702,88.1633,8.2477,0.0163338,41688.6,1445.13,54559.3,-110.871,-164.199,409.7,16467438329804.215,13.216626045693276
286070,131,0,10.063036913103,74.749,11.0526,0.0389323,41816.4,1197.79,54558.9,-222.555,-463.462,-88.2928,16467438329804.215,13.216626045693276
286071,131,0,9.194472964135489,56.45,21.9188,0.0104873,41645.0,1530.24,55220.9,-55.9831,205.206,-511.929,16467438329804.215,13.216626045693276
286072,131,0,9.974436084342658,63.5481,11.5621,0.0215531,41921.7,1070.11,54622.5,-295.516,220.365,-284.836,16467438329804.215,13.216626045693276
286073,131,0,9.575718831089452,55.3211,19.7071,0.0174226,41372.3,1521.81,54447.8,-87.1829,1.4292,158.856,16467438329804.215,13.216626045693276
286074,131,0,9.230867333206923,49.9869,23.6642,0.0148012,41381.3,1580.91,54743.6,-115.52,-44.6116,-617.591,16467438329804.215,13.216626045693276
286075,131,0,9.541149407416498,60.5835,11.1025,0.0124831,41673.6,1388.96,54907.7,10.3173,-250.624,0.3469,16467438329804.215,13.216626045693276
274790,114,1,11.647559675266283,223.078,201.077,0.0129265,20844.0,7364.18,9841.11,-91.0965,-166.656,-80.7437,16402824318511.035,13.2149186334342
274791,114,0,10.582561874526675,100.143,25.747,0.0267957,20829.3,6931.54,9625.49,194.079,-269.228,-186.172,16402824318511.035,13.2149186334342
274792,114,0,9.806333214622523,54.3082,19.8927,0.0187113,20375.1,7050.49,9547.42,-351.433,-240.467,-175.26,16402824318511.035,13.2149186334342
274793,114,0,9.893821366542088,65.1835,8.7581,0.0305398,20877.4,7612.37,9752.02,-103.373,-136.416,201.386,16402824318511.035,13.2149186334342
274794,114,0,9.718648520906402,60.7071,9.206,0.0213157,20896.9,7243.37,9660.18,280.529,-108.59,-14.1647,16402824318511.035,13.2149186334342
274795,114,0,9.567002736172418,55.7959,13.4289,0.0291189,21075.3,7173.91,9626.32,-308.073,-285.685,114.409,16402824318511.035,13.2149186334342
274796,114,0,9.894903957336192,68.767,1.3279,0.0,20851.4,7369.97,9814.93,-131.906,-415.685,-194.114,16402824318511.035,13.2149186334342
274797,114,0,9.715446939319365,49.3074,6.287,0.0294911,20770.0,7198.07,9750.01,45.4716,-261.684,-7.5336,16402824318511.035,13.2149186334342
274798,114,0,9.283382028981643,45.6154,9.9713,0.0182223,21092.3,7596.66,9616.44,-152.952,-141.712,112.029,16402824318511.035,13.2149186334342
274799,114,0,8.75250096730785,36.4868,14.8131,0.010914,21229.9,7671.63,9962.82,113.595,-86.1924,225.439,16402824318511.035,13.2149186334342
270079,108,1,11.440601421493152,212.686,233.769,0.00640012,5482.71,32068.4,47462.5,223.438,116.692,44.0419,16360326766404.635,13.213791973628041
270080,108,0,10.877363182995873,131.253,26.2893,0.0289835,5600.73,31836.2,47159.5,287.517,414.81,440.283,16360326766404.635,13.213791973628041
270081,108,0,10.604524501774788,107.854,12.6587,0.0162127,5416.58,31904.7,47260.6,227.807,105.901,189.619,16360326766404.635,13.213791973628041
270082,108,0,10.161276467225903,88.5492,22.0118,0.0181175,5691.27,32055.3,47630.2,387.255,-266.76,-275.019,16360326766404.635,13.213791973628041
270083,108,0,10.267320719853542,76.7802,26.0302,0.0285995,5331.48,32475.7,47987.5,335.678,60.3253,236.105,16360326766404.635,13.213791973628041
270084,108,0,10.00539281566482,67.9763,22.6775,0.0135472,5277.11,31876.3,46959.5,141.192,80.1878,140.368,16360326766404.635,13.213791973628041
270085,108,0,10.438064925248225,93.1472,3.5289,0.0,5415.04,32045.1,47503.0,-18.7236,-71.5945,152.214,16360326766404.635,13.213791973628041
270086,108,0,9.20686808434577,47.6921,24.5051,0.00935583,5605.83,31727.8,46843.1,-148.809,358.392,204.958,16360326766404.635,13.213791973628041
270087,108,0,9.28272383732858,60.2319,13.5964,0.0081357,5443.17,31801.9,47263.9,161.533,-55.1782,561.353,16360326766404.635,13.213791973628041
270088,108,0,9.729395101101256,49.8894,11.2586,0.0244626,5555.86,32098.7,46959.5,236.533,109.704,-25.119,16360326766404.635,13.213791973628041
291888,140,1,11.498546584510981,227.438,163.307,0.0120681,17539.8,20905.5,39236.6,2.5064,84.7131,-66.9344,16248063165458.002,13.210801598749565
291889,140,0,10.478433565388237,103.303,7.9118,0.0,17609.6,20985.5,39198.2,98.0139,332.371,-534.774,16248063165458.002,13.210801598749565
291890,140,0,10.118226540434991,78.2378,11.9705,0.0227977,17123.9,20868.3,39164.4,-35.1968,105.282,-12.844,16248063165458.002,13.210801598749565
291891,140,0,9.13012951197409,52.226,19.8709,0.0142402,17563.2,20584.2,39142.4,62.8364,521.737,-322.029,16248063165458.002,13.210801598749565
291892,140,0,10.206732684662084,83.7197,1.778,0.0,17551.8,20928.2,39257.4,92.5397,40.2025,71.7042,16248063165458.002,13.210801598749565
291893,140,0,8.714746411389058,44.8104,15.8266,0.0039874,17240.1,20993.7,39295.2,451.554,254.907,-114.093,16248063165458.002,13.210801598749565
291894,140,0,9.244873263292329,47.956,6.2328,0.0224437,17608.9,20775.6,39163.6,-218.165,-281.232,-247.118,16248063165458.002,13.210801598749565
291895,140,0,9.347293995862868,44.7187,5.9224,0.0,17591.3,21053.2,39363.8,-171.729,-306.946,119.304,16248063165458.002,13.210801598749565
291896,140,0,7.710234575468017,34.7496,11.2979,0.0,17405.7,21031.4,38996.2,-346.38,-273.083,-13.1555,16248063165458.002,13.210801598749565
291897,140,0,9.128372745396682,31.7994,4.0951,0.0,17337.2,20911.1,39325.9,-150.695,235.15,34.5972,16248063165458.002,13.210801598749565
245134,79,1,11.507152858814349,210.691,259.434,0.00296231,22281.9,43112.0,47941.4,-297.346,227.783,0.7841,16091435097085.363,13.206594777905877
245135,79,0,10.81792062116827,114.186,31.5488,0.0160256,22314.8,43089.0,48602.2,-442.806,183.96,65.8756,16091435097085.363,13.206594777905877
245136,79,0,10.364636561864035,92.185,30.4872,0.0224978,21978.0,42750.3,47638.5,-371.427,328.846,-459.727,16091435097085.363,13.206594777905877
245137,79,0,10.48533280955186,93.5956,41.1948,0.0239946,22747.5,42822.3,48482.1,-587.236,34.2808,40.8603,16091435097085.363,13.206594777905877
245138,79,0,10.462112716494241,90.8884,18.501,0.0238876,22770.8,43188.7,47987.0,-340.406,375.63,-287.567,16091435097085.363,13.206594777905877
245139,79,0,10.296256365040506,85.1879,26.5955,0.0263243,22047.2,43361.7,47442.5,-42.6752,298.637,-27.6164,16091435097085.363,13.206594777905877
245140,79,0,10.376727243987304,84.7417,23.895,0.0248377,22773.9,43522.3,48161.1,-266.836,183.67,-119.235,16091435097085.363,13.206594777905877
245141,79,0,10.515586026351212,90.6137,16.5633,0.0,22901.0,43123.5,48091.7,-334.322,393.135,-274.955,16091435097085.363,13.206594777905877
245142,79,0,10.348962159951391,103.037,14.2153,0.0,21942.0,43126.7,48007.0,-372.535,335.65,214.542,16091435097085.363,13.206594777905877
245143,79,0,10.121410466202772,74.403,18.1913,0.0219163,22956.1,42994.7,48067.1,-162.397,196.053,-64.9327,16091435097085.363,13.206594777905877
282377,125,1,11.494967971685647,210.265,206.069,0.0172822,3902.42,22472.0,66702.6,260.852,105.203,25.0814,15982750351181.908,13.203651515876764
282378,125,0,10.770693332698661,126.744,18.0591,0.0242564,4043.17,22460.0,66925.2,113.555,186.327,-114.577,15982750351181.908,13.203651515876764
282379,125,0,9.34986260312037,58.0921,24.9342,0.00783048,4170.45,22563.4,66499.6,265.892,182.719,486.527,15982750351181.908,13.203651515876764
282380,125,0,9.974953928473267,73.1956,6.9885,0.0,3831.28,22355.8,66912.5,127.95,-1.8834,44.8998,15982750351181.908,13.203651515876764
282381,125,0,9.224884714084578,58.8766,13.2556,0.00503489,3974.13,22551.8,66907.4,783.944,131.536,-255.664,15982750351181.908,13.203651515876764
282382,125,0,9.432899732097416,51.3445,16.8705,0.0150833,3551.95,22834.0,66777.3,-75.3125,180.098,71.746,15982750351181.908,13.203651515876764
282383,125,0,8.934517833499529,40.1956,27.5803,0.00846445,3857.37,22717.6,66021.5,316.221,-37.7294,341.201,15982750351181.908,13.203651515876764
282384,125,0,9.349246259207309,52.847,13.3764,0.016162,3937.07,22733.8,66723.9,-181.575,471.001,112.045,15982750351181.908,13.203651515876764
282385,125,0,9.837281561520467,74.3532,4.5743,0.024842,3934.64,22458.0,66647.6,-20.7645,-112.695,-554.304,15982750351181.908,13.203651515876764
282386,125,0,9.135230804398956,41.3274,13.8264,0.0115626,4203.24,22807.2,66390.8,199.788,234.934,100.452,15982750351181.908,13.203651515876764
243186,77,1,11.316101027489838,201.34,238.447,0.0116881,813.107,31405.0,6233.57,267.084,104.107,370.268,15937820042626.219,13.202428918803975
243187,77,0,10.69457540851185,182.16,74.4207,0.00769648,930.788,30806.4,6480.07,-242.141,94.1058,5.6737,15937820042626.219,13.202428918803975
243188,77,0,11.152479283833722,172.65,31.6003,0.011203,1052.07,31456.1,6240.35,-37.5642,-56.0021,74.3888,15937820042626.219,13.202428918803975
243189,77,0,10.799947662141173,116.58,26.5037,0.0194467,707.112,31410.0,5867.23,173.313,306.836,564.866,15937820042626.219,13.202428918803975
243190,77,0,10.76244198260452,129.383,16.6,0.0187904,992.111,30957.2,6463.19,122.609,-145.204,248.888,15937820042626.219,13.202428918803975
243191,77,0,10.121576707779527,84.586,22.8693,0.0183109,1316.84,30845.6,6687.8,-457.336,7.192,36.9741,15937820042626.219,13.202428918803975
243192,77,0,10.533698298972203,116.32,8.5575,0.0196384,1059.28,31469.9,6300.33,262.815,361.384,-60.5626,15937820042626.219,13.202428918803975
243193,77,0,10.483445574814583,120.861,5.9865,0.0189345,898.804,30814.1,6520.32,-215.63,-349.208,303.02,15937820042626.219,13.202428918803975
243194,77,0,10.067427912335043,80.706,21.2478,0.0238608,711.321,30954.5,6325.01,175.436,285.852,-86.6769,15937820042626.219,13.202428918803975
243195,77,0,9.353425933339569,62.1868,17.2029,0.0139098,1122.28,30916.4,6592.26,-418.618,-400.268,-57.9565,15937820042626.219,13.202428918803975
278854,120,1,11.316029807560737,208.693,205.437,0.00978179,23736.0,9159.4,10920.0,-350.667,-118.639,-136.607,15870430886939.031,13.200588718139825
278855,120,0,10.177196850606256,72.1908,16.4333,0.0170207,23996.9,9660.72,11201.4,-413.542,-129.128,-129.588,15870430886939.031,13.200588718139825
278856,120,0,9.590469108353817,60.2295,20.0134,0.00873055,23414.3,9346.8,10871.1,-365.275,-544.304,-276.17,15870430886939.031,13.200588718139825
278857,120,0,9.82498352931719,62.5269,15.2592,0.024191,23474.2,9129.03,11360.6,-256.1,-5.8534,-84.6609,15870430886939.031,13.200588718139825
278858,120,0,9.394151181289125,56.0288,12.7268,0.0120091,23932.7,9251.44,11023.1,-311.56,-286.136,-692.512,15870430886939.031,13.200588718139825
278859,120,0,9.296654828607489,46.1357,14.4603,0.0132747,24089.6,9203.07,11477.5,-412.601,-187.461,-137.102,15870430886939.031,13.200588718139825
278860,120,0,9.80323891886021,53.9472,4.676,0.0239898,23773.0,9239.91,10727.1,-406.946,-264.343,11.492,15870430886939.031,13.200588718139825
278861,120,0,9.014252847705645,42.2755,15.774,0.0180669,24111.2,9351.55,11326.7,-200.621,-45.318,-294.789,15870430886939.031,13.200588718139825
278862,120,0,8.965389064822512,43.0912,10.5426,0.0116581,23759.6,9079.3,11087.6,-447.214,467.482,-88.4035,15870430886939.031,13.200588718139825
278863,120,0,8.860315898432571,36.5777,14.3532,0.0134616,24097.2,9521.72,11626.1,-360.399,-194.504,-107.126,15870430886939.031,13.200588718139825
273141,112,1,11.37916013726368,204.942,195.407,0.00607272,72015.2,17146.5,26286.7,109.125,20.2135,-379.522,15769484108586.139,13.197817485817229
273142,112,0,10.480281136728857,104.751,46.145,0.0166532,71592.1,16887.0,26222.7,-140.744,322.65,-653.983,15769484108586.139,13.197817485817229
273143,112,0,10.52423643573736,101.224,15.9031,0.0,71934.6,17106.6,26446.6,-150.397,414.566,-636.499,15769484108586.139,13.197817485817229
273144,112,0,10.286840308893003,84.2637,18.8257,0.0247883,71439.7,16939.7,26232.7,91.4442,107.462,-80.609,15769484108586.139,13.197817485817229
273145,112,0,10.271468431157857,81.8107,7.0803,0.0344142,72127.9,17197.7,26220.4,15.0525,212.487,-419.218,15769484108586.139,13.197817485817229
273146,112,0,9.64557628482295,60.0967,27.4679,0.0176678,71637.4,17233.4,26005.3,29.2138,409.312,-351.916,15769484108586.139,13.197817485817229
273147,112,0,9.749409015882064,65.0176,17.5354,0.0273379,71904.7,17148.0,26070.7,517.325,89.973,-306.737,15769484108586.139,13.197817485817229
273148,112,0,9.624681812147397,52.6419,14.0579,0.0178251,72350.9,16829.0,26385.4,90.8886,-103.066,-450.34,15769484108586.139,13.197817485817229
273149,112,0,9.232161478374799,50.6685,24.4807,0.0163599,71334.8,17435.3,26594.2,368.925,-461.363,-555.232,15769484108586.139,13.197817485817229
273150,112,0,9.30971627006486,43.4077,20.3337,0.0113115,72496.7,17029.7,26384.6,416.872,-86.0196,-414.138,15769484108586.139,13.197817485817229
285479,130,1,11.61212033852606,219.746,176.409,0.00803131,65751.6,16347.1,28048.4,199.068,-2.328,-264.816,15599196563261.182,13.193102230589856
285480,130,0,10.275954039168267,89.2177,27.1073,0.0202887,65280.9,16109.7,28276.0,598.513,-199.859,-467.546,15599196563261.182,13.193102230589856
285481,130,0,9.578127027275528,62.2623,25.6212,0.0176037,65532.3,16579.6,27630.5,442.917,-451.248,-170.082,15599196563261.182,13.193102230589856
285482,130,0,9.959824823977556,68.6126,10.5673,0.0297689,65571.7,16275.7,28285.6,442.925,11.7079,-39.5853,15599196563261.182,13.193102230589856
285483,130,0,9.453154417249026,50.7455,18.1178,0.0156789,66122.7,16191.8,27691.6,30.9799,113.877,-382.226,15599196563261.182,13.193102230589856
285484,130,0,8.781238992919308,45.7106,21.9816,0.00522842,65551.6,16367.2,27685.9,516.618,-356.938,-126.389,15599196563261.182,13.193102230589856
285485,130,0,9.95412210471848,64.5949,5.0911,0.0274327,65693.6,16361.0,27840.1,-11.0773,2.1383,-241.788,15599196563261.182,13.193102230589856
285486,130,0,9.697908295650011,55.2207,6.5285,0.0304026,65785.7,16360.5,27833.9,219.355,58.83,47.8936,15599196563261.182,13.193102230589856
285487,130,0,9.362707921173891,49.5281,11.3448,0.0177067,65994.9,16385.9,27793.0,-44.1123,105.185,-91.5855,15599196563261.182,13.193102230589856
285488,130,0,9.830078124558467,56.5143,3.3737,0.0,65766.1,16496.2,27817.2,270.191,-6.9339,-221.72,15599196563261.182,13.193102230589856
246232,80,1,11.522237793964493,205.503,214.222,0.00729544,117.081,28506.3,13231.6,163.423,-327.058,439.112,15571093721167.33,13.192319118694344
246233,80,0,11.120034959220483,153.314,117.44,0.0120238,74688.2,29520.8,12549.4,398.702,-585.393,234.035,15571093721167.33,13.192319118694344
246234,80,0,10.66277455622117,150.841,54.6671,0.00782429,74402.5,30195.6,12430.2,18.6698,-788.872,102.293,15571093721167.33,13.192319118694344
246235,80,0,11.019489145443304,147.801,13.3844,0.0260829,182.856,28446.8,13112.2,27.1938,-17.5986,571.35,15571093721167.33,13.192319118694344
246236,80,0,10.108866205586208,87.466,31.6363,0.0140867,74913.4,29831.6,12651.7,511.37,-337.392,621.907,15571093721167.33,13.192319118694344
246237,80,0,10.574437974532707,92.2074,24.6528,0.0225512,169.725,28561.8,12550.6,87.6243,-140.262,501.058,15571093721167.33,13.192319118694344
246238,80,0,9.696066304535718,71.64,17.1441,0.0104658,249.651,28372.7,12940.7,-317.145,-342.412,653.204,15571093721167.33,13.192319118694344
246239,80,0,10.210752747184765,103.581,2.4385,0.0233028,74398.8,30202.4,12416.3,132.461,-527.281,187.472,15571093721167.33,13.192319118694344
246240,80,0,9.772346830957229,58.7362,19.1164,0.0262687,74975.0,29146.8,13127.7,16.9289,-421.324,270.792,15571093721167.33,13.192319118694344
246241,80,0,9.338385317604388,56.3051,20.4442,0.0140377,74341.7,29900.2,12486.1,12.8125,-791.16,-97.4042,15571093721167.33,13.192319118694344
286695,132,1,11.34651813244175,201.263,202.105,0.00921664,6721.26,8884.16,38554.5,-21.2301,109.104,-274.376,15239737876439.326,13.182977497200762
286696,132,0,10.80938672696747,128.62,25.8415,0.0123021,6578.77,9161.51,38566.7,-98.763,-75.9415,-323.844,15239737876439.326,13.182977497200762
286697,132,0,10.488812497515,102.153,21.7621,0.00557931,6917.78,9060.32,38525.8,249.737,229.392,-21.3389,15239737876439.326,13.182977497200762
286698,132,0,10.35872652643044,99.6904,15.2125,0.023157,6589.21,8900.96,38484.3,393.22,-97.0591,-290.814,15239737876439.326,13.182977497200762
286699,132,0,9.4367324703513,55.7911,19.6763,0.01183,6778.54,8401.09,38679.3,183.275,400.753,-98.6705,15239737876439.326,13.182977497200762
286700,132,0,9.887322551026388,73.3787,7.6903,0.0221241,6717.86,8889.77,38678.2,-68.2574,570.445,-343.455,15239737876439.326,13.182977497200762
286701,132,0,9.882029173343032,62.3814,8.4237,0.0201329,6820.89,8565.3,38517.8,162.002,35.8483,-197.825,15239737876439.326,13.182977497200762
286702,132,0,9.675345843997388,58.4738,5.5272,0.0,6697.73,8839.04,38628.7,-344.975,499.535,-376.806,15239737876439.326,13.182977497200762
286703,132,0,9.488831219839561,51.9109,5.1664,0.017618,6569.33,8859.59,38452.9,373.656,-63.7566,-436.37,15239737876439.326,13.182977497200762
286704,132,0,8.988527623820712,44.4041,12.6291,0.0116331,6790.96,8936.3,38774.2,-57.8273,-210.94,-475.501,15239737876439.326,13.182977497200762
289426,136,1,11.502400506653352,224.07,165.108,0.0125745,54043.3,13625.9,58172.9,-34.9105,-105.71,-124.949,15127885141026.352,13.179778218454128
289427,136,0,10.77011137621101,108.907,12.0454,0.0232699,54218.8,13608.7,58022.9,0.8138,-73.9971,-176.206,15127885141026.352,13.179778218454128
289428,136,0,10.24933017326599,84.2584,18.6069,0.023783,54501.1,13420.1,58010.0,-111.662,10.6639,-229.737,15127885141026.352,13.179778218454128
289429,136,0,9.821820731702049,71.2897,13.0978,0.0144122,54230.8,13667.1,57854.8,261.651,71.9602,38.2637,15127885141026.352,13.179778218454128
289430,136,0,10.008503364470123,64.3184,8.0008,0.0325823,54370.3,13538.9,58333.9,-138.668,-91.853,-189.419,15127885141026.352,13.179778218454128
289431,136,0,10.156412947926222,84.9924,3.5341,0.026329,54019.6,13616.9,58141.8,-263.007,-188.247,609.115,15127885141026.352,13.179778218454128
289432,136,0,9.804506838754108,72.6758,9.6614,0.0183647,54148.6,13577.5,58228.2,-634.323,98.2065,60.4271,15127885141026.352,13.179778218454128
289433,136,0,9.567780460128782,64.2959,8.3524,0.0108639,54002.9,13716.1,58098.7,246.41,-608.685,-433.952,15127885141026.352,13.179778218454128
289434,136,0,9.405167778057788,51.7195,10.3403,0.0202376,54212.6,13261.2,58248.5,-63.7761,-5.3637,2.3184,15127885141026.352,13.179778218454128
289435,136,0,8.678867964392786,46.2792,15.9298,0.00658123,54197.8,13896.3,58032.2,-506.533,-62.1668,-92.9248,15127885141026.352,13.179778218454128
275531,115,1,11.32236886357126,206.534,182.109,0.00810048,34504.1,6499.14,37965.9,42.958,-202.148,-71.3897,14830323887462.633,13.171150635923983
275532,115,0,11.04114724182198,136.65,84.6585,0.0159067,34583.0,5561.56,38107.6,-157.876,-38.4022,-122.783,14830323887462.633,13.171150635923983
275533,115,0,10.35875740021297,102.52,9.9189,0.0,34520.8,6758.87,37890.5,102.504,-143.641,-93.981,14830323887462.633,13.171150635923983
275534,115,0,10.593590492155357,123.468,2.918,0.00766777,34487.3,6500.34,37950.6,-220.806,-6.3394,122.139,14830323887462.633,13.171150635923983
275535,115,0,9.979732741481529,66.0484,13.8148,0.0180628,34872.9,6561.76,37749.7,-75.0139,-159.618,27.2335,14830323887462.633,13.171150635923983
275536,115,0,10.00967742421861,69.2767,16.2072,0.0326241,35007.5,6257.85,37868.6,126.232,-249.376,-235.517,14830323887462.633,13.171150635923983
275537,115,0,9.169510783236515,43.5121,19.9829,0.0109472,35005.0,6069.77,37654.4,-265.589,95.0395,-101.179,14830323887462.633,13.171150635923983
275538,115,0,9.885574707157733,60.0327,6.1778,0.0222344,34685.7,6511.49,37906.0,-220.03,-65.3592,92.3429,14830323887462.633,13.171150635923983
275539,115,0,9.125692999685647,45.565,15.2177,0.0110297,34218.8,6803.72,38126.3,-204.881,-63.973,-272.947,14830323887462.633,13.171150635923983
275540,115,0,9.079816558166163,42.97,16.9926,0.0121796,34238.5,6583.34,37652.6,266.685,-546.822,-161.439,14830323887462.633,13.171150635923983
295077,146,1,11.443076965154413,223.842,161.659,0.0113967,31326.0,36921.9,12654.6,22.6427,-139.128,-147.676,14773538846831.635,13.169484538477976
295078,146,0,10.621329325967498,102.227,31.6503,0.00829641,31610.3,37086.4,12350.1,186.699,-310.936,-164.099,14773538846831.635,13.169484538477976
295079,146,0,10.730504288737595,138.026,11.2755,0.0152446,31295.2,36857.1,12574.1,-629.988,-132.773,-144.466,14773538846831.635,13.169484538477976
295080,146,0,10.098495042335554,79.4501,15.5079,0.0149511,31488.2,36566.3,12751.3,-72.4242,123.012,-5.3667,14773538846831.635,13.169484538477976
295081,146,0,9.403049054523523,54.1061,12.2484,0.0156201,31317.1,36999.9,12845.3,44.4399,-312.557,129.921,14773538846831.635,13.169484538477976
295082,146,0,8.42343695814222,37.7269,13.2055,0.0,31528.3,36707.2,12730.8,100.754,-614.613,-192.726,14773538846831.635,13.169484538477976
295083,146,0,7.945928610103495,34.3813,13.1566,0.0,31615.8,36905.6,12823.0,350.33,-176.649,-423.906,14773538846831.635,13.169484538477976
295084,146,0,8.959256924134431,38.9216,6.9441,0.0,31203.3,36783.1,12686.1,211.416,-279.096,-54.7115,14773538846831.635,13.169484538477976
295085,146,0,9.441056793220511,38.5209,2.3408,0.0,31492.1,36913.4,12681.1,-256.011,-59.1962,-57.8524,14773538846831.635,13.169484538477976
295086,146,0,8.746933744386613,34.2782,6.9009,0.0,31162.8,36964.0,12493.0,-65.4375,-269.958,-381.264,14773538846831.635,13.169484538477976
292921,142,1,11.312903226846885,219.093,165.968,0.0151737,19985.6,42688.4,53646.2,-17.1207,241.337,-451.042,14663516985901.979,13.166238146593255
292922,142,0,10.764941931416603,127.706,9.2121,0.00974097,19939.7,42639.5,53688.9,-511.058,188.19,-625.019,14663516985901.979,13.166238146593255
292923,142,0,10.794441529544853,153.38,3.3201,0.00698244,19988.3,42663.4,53653.5,224.104,374.241,-338.45,14663516985901.979,13.166238146593255
292924,142,0,9.680432406709395,69.9416,18.8622,0.0109091,20079.8,42510.3,53754.9,220.613,298.976,-913.724,14663516985901.979,13.166238146593255
292925,142,0,10.394231369317781,96.6051,4.4635,0.00540064,20034.3,42750.7,53654.8,-260.52,381.483,-402.625,14663516985901.979,13.166238146593255
292926,142,0,9.938186333179761,65.9409,15.2314,0.0204213,20476.0,42651.8,53875.9,-65.5805,408.111,-539.649,14663516985901.979,13.166238146593255
292927,142,0,10.01979859268711,79.0994,7.8444,0.021634,19945.6,42688.2,53734.7,-427.493,299.568,-898.726,14663516985901.979,13.166238146593255
292928,142,0,9.566818517200485,59.7199,18.4105,0.0130583,20136.7,42620.7,53851.1,133.025,-173.685,-670.613,14663516985901.979,13.166238146593255
292929,142,0,8.831931521331267,47.7941,19.0528,0.00538422,19554.2,42703.4,53680.9,378.13,20.0214,-391.764,14663516985901.979,13.166238146593255
292930,142,0,9.866480068358172,58.2058,6.673,0.0,19889.0,42899.6,53439.0,-138.167,-64.166,-360.229,14663516985901.979,13.166238146593255
304726,164,1,11.457001307940907,213.413,173.289,0.00770321,11358.4,781.225,8192.35,404.606,8.0575,77.5092,14553157242132.14,13.162957221781745
304727,164,0,10.192246692764046,88.2954,5.0652,0.0,11359.6,895.874,8165.25,505.81,-209.241,-137.04,14553157242132.14,13.162957221781745
304728,164,0,9.32194444219522,47.8084,16.0855,0.0174832,11079.2,404.297,8397.75,374.289,193.443,64.6879,14553157242132.14,13.162957221781745
304729,164,0,9.1805856795169,44.7173,17.2479,0.0181285,11694.2,413.676,7933.89,598.468,45.7215,13.0183,14553157242132.14,13.162957221781745
304730,164,0,8.613652408481604,37.2271,20.2624,0.0084029,11774.3,852.498,8353.44,531.342,-24.3647,399.093,14553157242132.14,13.162957221781745
304731,164,0,9.20938518818892,46.3534,6.5675,0.0,11487.2,854.947,8214.74,239.68,231.484,-222.611,14553157242132.14,13.162957221781745
304732,164,0,8.247103806197416,36.6941,10.1429,0.00517924,11263.5,633.573,8134.25,937.33,291.92,129.338,14553157242132.14,13.162957221781745
304733,164,0,8.96484716928272,38.6215,6.4759,0.0146033,11172.7,851.671,8254.67,298.449,326.258,364.188,14553157242132.14,13.162957221781745
304734,164,0,7.357239181406326,29.2039,17.4859,0.0,11435.7,877.291,7783.14,340.848,347.27,312.917,14553157242132.14,13.162957221781745
304735,164,0,8.15516473954465,33.2183,12.6726,0.00375531,11367.6,451.744,8128.32,210.797,-366.481,155.167,14553157242132.14,13.162957221781745
284948,129,1,11.448468059199994,199.03,202.856,0.00710766,8797.13,50446.8,42572.4,-53.5802,99.4702,596.75,14478975289825.988,13.160737826935609
284949,129,0,10.489014240053207,99.1079,22.9018,0.020766,8682.01,50555.7,42814.8,88.9954,-4.7306,990.55,14478975289825.988,13.160737826935609
284950,129,0,10.383338768527153,90.9387,30.111,0.0104665,8936.11,50636.4,42158.2,168.931,221.571,834.589,14478975289825.988,13.160737826935609
284951,129,0,10.380040242799305,90.706,24.3366,0.0189525,8630.45,50227.3,42270.9,-114.177,317.658,809.174,14478975289825.988,13.160737826935609
284952,129,0,10.132970957666558,80.6875,25.9069,0.0243768,9016.54,50237.2,43024.0,248.086,104.262,411.022,14478975289825.988,13.160737826935609
284953,129,0,10.424875852053935,101.794,14.0285,0.0114178,8617.52,50314.0,42469.4,112.742,8.3692,745.813,14478975289825.988,13.160737826935609
284954,129,0,9.990209562738277,60.7267,22.1645,0.0207941,9270.81,50171.6,42118.1,-68.0143,53.0658,726.557,14478975289825.988,13.160737826935609
284955,129,0,9.99714986680538,71.9103,5.7835,0.021411,8742.07,50565.7,42576.8,340.397,230.847,720.719,14478975289825.988,13.160737826935609
284956,129,0,9.865681560236764,57.4615,12.1669,0.0310397,8762.47,50057.8,42371.2,-133.98,14.3787,528.587,14478975289825.988,13.160737826935609
284957,129,0,9.887985206957104,56.8971,7.3193,0.0216734,8791.35,50452.6,42709.7,-175.17,133.085,1039.05,14478975289825.988,13.160737826935609
273994,113,1,11.385368228962252,200.632,196.382,0.00984329,31686.8,33052.4,6192.16,55.1903,53.4268,45.0365,14432251048644.172,13.159334074805168
273995,113,0,10.439248757323005,103.157,33.9542,0.0211268,31810.8,33382.9,6293.02,30.6792,51.9012,-458.022,14432251048644.172,13.159334074805168
273996,113,0,9.94701208600384,74.6099,57.9419,0.0243629,32784.9,33333.9,6316.4,-158.911,-127.006,221.464,14432251048644.172,13.159334074805168
273997,113,0,9.946942546268186,71.6353,40.0859,0.0170381,32964.5,33205.6,6084.26,-189.365,-47.6417,135.399,14432251048644.172,13.159334074805168
273998,113,0,10.365878008417118,90.478,20.1629,0.0237996,31462.9,32860.1,5515.71,-33.1725,-77.6937,67.8946,14432251048644.172,13.159334074805168
273999,113,0,10.668509170281677,116.96,5.598,0.0119914,31694.8,33025.9,6238.06,164.686,98.2185,-258.851,14432251048644.172,13.159334074805168
274000,113,0,9.823268752727287,74.3292,30.3744,0.0179769,32818.5,33651.2,6404.77,-269.69,-193.99,175.092,14432251048644.172,13.159334074805168
274001,113,0,10.663383169827592,103.932,5.0801,0.0,31682.1,33089.6,6250.39,26.8419,-10.9949,91.468,14432251048644.172,13.159334074805168
274002,113,0,9.847546612873442,69.5012,18.225,0.0167277,31425.3,32895.9,6131.5,520.965,-54.8008,-269.713,14432251048644.172,13.159334074805168
274003,113,0,9.49691208838898,60.5773,22.8423,0.0107948,32882.3,33434.1,6180.84,-145.958,-57.1404,381.157,14432251048644.172,13.159334074805168
306058,167,1,11.498202669457847,238.802,139.169,0.0154183,44670.9,70640.1,8929.24,-1.5342,130.338,29.9375,14369667938475.697,13.157446732354552
306059,167,0,10.671977801910753,113.989,16.5609,0.0155005,44664.9,70578.0,8734.72,-88.5984,191.876,-246.032,14369667938475.697,13.157446732354552
306060,167,0,10.512736690793139,99.6959,12.8499,0.026358,44785.9,70478.7,8723.55,-45.4852,394.223,57.6962,14369667938475.697,13.157446732354552
306061,167,0,10.554852219950698,131.949,4.9919,0.0218037,44678.2,70613.5,8964.1,-41.6311,-339.479,450.592,14369667938475.697,13.157446732354552
306062,167,0,10.112948478127896,91.5753,12.6957,0.0132494,44646.4,70764.1,8964.76,-361.876,-348.571,-38.0539,14369667938475.697,13.157446732354552
306063,167,0,9.179153537739449,48.0114,12.2223,0.0134898,44411.7,70663.1,9006.1,-6.1383,526.786,-2.1348,14369667938475.697,13.157446732354552
306064,167,0,9.285254249321481,54.2978,9.5235,0.0146323,44667.1,70465.8,8702.18,-296.635,-40.6742,-528.821,14369667938475.697,13.157446732354552
306065,167,0,8.682119217553904,41.9299,14.1594,0.00976005,44816.2,70165.0,8777.58,200.908,425.097,32.0857,14369667938475.697,13.157446732354552
306066,167,0,9.628324058977578,54.1602,1.6622,0.0,44625.1,70652.2,8971.51,106.635,167.096,263.624,14369667938475.697,13.157446732354552
306067,167,0,7.689376243573348,28.3719,10.0727,0.00258283,44711.3,70457.0,9164.69,96.4303,537.044,-155.295,14369667938475.697,13.157446732354552
297712,151,1,11.482294080476589,224.024,163.393,0.00543297,13285.2,43506.4,2216.4,-66.9087,-32.3643,-245.683,14347951532571.69,13.156789900958193
297713,151,0,9.964193215977808,70.916,11.8513,0.0235045,13170.0,43536.3,1828.18,26.4464,-54.4465,-95.4192,14347951532571.69,13.156789900958193
297714,151,0,10.053516226657653,78.1588,6.6068,0.0270437,13254.0,43588.4,2086.91,94.9339,-150.041,-754.219,14347951532571.69,13.156789900958193
297715,151,0,9.974686248891377,57.3278,10.4376,0.0234347,13029.2,43597.6,2000.47,-222.2,-84.2985,-269.586,14347951532571.69,13.156789900958193
297716,151,0,9.159018254007034,49.173,11.6262,0.0074011,13294.9,43309.3,2419.88,-160.446,238.085,-682.363,14347951532571.69,13.156789900958193
297717,151,0,8.937037601119266,45.1419,19.1488,0.0126178,13455.6,43270.1,1967.63,-193.783,-199.426,-552.444,14347951532571.69,13.156789900958193
297718,151,0,9.457739352658674,42.2157,8.1421,0.0130702,13065.4,43490.4,1931.52,-263.459,-47.8403,-388.383,14347951532571.69,13.156789900958193
297719,151,0,9.4945514137163,52.8752,3.9742,0.0,13266.4,43561.4,2143.63,-401.432,173.799,-20.3306,14347951532571.69,13.156789900958193
297720,151,0,8.027511512989161,29.861,16.1288,0.00693087,13549.6,43160.2,2213.42,-173.758,-283.497,27.2663,14347951532571.69,13.156789900958193
297721,151,0,8.68720788777111,37.2411,8.4324,0.0,13081.4,43866.4,2111.59,-18.235,-172.329,-214.499,14347951532571.69,13.156789900958193
288743,135,1,11.479631449676504,207.37,181.038,0.0146813,21850.5,49720.7,32150.0,-90.1063,-98.708,305.873,14103298226675.523,13.149320689544739
288744,135,0,10.639112243545295,131.809,8.9064,0.00736039,21913.4,49621.1,32171.8,48.7181,118.967,443.913,14103298226675.523,13.149320689544739
288745,135,0,10.317291456414251,98.8478,20.6577,0.0189235,21888.6,49944.6,32213.4,-649.047,-169.9,278.962,14103298226675.523,13.149320689544739
288746,135,0,9.912857375180764,70.6809,20.6021,0.0202492,21688.6,49233.7,31978.2,162.342,-330.441,263.661,14103298226675.523,13.149320689544739
288747,135,0,10.102299282694332,70.4714,15.4842,0.0232383,22024.9,49355.1,32280.5,129.725,-10.3119,384.975,14103298226675.523,13.149320689544739
288748,135,0,9.342967290947229,58.894,25.4491,0.0111447,21384.0,49599.2,31898.6,56.0609,162.966,39.4197,14103298226675.523,13.149320689544739
288749,135,0,9.85980178804034,62.9978,15.4278,0.0192619,21954.5,49347.5,31952.7,77.3548,-94.7033,456.368,14103298226675.523,13.149320689544739
288750,135,0,9.35038080139881,58.8072,23.68,0.0131607,21542.4,49606.3,31795.4,111.368,113.176,559.329,14103298226675.523,13.149320689544739
288751,135,0,9.911413980932725,61.6001,8.4327,0.0352308,22167.8,49723.4,32377.5,-89.5675,45.4408,365.694,14103298226675.523,13.149320689544739
288752,135,0,8.960255706928361,44.6154,19.9384,0.0104457,21201.8,49647.6,31907.9,133.817,65.9167,162.191,14103298226675.523,13.149320689544739
311882,179,1,11.17085823994903,216.838,179.924,0.0119784,46560.2,7762.95,4186.83,-60.5513,-155.223,-75.21,14041426923023.693,13.147411244069163
311883,179,0,11.203490427872477,177.716,26.3052,0.00976155,46566.7,7651.17,4287.52,68.444,84.1606,-399.595,14041426923023.693,13.147411244069163
311884,179,0,9.70470967936256,60.9496,13.7634,0.0138712,46359.5,7523.54,3905.31,199.775,77.3416,-189.277,14041426923023.693,13.147411244069163
311885,179,0,10.150828021884402,99.206,0.8448,0.0,46562.8,7765.98,4190.23,22.8074,-176.184,313.099,14041426923023.693,13.147411244069163
311886,179,0,9.424434550975741,56.7052,7.888,0.0129053,46547.5,7554.13,4370.72,289.78,-125.202,-97.728,14041426923023.693,13.147411244069163
311887,179,0,9.482914495241236,25.8596,0.2281,0.0,46557.7,7765.02,4185.67,-142.73,-165.463,252.816,14041426923023.693,13.147411244069163
311888,179,0,8.17071546033396,31.3659,12.0061,0.0,46779.1,8167.12,4028.75,34.477,-355.285,11.3042,14041426923023.693,13.147411244069163
311889,179,0,7.293006448658474,27.8274,13.66,0.00153362,46938.9,7711.26,4378.45,-295.666,-276.132,197.242,14041426923023.693,13.147411244069163
311890,179,0,7.877490710373652,24.1566,12.6915,0.0,46870.9,8178.87,4106.5,58.1934,-289.33,-46.5787,14041426923023.693,13.147411244069163
311891,179,0,8.373844428111749,26.8319,8.5954,0.0,46608.5,8111.5,4000.75,-152.089,109.452,86.2004,14041426923023.693,13.147411244069163
297210,150,1,11.365883530314676,214.086,165.156,0.00808707,15666.6,20430.1,27909.8,-228.262,-100.324,55.6873,13963767030015.96,13.145002594480259
297211,150,0,10.573973135651537,106.864,10.1056,0.0297801,15923.3,20376.5,27932.7,-12.1771,-58.9932,117.493,13963767030015.96,13.145002594480259
297212,150,0,9.3260702594015,49.1074,26.2929,0.0149429,15282.6,21016.5,28204.2,-76.8263,-343.82,-40.9677,13963767030015.96,13.145002594480259
297213,150,0,10.17773368998631,79.4857,3.1493,0.0,15695.5,20481.5,27889.5,-641.015,-323.425,-8.3473,13963767030015.96,13.145002594480259
297214,150,0,9.25250331880668,43.0893,13.2853,0.0135945,16049.8,20063.5,27596.1,-340.989,-38.7207,-29.6304,13963767030015.96,13.145002594480259
297215,150,0,9.802643462544573,68.0806,3.8353,0.025843,15676.3,20383.7,27899.8,-801.753,-375.75,389.056,13963767030015.96,13.145002594480259
297216,150,0,9.915732965015637,58.9755,2.6259,0.0,15755.2,20464.8,27993.1,-59.4902,-14.1955,132.616,13963767030015.96,13.145002594480259
297217,150,0,9.38706494093804,44.3464,8.1911,0.010982,15474.2,20274.3,27638.1,-339.528,-166.198,11.6473,13963767030015.96,13.145002594480259
297218,150,0,9.815001338557709,59.6396,1.1367,0.0,15668.9,20446.1,27903.3,-431.41,-549.101,162.031,13963767030015.96,13.145002594480259
297219,150,0,9.487883689827546,46.8385,5.8263,0.0221149,15612.7,20609.9,27960.6,-491.697,231.392,-117.32,13963767030015.96,13.145002594480259
252995,87,1,11.126773107592097,200.404,223.057,0.00816471,2761.19,27059.1,12471.4,-264.745,161.617,253.986,13709434957535.244,13.137019555454614
252996,87,0,11.105781632967927,164.575,97.6326,0.00926866,3197.21,27758.3,12467.7,-5.3837,-16.3809,550.713,13709434957535.244,13.137019555454614
252997,87,0,10.601686378446264,101.599,33.4708,0.0243939,3361.77,27352.3,12415.1,-255.877,78.7663,56.7688,13709434957535.244,13.137019555454614
252998,87,0,10.718811473306053,117.603,19.2161,0.0112666,2837.04,27106.7,12285.9,-583.737,465.477,223.171,13709434957535.244,13.137019555454614
252999,87,0,10.45900229804813,96.8042,24.4948,0.0,2982.27,27067.3,12625.8,-532.275,-24.58,61.5494,13709434957535.244,13.137019555454614
253000,87,0,10.123207633789738,82.6696,34.1995,0.0364565,2926.62,27032.6,12894.7,-445.209,23.7069,326.646,13709434957535.244,13.137019555454614
253001,87,0,10.24549299665072,84.2949,13.8012,0.0210194,2700.07,27452.5,12242.9,-232.615,296.718,335.219,13709434957535.244,13.137019555454614
253002,87,0,9.860507759572426,63.588,28.5978,0.0238144,2936.23,27399.6,12501.2,-219.728,-167.002,273.31,13709434957535.244,13.137019555454614
253003,87,0,9.967242369656764,73.7539,16.4591,0.0230735,2559.61,26915.0,12709.4,-520.768,382.349,328.841,13709434957535.244,13.137019555454614
253004,87,0,10.319515137720366,92.4164,4.8739,0.0296791,2892.65,27072.2,12368.6,-238.771,289.79,155.705,13709434957535.244,13.137019555454614
296787,149,1,11.497915525867684,223.821,146.551,0.0112406,70199.9,16570.6,27272.6,358.706,-58.7394,-181.012,13701361810207.227,13.136763734840041
296788,149,0,10.660642568721215,105.765,24.7232,0.0233575,70519.1,16533.3,27658.3,348.125,112.812,-205.02,13701361810207.227,13.136763734840041
296789,149,0,10.014588985602177,76.8525,9.8924,0.0233746,70209.9,16623.5,27162.5,233.44,149.308,-646.531,13701361810207.227,13.136763734840041
296790,149,0,10.084468619803216,81.7658,3.3524,0.0,70245.5,16558.6,27338.5,138.978,316.748,-273.211,13701361810207.227,13.136763734840041
296791,149,0,9.659694767944172,57.666,11.4428,0.0210786,70254.7,16599.8,27506.4,91.2179,63.6884,-8.0188,13701361810207.227,13.136763734840041
296792,149,0,9.874566892540756,60.2992,6.5585,0.0,70321.7,16595.1,27154.9,294.835,-309.672,-395.849,13701361810207.227,13.136763734840041
296793,149,0,9.355741072804525,48.6116,8.8422,0.0139689,70425.1,16445.9,27255.6,504.151,302.829,-295.362,13701361810207.227,13.136763734840041
296794,149,0,8.09554870796107,36.1804,19.0595,0.00595726,70091.9,16352.5,26774.2,234.969,275.78,-262.661,13701361810207.227,13.136763734840041
296795,149,0,7.717298445126234,32.8621,24.4588,0.0,69927.8,16280.4,26864.5,-36.3616,-95.6404,-396.002,13701361810207.227,13.136763734840041
296796,149,0,8.145504786694662,36.9165,13.1169,0.0,69846.8,16358.6,27249.3,462.557,337.357,-329.722,13701361810207.227,13.136763734840041
306516,168,1,11.517895693777835,207.005,156.12,0.00863186,51951.6,18693.9,3615.13,68.9731,-40.0825,99.6232,13656681084442.814,13.135345167731696
306517,168,0,10.784291241439751,134.045,19.9695,0.0208103,51889.5,18544.8,3464.12,-2.7428,352.766,-238.875,13656681084442.814,13.135345167731696
306518,168,0,10.102811629638373,73.7989,11.3705,0.02542,52044.6,18951.1,3503.7,64.811,-363.63,160.504,13656681084442.814,13.135345167731696
306519,168,0,10.317668003426627,95.2168,5.3328,0.0314598,51933.3,18747.6,3595.89,-264.178,-415.279,-35.0631,13656681084442.814,13.135345167731696
306520,168,0,9.782373800085791,57.0744,21.9763,0.0233963,51962.5,18153.6,3607.3,-92.3544,2.8445,22.7968,13656681084442.814,13.135345167731696
306521,168,0,9.298432117523213,48.4875,24.1403,0.00946329,51939.6,18962.9,3177.63,381.835,-178.704,271.057,13656681084442.814,13.135345167731696
306522,168,0,8.876452399765373,38.2304,16.2279,0.00901264,51570.9,18931.0,3433.26,174.914,-299.197,273.765,13656681084442.814,13.135345167731696
306523,168,0,8.231097099719475,34.5757,19.0749,0.0,51839.9,19195.5,3593.29,-100.878,71.0014,338.336,13656681084442.814,13.135345167731696
306524,168,0,8.549148847857131,33.8905,15.7648,0.00825893,52005.5,19128.3,3428.59,-193.672,163.691,155.175,13656681084442.814,13.135345167731696
306525,168,0,8.953807755222023,38.3351,11.1221,0.015082,52148.1,18569.8,3882.15,-88.7628,-146.651,408.988,13656681084442.814,13.135345167731696
310985,177,1,11.413503686325228,212.01,168.696,0.0178247,21049.5,73973.5,19376.2,-171.087,118.611,-69.7586,13564555300770.871,13.132405560457581
310986,177,0,10.5395883217738,109.649,15.175,0.00831012,21095.4,73912.5,19213.8,45.1497,522.399,-350.473,13564555300770.871,13.132405560457581
310987,177,0,9.911922345428398,69.3681,7.002,0.0231178,20921.4,73817.0,19279.1,-352.139,294.557,175.996,13564555300770.871,13.132405560457581
310988,177,0,9.755123984417715,60.7644,2.5284,0.0,21028.7,74055.1,19533.9,85.7594,6.0801,-150.191,13564555300770.871,13.132405560457581
310989,177,0,7.520951114588412,29.6463,14.2229,0.0018945,20861.3,73938.9,19681.4,-427.176,164.072,-463.217,13564555300770.871,13.132405560457581
310990,177,0,9.264153198332561,36.8284,1.6924,0.0,20967.0,73962.1,19370.5,-423.387,227.618,-108.78,13564555300770.871,13.132405560457581
310991,177,0,9.08157881469566,30.4048,2.1716,0.0,21070.1,73871.1,19302.1,-207.797,9.8092,-23.1801,13564555300770.871,13.132405560457581
310992,177,0,7.299810156713419,24.8845,8.035,0.0,20724.1,74075.0,19386.9,200.448,397.863,-103.845,13564555300770.871,13.132405560457581
310993,177,0,8.32748713940037,27.2424,5.4053,0.0,21246.6,73842.5,19298.3,-335.887,343.968,-157.553,13564555300770.871,13.132405560457581
310994,177,0,9.04248122331636,27.5638,0.7779,0.0,21018.8,73946.7,19404.7,69.3933,158.894,128.285,13564555300770.871,13.132405560457581
308598,172,1,11.351423909992482,221.384,156.942,0.00979667,21804.3,24172.2,1408.06,-172.946,-62.4474,117.462,13432990930972.283,13.128172721544187
308599,172,0,9.743561143845234,61.5312,10.0554,0.0132447,21598.7,23935.9,1512.34,-204.795,-86.3697,91.3223,13432990930972.283,13.128172721544187
308600,172,0,9.305878544868941,49.7163,14.1552,0.0139747,22041.8,24353.4,1178.7,47.4478,-195.923,-85.4669,13432990930972.283,13.128172721544187
308601,172,0,8.661398204368178,39.0621,13.9713,0.0101915,22202.0,24484.7,1198.0,-98.1733,-201.286,63.0685,13432990930972.283,13.128172721544187
308602,172,0,9.049916967317067,33.8932,9.6538,0.0142147,21864.1,23927.0,1150.55,-87.2559,-152.579,51.7948,13432990930972.283,13.128172721544187
308603,172,0,8.373817319439608,35.4565,12.8351,0.00358481,21496.7,24012.9,1292.69,223.665,97.6735,164.168,13432990930972.283,13.128172721544187
308604,172,0,8.891805180462201,39.7087,8.0653,0.00892679,21878.9,24424.4,1006.2,-74.2188,-155.643,272.508,13432990930972.283,13.128172721544187
308605,172,0,7.91227243290613,31.2668,19.1636,0.00287271,21615.6,24266.9,1624.14,49.4091,317.979,-74.591,13432990930972.283,13.128172721544187
308606,172,0,8.254552429708358,33.7248,10.1612,0.0,21789.7,24366.2,1034.02,-258.095,149.863,-16.5079,13432990930972.283,13.128172721544187
308607,172,0,8.349338049539616,29.0872,9.1058,0.0,22106.5,24132.5,1108.01,-126.986,-223.376,84.9447,13432990930972.283,13.128172721544187
316354,189,1,11.284235856350477,207.852,165.724,0.0137942,14295.3,33561.1,54515.8,34.2017,192.134,15.0067,13281191433641.035,13.123237036616798
316355,189,0,10.872076232981597,130.532,10.0645,0.0,14184.3,33605.0,54638.7,26.535,179.453,-79.8516,13281191433641.035,13.123237036616798
316356,189,0,10.12926534722817,78.5127,5.2337,0.0252837,14217.4,33621.7,54568.4,161.737,424.912,187.562,13281191433641.035,13.123237036616798
316357,189,0,9.250195912791492,49.0293,14.5702,0.0133912,14655.8,33779.5,54290.0,48.7145,89.2062,-237.295,13281191433641.035,13.123237036616798
316358,189,0,10.012178176708376,73.6403,1.851,0.0243193,14269.1,33564.2,54526.0,216.705,509.457,72.4202,13281191433641.035,13.123237036616798
316359,189,0,9.775005880913056,61.5936,2.9014,0.0,14334.8,33604.2,54514.2,97.2545,180.074,-89.1354,13281191433641.035,13.123237036616798
316360,189,0,9.885080472481974,41.7166,0.2222,0.0,14322.8,33589.5,54538.8,78.1027,152.42,21.9656,13281191433641.035,13.123237036616798
316361,189,0,9.555908746063968,47.218,6.1297,0.0,14382.0,33583.8,54412.0,102.188,283.769,-337.432,13281191433641.035,13.123237036616798
316362,189,0,9.70421462407763,40.3311,0.3099,0.0592987,14285.2,33562.6,54524.8,117.421,443.148,133.694,13281191433641.035,13.123237036616798
316363,189,0,8.662250214334662,41.7023,9.9801,0.0107589,14176.1,33411.5,54517.7,-250.98,342.242,440.972,13281191433641.035,13.123237036616798
309045,173,1,11.336879656211332,207.442,163.525,0.00832081,27190.5,55262.7,38606.2,-117.304,-37.8775,276.566,13115052188572.576,13.117770023112723
309046,173,0,10.371204249299721,93.8592,5.1424,0.0,27215.8,55434.4,38647.5,-15.7338,-15.8241,328.447,13115052188572.576,13.117770023112723
309047,173,0,9.754934654573397,64.4699,16.1965,0.0167918,27444.9,54917.9,38450.0,-130.096,71.3715,79.1199,13115052188572.576,13.117770023112723
309048,173,0,10.316252717969311,96.949,1.1846,0.0114079,27178.5,55255.4,38600.3,45.6083,-163.997,276.871,13115052188572.576,13.117770023112723
309049,173,0,10.059528314201092,77.0804,4.1242,0.0,27250.7,55195.0,38688.1,-354.938,327.244,219.493,13115052188572.576,13.117770023112723
309050,173,0,8.864259815587488,37.7243,19.4824,0.017379,26829.5,54717.2,38786.4,-15.4539,-230.824,408.853,13115052188572.576,13.117770023112723
309051,173,0,8.40546529012372,38.5501,15.7614,0.00341628,27209.4,54951.4,38290.3,-436.546,85.7174,79.8692,13115052188572.576,13.117770023112723
309052,173,0,8.702214740975503,39.0329,15.8277,0.00813944,26937.7,54761.3,38637.2,33.3278,-174.971,322.717,13115052188572.576,13.117770023112723
309053,173,0,7.740980056732218,32.3961,15.5475,0.00192413,27031.4,55532.9,38505.4,-532.769,-237.076,435.359,13115052188572.576,13.117770023112723
309054,173,0,8.988323508669719,40.2349,6.6736,0.0154518,27383.6,55169.1,38553.7,-142.568,147.469,771.757,13115052188572.576,13.117770023112723
313954,183,1,11.313227497081842,205.196,156.195,0.00519187,3499.52,27273.6,10823.4,-456.727,142.44,277.463,13038353684872.768,13.115222757752273
313955,183,0,10.713777154250865,106.268,12.7796,0.0173906,3591.98,27409.2,10633.8,-383.966,167.92,215.238,13038353684872.768,13.115222757752273
313956,183,0,10.336253462960105,88.7613,11.454,0.0195889,3672.04,27100.1,10883.7,-560.103,54.6657,491.521,13038353684872.768,13.115222757752273
313957,183,0,9.53870275481956,58.821,8.2446,0.015297,3610.13,27255.5,10882.4,-48.8782,-152.975,134.588,13038353684872.768,13.115222757752273
313958,183,0,9.310927438178904,42.2093,7.4224,0.022226,3389.06,27283.3,11049.3,-545.564,-34.8854,192.021,13038353684872.768,13.115222757752273
313959,183,0,9.255222637375168,44.6863,3.7435,0.0234025,3512.52,27207.7,10798.4,122.014,115.618,164.294,13038353684872.768,13.115222757752273
313960,183,0,8.14033784854755,26.1909,11.4386,0.00672095,3235.51,26997.8,10912.3,-344.229,-129.845,404.634,13038353684872.768,13.115222757752273
313961,183,0,8.294408293716186,29.6747,6.9866,0.0,3290.75,26982.8,11012.9,-643.418,23.8516,323.335,13038353684872.768,13.115222757752273
313962,183,0,8.224380191545208,31.3424,4.3128,0.0,3812.73,27205.8,10927.3,-525.233,37.9962,143.07,13038353684872.768,13.115222757752273
313963,183,0,7.599552399078355,28.857,5.9767,0.0,3553.47,27341.4,10666.4,-344.908,513.125,417.494,13038353684872.768,13.115222757752273
294510,145,1,11.367091137686717,240.875,138.752,0.0127861,60259.2,68732.7,28765.6,-189.145,82.7067,299.92,12928656191469.682,13.111553386523191
294511,145,0,10.247829081051854,91.4403,27.6651,0.0142964,60365.2,68911.1,28508.2,-562.399,266.59,403.104,12928656191469.682,13.111553386523191
294512,145,0,9.954562239209768,76.6471,35.9253,0.0162881,60409.5,69148.4,29081.0,-360.193,-204.671,108.149,12928656191469.682,13.111553386523191
294513,145,0,10.595570090756727,127.173,3.5645,0.0130141,60243.7,68751.5,28784.6,-753.463,189.472,99.6488,12928656191469.682,13.111553386523191
294514,145,0,10.00663087031696,68.7259,23.4769,0.014712,59236.3,68936.7,28973.4,7.8409,131.664,215.771,12928656191469.682,13.111553386523191
294515,145,0,10.325752413166018,98.9887,9.6825,0.026392,60343.5,68644.1,28701.5,-61.6021,-169.918,82.065,12928656191469.682,13.111553386523191
294516,145,0,9.493303454978145,58.0253,21.6545,0.0118994,60418.8,68872.3,29022.2,-274.216,-242.832,62.5029,12928656191469.682,13.111553386523191
294517,145,0,9.295318696497228,49.3694,16.9702,0.0146641,59740.3,68859.0,28899.2,-1.8841,43.2303,333.069,12928656191469.682,13.111553386523191
294518,145,0,9.403249232853959,50.7996,11.038,0.0174738,60383.8,69049.9,28809.6,-77.7228,-91.6087,269.339,12928656191469.682,13.111553386523191
294519,145,0,8.63688127383497,39.7069,20.4049,0.00747163,60056.1,69151.0,28646.5,31.013,-154.145,139.119,12928656191469.682,13.111553386523191
294047,144,1,11.348890388314208,208.915,161.305,0.0170476,32751.8,34426.4,8363.32,-131.053,-62.4209,-147.741,12862534772198.848,13.109326561831027
294048,144,0,10.988098212213938,140.893,12.1871,0.0107522,32814.7,34312.8,8401.58,-178.247,-236.121,-130.785,12862534772198.848,13.109326561831027
294049,144,0,10.601281937156878,104.076,27.6537,0.0116095,32831.2,34344.5,7829.15,64.0555,121.066,-280.443,12862534772198.848,13.109326561831027
294050,144,0,10.606188351545732,110.338,16.2631,0.0212263,32781.4,34383.2,8087.06,-266.311,-150.383,115.513,12862534772198.848,13.109326561831027
294051,144,0,10.403565782341504,87.4283,10.6518,0.0227439,33174.3,34344.1,8347.44,-243.169,-64.2049,-179.325,12862534772198.848,13.109326561831027
294052,144,0,10.095021534027735,71.1557,13.2944,0.0322901,32577.3,34698.6,8355.64,-167.515,-336.594,-193.041,12862534772198.848,13.109326561831027
294053,144,0,9.761981964184507,56.4601,18.4251,0.0210067,32610.0,34140.9,7777.13,-58.327,-41.8978,-215.253,12862534772198.848,13.109326561831027
294054,144,0,9.680204860606576,58.0668,13.7181,0.0159045,33097.0,34344.4,8202.96,-145.74,60.2154,156.626,12862534772198.848,13.109326561831027
294055,144,0,9.18775545706833,52.3302,15.1885,0.00806077,32506.5,34415.9,8616.96,-62.2568,-272.65,-491.639,12862534772198.848,13.109326561831027
294056,144,0,9.551854291427711,58.2211,12.6329,0.0,32487.0,34730.2,8417.58,-175.252,-395.61,-12.3968,12862534772198.848,13.109326561831027
298892,153,1,11.302799083557264,212.601,156.048,0.0147355,6766.34,48455.8,25494.8,-7.723,-198.908,205.734,12857984616617.766,13.109172901832844
298893,153,0,10.501803294144754,104.396,8.1612,0.00463128,6715.28,48329.9,25489.1,139.125,-179.152,37.3628,12857984616617.766,13.109172901832844
298894,153,0,10.430726926805866,97.6928,7.5866,0.0255974,6856.42,48496.9,25561.8,35.5366,-21.0584,549.337,12857984616617.766,13.109172901832844
298895,153,0,9.59219577741024,51.8809,30.0826,0.00947649,6592.6,47777.7,25538.3,-81.1387,45.6028,44.7337,12857984616617.766,13.109172901832844
298896,153,0,9.585447407336467,61.6461,19.2186,0.0157939,6690.54,47823.5,25608.8,260.401,-305.193,101.103,12857984616617.766,13.109172901832844
298897,153,0,9.644294059076994,54.2827,13.5268,0.0301384,7103.9,48297.3,25660.1,229.814,-129.73,362.963,12857984616617.766,13.109172901832844
298898,153,0,9.958007325442427,64.8744,3.1976,0.0,6758.51,48493.4,25457.9,357.456,-129.85,527.392,12857984616617.766,13.109172901832844
298899,153,0,8.81709496044472,39.1847,19.8043,0.00765067,6518.65,48573.1,25801.7,63.7596,-292.774,-219.153,12857984616617.766,13.109172901832844
298900,153,0,9.328372981494683,48.0887,10.8053,0.0148768,6506.48,48633.1,25872.5,64.0775,-362.988,188.384,12857984616617.766,13.109172901832844
298901,153,0,8.394231369317781,44.6154,10.585,0.00372738,6605.47,47703.2,25546.2,-147.988,-35.2821,-115.504,12857984616617.766,13.109172901832844
320433,198,1,11.469593760859922,217.147,144.347,0.00786238,42280.5,50548.6,28798.5,8.0152,55.4413,84.3456,12658614819472.893,13.1023861852096
320434,198,0,10.242183603625147,78.8547,15.9275,0.0207219,42406.1,50310.7,28998.1,17.5861,13.1135,282.153,12658614819472.893,13.1023861852096
320435,198,0,9.97204615272517,76.6158,14.2953,0.0229018,42247.1,50693.3,28699.6,148.911,-433.749,-97.1225,12658614819472.893,13.1023861852096
320436,198,0,9.43072217077608,51.6014,16.5942,0.0135167,41753.6,50729.8,28884.3,36.9044,-10.5165,-76.568,12658614819472.893,13.1023861852096
320437,198,0,9.765078499931487,66.1029,3.107,0.0254045,42297.8,50535.4,28820.0,591.849,-56.3213,-375.756,12658614819472.893,13.1023861852096
320438,198,0,8.726252786043649,38.0779,8.6492,0.0114441,41857.4,50656.4,28973.0,62.9963,0.5144,-184.925,12658614819472.893,13.1023861852096
320439,198,0,9.375038240928632,44.24,2.0367,0.0,42449.0,50476.6,28835.8,92.3773,-23.877,66.0243,12658614819472.893,13.1023861852096
320440,198,0,8.072244794683332,32.6051,9.7881,0.0,42182.6,50439.9,28405.5,-161.479,209.115,227.949,12658614819472.893,13.1023861852096
320441,198,0,8.357886479137132,35.0142,8.7762,0.0,41832.6,50574.7,28773.7,179.486,-67.2964,-7.8226,12658614819472.893,13.1023861852096
320442,198,0,8.6721415064449,33.5883,4.4652,0.0,42386.8,50324.6,28895.7,-156.412,109.395,306.391,12658614819472.893,13.1023861852096
287335,133,1,11.208794939147683,194.392,223.333,0.00841749,39994.1,71649.3,42844.5,115.907,-399.644,-114.653,12602196494351.104,13.100446246882592
287336,133,0,10.681374783443976,112.746,58.6938,0.0,40521.2,71275.0,42959.9,-294.377,-346.487,-78.664,12602196494351.104,13.100446246882592
287337,133,0,10.840510034307066,126.098,26.6522,0.0151,39974.5,71942.1,42682.3,234.719,-587.754,-65.5496,12602196494351.104,13.100446246882592
287338,133,0,10.874461616395434,145.612,6.6509,0.0227049,40005.4,71613.8,42844.9,-333.63,-207.935,-142.49,12602196494351.104,13.100446246882592
287339,133,0,10.13474216784874,71.2387,6.6762,0.0172095,40085.6,71373.2,42887.3,253.192,-381.91,45.5393,12602196494351.104,13.100446246882592
287340,133,0,9.365668124268149,57.1805,14.616,0.0107326,40499.2,71164.9,43071.3,-249.43,-595.873,-205.389,12602196494351.104,13.100446246882592
287341,133,0,9.825687087183539,63.7944,7.173,0.0225309,40137.7,71592.5,42873.5,-102.858,-177.915,-9.8827,12602196494351.104,13.100446246882592
287342,133,0,9.558329755118173,50.2205,11.4124,0.0162814,40421.8,71604.6,43247.8,265.226,-325.251,120.793,12602196494351.104,13.100446246882592
287343,133,0,8.104611688402999,30.9443,15.6599,0.0,39568.8,71954.7,43057.5,166.939,-197.66,87.0491,12602196494351.104,13.100446246882592
287344,133,0,9.130936477502562,36.6937,5.5636,0.0,39909.0,71983.5,42766.8,198.172,-610.396,-51.2076,12602196494351.104,13.100446246882592
317711,192,1,11.313215029625763,247.856,137.104,0.00710099,15997.9,12975.6,60267.1,30.9686,226.834,26.6473,12554455901586.027,13.098797895538848
317712,192,0,10.820659603782323,162.35,9.6283,0.00491472,15928.0,13012.9,60271.2,-245.395,352.137,177.945,12554455901586.027,13.098797895538848
317713,192,0,9.790159623589917,65.3722,33.856,0.0155432,15526.9,12698.5,59743.5,56.9771,305.294,288.528,12554455901586.027,13.098797895538848
317714,192,0,9.680084346739235,64.7922,27.2118,0.011915,15762.8,12732.9,59781.5,-6.6319,263.757,386.109,12554455901586.027,13.098797895538848
317715,192,0,9.605568731945167,63.4366,20.1187,0.0183404,16055.5,12842.6,60606.8,80.3368,394.789,-169.63,12554455901586.027,13.098797895538848
317716,192,0,9.51435596259251,53.5148,9.6085,0.0227309,15855.6,12992.9,60004.9,171.365,36.8273,-52.8516,12554455901586.027,13.098797895538848
317717,192,0,9.903968233763887,59.7879,1.7149,0.0,16025.9,12972.3,60334.0,363.129,73.1576,98.3434,12554455901586.027,13.098797895538848
317718,192,0,8.046007455292733,35.1239,19.4783,0.00306512,16423.2,12822.4,60511.6,-11.259,327.403,-349.029,12554455901586.027,13.098797895538848
317719,192,0,8.059240334407713,35.4221,13.8027,0.00244128,15514.8,12984.5,59993.0,312.139,408.092,104.984,12554455901586.027,13.098797895538848
317720,192,0,8.426497334196565,36.2993,13.1046,0.00525931,16247.3,12984.0,60599.6,-131.209,141.352,-100.477,12554455901586.027,13.098797895538848
316029,188,1,11.262853092366118,209.656,148.251,0.00885269,6827.53,12959.6,61445.2,221.093,314.738,-10.0709,12458841364961.617,13.095477656111232
316030,188,0,9.925025853746453,76.4579,24.7141,0.0132883,6497.76,13085.9,61422.5,199.762,54.574,-290.701,12458841364961.617,13.095477656111232
316031,188,0,10.245146784088229,86.7653,3.3275,0.0261878,6876.26,12908.3,61519.7,351.554,302.426,116.788,12458841364961.617,13.095477656111232
316032,188,0,8.700978468780187,43.7706,16.9493,0.00787494,6876.27,13276.0,61581.3,34.6777,13.4536,-254.145,12458841364961.617,13.095477656111232
316033,188,0,9.276361384400364,42.9949,4.9338,0.0149676,6708.0,13290.4,61449.7,182.225,271.862,19.1822,12458841364961.617,13.095477656111232
316034,188,0,7.489924036030075,29.3057,16.2602,0.00400166,7059.79,13187.4,61102.2,243.234,34.4458,251.301,12458841364961.617,13.095477656111232
316035,188,0,8.335703322430144,37.1096,8.4631,0.00783565,6784.28,12820.2,61332.7,544.855,-7.1399,35.646,12458841364961.617,13.095477656111232
316036,188,0,9.230418749991639,38.3526,3.5477,0.0,6753.14,12737.6,61557.4,219.972,432.438,-130.866,12458841364961.617,13.095477656111232
316037,188,0,7.9117228420575305,31.332,10.3295,0.00448729,6694.38,13115.0,61375.1,298.894,395.31,-528.329,12458841364961.617,13.095477656111232
316038,188,0,9.385924869710545,37.9411,0.6566,0.0,6810.83,12956.8,61451.2,294.006,298.916,-327.372,12458841364961.617,13.095477656111232
316855,190,1,11.336247551175427,206.422,159.87,0.00455422,37256.5,19821.5,54586.9,-93.8875,21.0067,-126.284,12434477759632.418,13.094627549889617
316856,190,0,10.068098178406888,79.4724,26.9448,0.0155434,37511.2,19807.3,55015.3,-107.368,4.7812,-466.237,12434477759632.418,13.094627549889617
316857,190,0,9.62501336137103,64.3378,32.2052,0.0117621,36775.2,19940.7,54571.6,236.302,39.5717,-263.507,12434477759632.418,13.094627549889617
316858,190,0,10.131771294091324,81.1983,19.7364,0.0213086,37110.0,19698.8,54404.0,-202.725,-34.9286,317.048,12434477759632.418,13.094627549889617
316859,190,0,9.897449326796123,73.9606,19.616,0.0214805,37016.8,19653.5,54672.5,106.34,420.621,-265.371,12434477759632.418,13.094627549889617
316860,190,0,9.525607097175458,65.897,10.0833,0.00714197,37285.1,19794.1,54685.2,-549.959,285.303,126.787,12434477759632.418,13.094627549889617
316861,190,0,9.035914591186497,42.9707,10.5774,0.0133732,37153.8,19811.9,54749.1,-339.039,316.923,-64.9979,12434477759632.418,13.094627549889617
316862,190,0,9.16579779904686,40.7534,11.3746,0.0155083,37543.8,20098.2,54192.6,-66.3783,-30.1054,-177.038,12434477759632.418,13.094627549889617
316863,190,0,8.964276754228973,45.1013,5.3238,0.00938844,37213.5,19870.1,54569.5,392.94,-280.779,286.722,12434477759632.418,13.094627549889617
316864,190,0,9.138225756987605,42.5373,5.7292,0.0190912,37367.0,19878.0,54577.9,-634.678,-59.858,-122.289,12434477759632.418,13.094627549889617
315140,186,1,11.402422584615236,208.479,167.854,0.0106237,9355.93,50950.3,69242.9,343.904,-9.5177,-225.512,12420596631536.943,13.094142457963008
315141,186,0,10.170525014465897,81.9769,24.432,0.0180472,9410.48,50694.0,69497.7,608.671,154.828,-401.495,12420596631536.943,13.094142457963008
315142,186,0,10.759182552664365,140.838,2.8668,0.0,9392.85,50957.6,69227.6,431.406,2.3803,-304.28,12420596631536.943,13.094142457963008
315143,186,0,8.787757191681855,41.0374,19.9582,0.0111124,9082.29,51171.5,69693.8,633.286,209.492,-145.162,12420596631536.943,13.094142457963008
315144,186,0,8.852192835577808,46.8189,8.2424,0.00876299,9330.04,50900.6,69141.2,173.336,392.584,18.9019,12420596631536.943,13.094142457963008
315145,186,0,9.227535274393725,45.4788,6.6275,0.0,9368.9,50797.7,69137.9,418.664,-23.8468,-509.882,12420596631536.943,13.094142457963008
315146,186,0,8.424981890394623,32.1147,10.4145,0.00865403,9482.35,50926.8,68896.1,334.608,106.075,-49.0967,12420596631536.943,13.094142457963008
315147,186,0,8.360717595283115,34.9196,7.2289,0.00773633,9432.83,50665.1,69623.1,638.751,67.3774,-334.051,12420596631536.943,13.094142457963008
315148,186,0,7.716683384151171,31.077,10.1095,0.0,9653.69,51109.6,69192.9,478.275,407.27,-322.476,12420596631536.943,13.094142457963008
315149,186,0,9.064704418767782,38.0137,2.7555,0.0252323,9304.62,50890.8,69191.7,173.395,-68.3529,-112.598,12420596631536.943,13.094142457963008
291113,139,1,10.991361474764394,196.863,224.511,0.00712269,68629.4,65684.7,55409.0,98.7428,-363.116,-365.228,12384053926605.865,13.09286283448678
291114,139,0,10.675548884654258,150.31,40.1852,0.0110524,68375.3,65603.2,55541.6,192.073,-667.387,-398.486,12384053926605.865,13.09286283448678
291115,139,0,10.558308483464886,105.754,33.8948,0.0123917,68082.7,65517.1,55374.6,49.6427,-146.915,-523.208,12384053926605.865,13.09286283448678
291116,139,0,10.261338391395164,82.4911,10.8721,0.0209547,68587.7,65506.2,55530.4,-12.5729,-447.691,-122.44,12384053926605.865,13.09286283448678
291117,139,0,9.403071864307327,58.1436,30.9519,0.0145658,67846.4,65698.0,55326.5,-94.9085,-554.897,9.8562,12384053926605.865,13.09286283448678
291118,139,0,9.794714180567363,66.3118,16.3058,0.0123852,68507.4,65789.8,55599.2,-147.683,-743.774,-17.9459,12384053926605.865,13.09286283448678
291119,139,0,10.328896405513346,92.9229,2.9045,0.0530239,68611.5,65691.7,55422.1,29.2388,-667.169,-241.167,12384053926605.865,13.09286283448678
291120,139,0,9.931435648641568,66.4487,6.2086,0.0192258,68538.8,65741.4,55465.6,131.508,-448.711,-485.129,12384053926605.865,13.09286283448678
291121,139,0,9.479280724482338,54.7285,13.3992,0.0174138,68670.4,65364.4,55477.5,389.896,-98.9701,-317.918,12384053926605.865,13.09286283448678
291122,139,0,9.798455309736594,57.3679,6.4413,0.0396897,68655.7,65886.5,55322.6,135.462,-141.06,-398.113,12384053926605.865,13.09286283448678
296302,148,1,11.572127677978703,199.531,187.732,0.0194983,51866.6,10557.9,13075.2,89.3154,4.2568,24.2895,12362339322743.67,13.0921006599784
296303,148,0,10.496282738174978,84.2945,22.2929,0.0356717,51643.8,10987.9,13055.3,4.6886,201.231,94.2949,12362339322743.67,13.0921006599784
296304,148,0,10.237173600967745,74.1708,8.1669,0.0402513,51753.4,10566.5,12961.5,354.32,10.4987,-49.9448,12362339322743.67,13.0921006599784
296305,148,0,10.356672708424657,82.2088,3.3036,0.0,51804.6,10510.9,13092.9,118.621,59.0666,-59.779,12362339322743.67,13.0921006599784
296306,148,0,10.246595392162712,70.8486,4.1984,0.0,51914.8,10571.5,12984.4,236.138,64.3575,-374.898,12362339322743.67,13.0921006599784
296307,148,0,9.700848264301642,61.1082,11.3905,0.0307525,51657.7,10691.7,13095.9,147.028,-124.456,-2.0683,12362339322743.67,13.0921006599784
296308,148,0,8.839614043658278,45.2702,16.9823,0.0050801,51640.2,10370.9,12846.2,198.943,374.234,280.892,12362339322743.67,13.0921006599784
296309,148,0,9.001951026103802,41.9602,16.9735,0.0167232,52050.9,11024.0,13028.3,309.711,25.6842,-45.6969,12362339322743.67,13.0921006599784
296310,148,0,9.138948000897,46.4906,14.289,0.013174,51900.3,10392.9,13622.3,19.0497,215.576,-4.5988,12362339322743.67,13.0921006599784
296311,148,0,9.130148516633724,45.4154,14.5086,0.0114,51604.4,10263.6,13258.5,24.745,87.949,246.775,12362339322743.67,13.0921006599784
307438,170,1,11.29413480031584,208.853,157.552,0.00692932,51456.4,17355.8,4152.39,26.1694,217.715,56.1496,12339487630496.66,13.09129712696888
307439,170,0,10.391270132289486,91.9423,53.0531,0.0217301,51127.8,17032.7,4646.18,202.682,171.776,-272.378,12339487630496.66,13.09129712696888
307440,170,0,10.458906478705883,97.0397,8.4335,0.0361867,51613.6,17493.4,3955.95,120.652,230.762,-55.6001,12339487630496.66,13.09129712696888
307441,170,0,9.952975520243196,72.7552,6.8424,0.0169188,51453.9,17448.6,4226.11,-179.505,643.843,177.932,12339487630496.66,13.09129712696888
307442,170,0,10.055955632471408,70.0265,4.7831,0.030553,51522.8,17477.1,4204.09,-260.09,113.981,95.4066,12339487630496.66,13.09129712696888
307443,170,0,8.888949978349848,54.3069,18.9724,0.00944397,51267.3,17015.8,4616.47,237.229,26.801,-160.462,12339487630496.66,13.09129712696888
307444,170,0,8.990674886491437,44.9809,19.4646,0.00991832,51787.0,17180.9,4066.92,-275.569,73.6335,233.598,12339487630496.66,13.09129712696888
307445,170,0,9.434321814109687,49.339,8.2528,0.0,51682.2,17588.5,4087.81,-140.771,298.314,136.697,12339487630496.66,13.09129712696888
307446,170,0,8.96244218089336,38.2581,10.2339,0.00889945,51233.8,17036.9,3690.49,70.0173,129.84,53.4568,12339487630496.66,13.09129712696888
307447,170,0,8.485292964001207,39.7281,13.5213,0.00316966,51710.6,17562.1,3897.77,-3.0859,-120.482,-231.252,12339487630496.66,13.09129712696888
302773,160,1,11.354288822975994,202.161,203.578,0.0145473,15283.8,2272.41,18011.5,35.6103,297.893,-128.555,12210518200910.65,13.08673409531429
302774,160,0,10.63937560257912,110.892,13.7549,0.0253612,15319.8,2175.1,17840.9,-249.148,525.36,-149.837,12210518200910.65,13.08673409531429
302775,160,0,9.858611958833002,70.9564,25.4868,0.0181217,15639.1,2299.61,18277.9,46.42,137.958,-475.856,12210518200910.65,13.08673409531429
302776,160,0,10.516154829051205,119.545,2.6868,0.0,15296.6,2255.61,17988.1,-29.7537,363.262,-10.1479,12210518200910.65,13.08673409531429
302777,160,0,9.167047719121335,45.4882,16.4676,0.014788,15715.3,2331.03,17632.4,107.197,83.864,-339.792,12210518200910.65,13.08673409531429
302778,160,0,9.399818268637661,54.3568,14.4793,0.0189898,15191.0,2533.24,17953.6,207.916,566.628,-238.388,12210518200910.65,13.08673409531429
302779,160,0,9.855421859103238,59.2636,4.8313,0.0211683,15228.2,2243.38,18030.5,-209.307,452.192,-75.4898,12210518200910.65,13.08673409531429
302780,160,0,9.530472702890942,52.303,10.2021,0.0303879,15009.3,2339.01,17810.6,-98.3655,554.97,-180.417,12210518200910.65,13.08673409531429
302781,160,0,9.488560707861291,61.8136,5.5525,0.0116661,15315.8,2300.73,17994.9,666.241,130.197,237.488,12210518200910.65,13.08673409531429
302782,160,0,8.269835452416489,31.7274,11.6883,0.0,14953.4,2176.89,18226.6,107.513,250.486,134.001,12210518200910.65,13.08673409531429
303362,161,1,11.549977250511844,202.198,156.942,0.0117667,51806.7,48434.1,26050.1,-9.5158,-180.868,62.6038,12178546375041.52,13.085595454226855
303363,161,0,10.554102885783921,99.2192,35.9204,0.0100284,51938.8,48898.9,25962.9,-159.471,-139.958,331.841,12178546375041.52,13.085595454226855
303364,161,0,10.215837228461854,85.4166,24.5589,0.0146204,52178.9,48599.9,26201.5,-78.088,-489.061,-20.18,12178546375041.52,13.085595454226855
303365,161,0,10.575028558859984,97.5617,17.733,0.025847,51907.6,48543.9,25747.6,-114.648,-10.5087,377.65,12178546375041.52,13.085595454226855
303366,161,0,9.132536474242595,53.95,18.899,0.011899,51728.0,48526.4,25725.2,-465.877,-169.078,-22.5228,12178546375041.52,13.085595454226855
303367,161,0,9.553056306184297,61.0904,12.3363,0.0218465,52043.1,48814.3,25943.1,107.401,-233.273,-154.123,12178546375041.52,13.085595454226855
303368,161,0,9.366496024936799,53.8971,10.4103,0.013918,51735.6,48337.5,26215.2,150.16,234.618,-14.121,12178546375041.52,13.085595454226855
303369,161,0,9.918250027308227,56.0701,3.9145,0.0,51900.2,48534.9,26033.5,-3.4719,-107.088,147.99,12178546375041.52,13.085595454226855
303370,161,0,9.6235941369063,46.1276,5.2527,0.0,51822.2,48560.9,26003.3,-137.363,130.511,78.2207,12178546375041.52,13.085595454226855
303371,161,0,9.590885385316104,49.7135,4.3654,0.0,51904.2,48368.9,25966.6,5.8109,-365.552,326.52,12178546375041.52,13.085595454226855
290643,138,1,11.459868169487248,208.021,151.687,0.0195701,26935.7,40757.7,52849.9,-296.481,180.327,-303.376,12159622232928.754,13.084920082773644
290644,138,0,10.895086848082205,126.156,42.4246,0.0115532,27177.6,41100.3,53044.7,-65.6789,181.23,-132.99,12159622232928.754,13.084920082773644
290645,138,0,9.917093043548656,67.5481,16.1587,0.027211,26922.6,40625.0,53213.2,-20.2224,201.604,-391.072,12159622232928.754,13.084920082773644
290646,138,0,10.348755425517776,91.2841,2.6564,0.0,26956.8,40713.5,52863.1,-255.44,-119.962,-460.467,12159622232928.754,13.084920082773644
290647,138,0,9.565985080219237,61.2839,18.8186,0.0164258,26962.1,41010.3,52955.8,-395.98,755.013,-458.363,12159622232928.754,13.084920082773644
290648,138,0,9.252528409998728,52.9888,20.9484,0.0157481,26794.9,41099.4,52695.7,-186.861,617.151,41.4541,12159622232928.754,13.084920082773644
290649,138,0,9.076614540157417,53.6289,21.2147,0.0090972,27029.7,40385.1,53107.5,-349.581,660.716,-173.95,12159622232928.754,13.084920082773644
290650,138,0,9.918844754826301,66.5899,7.7838,0.0361681,27255.1,40747.9,52805.8,-519.213,125.361,-387.004,12159622232928.754,13.084920082773644
290651,138,0,9.122866188118945,46.204,18.1741,0.00997589,27082.7,40268.9,53313.4,-201.991,217.681,-129.577,12159622232928.754,13.084920082773644
290652,138,0,8.841705204868113,39.6363,15.904,0.0102502,27270.2,41051.8,52777.5,-32.9203,241.635,-465.096,12159622232928.754,13.084920082773644
305083,165,1,11.257585053419364,197.29,192.619,0.00640764,4361.79,59471.3,28961.6,4.1471,-97.4902,270.217,12151172458861.547,13.084618184753031
305084,165,0,10.178677938247557,79.8886,17.126,0.0206775,4396.96,59818.7,29235.7,-91.4863,-237.751,416.506,12151172458861.547,13.084618184753031
305085,165,0,10.036317534306017,74.1914,7.9223,0.0268582,4518.63,59378.9,28967.1,-45.7204,-72.9361,447.159,12151172458861.547,13.084618184753031
305086,165,0,9.110422688870624,53.6745,13.5696,0.00486609,4286.52,59531.6,29185.0,44.3711,-196.398,-199.843,12151172458861.547,13.084618184753031
305087,165,0,9.860548419711604,62.9012,4.8286,0.0225118,4487.09,59485.7,28920.4,-100.995,-98.3269,331.599,12151172458861.547,13.084618184753031
305088,165,0,9.059122850923012,50.498,10.2312,0.00554529,4323.09,59497.1,28831.1,410.445,278.887,120.285,12151172458861.547,13.084618184753031
305089,165,0,8.465556709383533,42.298,12.218,0.0,4601.57,59377.0,29210.7,-179.539,-207.876,397.432,12151172458861.547,13.084618184753031
305090,165,0,8.339709866212598,37.9593,12.1777,0.00683965,4632.34,59603.0,28790.4,10.3323,-457.607,451.787,12151172458861.547,13.084618184753031
305091,165,0,,13.9271,22.3217,0.0,4462.18,59879.9,29085.1,9.305,-95.8844,533.208,12151172458861.547,13.084618184753031
305092,165,0,7.6819725662562615,28.1975,15.235,0.00506212,4645.72,60010.8,28929.0,32.373,-360.977,80.6669,12151172458861.547,13.084618184753031
303710,162,1,11.464345722717864,202.82,158.23,0.0104319,11304.0,48982.3,68249.4,220.035,276.992,-93.9197,12007382136373.912,13.07944833232756
303711,162,0,10.387937060702662,101.075,28.404,0.0151496,11481.2,49293.7,68048.7,-186.805,192.971,131.466,12007382136373.912,13.07944833232756
303712,162,0,10.37599147351422,100.58,6.1036,0.0,11395.8,49000.8,68254.2,-224.852,225.303,-423.307,12007382136373.912,13.07944833232756
303713,162,0,10.26166491937537,84.716,4.4431,0.0,11361.4,49003.9,68291.9,186.654,293.173,182.101,12007382136373.912,13.07944833232756
303714,162,0,10.120869619837636,67.507,5.7967,0.0282421,11238.9,48945.6,68147.6,357.159,260.819,131.583,12007382136373.912,13.07944833232756
303715,162,0,9.49727742851876,52.1745,17.3298,0.00997451,11387.1,49244.5,68403.5,181.808,392.492,272.434,12007382136373.912,13.07944833232756
303716,162,0,10.168408483162843,81.2623,3.4711,0.0324071,11307.0,48948.0,68199.7,269.908,538.604,258.708,12007382136373.912,13.07944833232756
303717,162,0,9.829166979087931,65.9097,8.0093,0.0334641,11282.6,48827.7,68296.3,-51.3091,567.8,-173.384,12007382136373.912,13.07944833232756
303718,162,0,9.129963185718024,47.8262,17.882,0.00951767,11572.3,48701.7,68382.6,163.267,-89.5754,-270.548,12007382136373.912,13.07944833232756
303719,162,0,9.87619925454319,67.1632,1.2813,0.0,11320.2,48990.1,68235.1,317.553,237.721,104.79,12007382136373.912,13.07944833232756
318633,194,1,11.239938650157459,208.075,165.401,0.00504432,63187.0,25382.3,74181.2,181.83,147.024,168.918,11994902996809.953,13.078996740163749
318634,194,0,9.846815587694572,63.9556,13.8718,0.018278,63199.8,25740.0,74293.2,10.9725,19.3572,152.406,11994902996809.953,13.078996740163749
318635,194,0,9.869198796120292,62.051,12.8924,0.0168804,63301.3,25079.2,73891.9,296.722,5.3551,118.175,11994902996809.953,13.078996740163749
318636,194,0,9.194554896442506,48.4376,13.2999,0.0154779,63017.0,25052.1,74377.5,410.671,74.0776,51.8946,11994902996809.953,13.078996740163749
318637,194,0,9.517537564109304,47.2213,8.7524,0.0249337,63004.8,25539.7,74045.4,134.818,189.913,291.841,11994902996809.953,13.078996740163749
318638,194,0,9.753785637122975,56.3976,3.5712,0.0325452,63068.7,25583.7,74273.8,180.358,265.322,150.346,11994902996809.953,13.078996740163749
318639,194,0,8.930609021990266,41.3697,12.8831,0.00978906,62785.2,25276.9,74050.9,85.4161,-70.7967,89.1955,11994902996809.953,13.078996740163749
318640,194,0,9.100292178973685,36.0605,7.3205,0.0125922,62953.0,25204.0,74568.5,215.883,100.746,184.686,11994902996809.953,13.078996740163749
318641,194,0,8.170369132977568,33.0287,14.5342,0.00770046,62922.8,25045.7,73854.2,149.015,274.996,18.8454,11994902996809.953,13.078996740163749
318642,194,0,7.985263478431293,30.8736,12.111,0.0,62894.6,25085.6,74055.8,258.186,1.1032,186.788,11994902996809.953,13.078996740163749
289945,137,1,11.400303146091009,200.848,217.654,0.0132156,7206.21,33100.5,54614.0,161.764,233.108,173.273,11963098760829.55,13.077843688048565
289946,137,0,10.836434942375114,129.743,37.234,0.00819438,7181.11,32959.5,54305.4,12.0361,54.6712,204.445,11963098760829.55,13.077843688048565
289947,137,0,10.046693733551765,74.6816,21.4166,0.0203263,7429.07,32848.9,54387.0,365.508,200.291,130.314,11963098760829.55,13.077843688048565
289948,137,0,10.0686333190134,74.559,14.5469,0.013679,7246.52,33183.9,54821.8,-223.594,154.274,387.962,11963098760829.55,13.077843688048565
289949,137,0,10.365847636725507,85.336,5.9749,0.0476848,7241.33,33110.9,54834.0,148.526,345.525,37.149,11963098760829.55,13.077843688048565
289950,137,0,9.746315590376991,65.0561,6.0839,0.0178266,7216.95,33035.4,54678.2,-90.5204,-136.469,405.715,11963098760829.55,13.077843688048565
289951,137,0,9.861086366093579,74.1968,2.2399,0.0263774,7190.31,32949.1,54307.8,-127.673,-76.601,-22.1117,11963098760829.55,13.077843688048565
289952,137,0,8.562449164143718,38.0191,21.8837,0.00719372,7331.58,32755.7,54852.8,218.735,93.0117,11.9358,11963098760829.55,13.077843688048565
289953,137,0,9.841673819406267,57.9999,2.0552,0.0,7218.39,33080.6,54676.0,456.958,437.504,137.351,11963098760829.55,13.077843688048565
289954,137,0,8.874111368186638,44.1411,12.0617,0.0112433,6915.22,32980.5,54275.3,145.28,464.077,154.684,11963098760829.55,13.077843688048565
319643,196,1,11.365289524060143,203.357,158.737,0.00777525,31220.6,68758.8,66764.0,-175.689,144.491,70.1844,11835581776945.86,13.073189610495552
319644,196,0,10.599507258478976,116.639,4.7619,0.0114176,31210.7,68747.0,66717.4,-168.293,328.285,45.9816,11835581776945.86,13.073189610495552
319645,196,0,10.257680700122645,73.7832,15.0908,0.0229167,31481.6,68826.2,66779.4,-44.2541,196.199,-51.4436,11835581776945.86,13.073189610495552
319646,196,0,9.507254555216148,59.5699,27.709,0.0111108,31705.8,68600.0,66609.8,-532.718,274.504,57.6277,11835581776945.86,13.073189610495552
319647,196,0,9.893702640738917,64.9205,10.9709,0.0248059,31507.6,68855.6,66858.5,1.7923,-34.765,83.4346,11835581776945.86,13.073189610495552
319648,196,0,9.122053753601904,45.839,18.1081,0.0104941,30985.1,68572.5,66290.8,-82.9597,373.776,264.824,11835581776945.86,13.073189610495552
319649,196,0,8.601675149050317,41.6008,21.0746,0.00553957,31358.7,68665.3,67124.0,-234.076,412.203,283.728,11835581776945.86,13.073189610495552
319650,196,0,8.84260887115081,41.7377,17.091,0.0126848,31351.9,68520.1,66279.7,-93.9686,319.841,-68.4642,11835581776945.86,13.073189610495552
319651,196,0,9.73143101395785,53.1638,5.5433,0.0337384,31279.7,68782.1,66682.3,-120.26,529.972,-77.4964,11835581776945.86,13.073189610495552
319652,196,0,9.060017162840271,45.3424,6.7143,0.00832594,31327.2,68805.8,66786.6,334.619,67.529,-2.8909,11835581776945.86,13.073189610495552
320012,197,1,11.313342804086666,205.206,157.624,0.00940386,59597.3,13554.7,27912.4,355.03,115.024,256.906,11822657533053.771,13.072715109558274
320013,197,0,10.12145166902618,83.9556,25.9639,0.0155769,59938.3,13723.2,28124.4,92.9711,-127.201,248.838,11822657533053.771,13.072715109558274
320014,197,0,10.081306691025313,73.0127,12.7598,0.0286852,59404.8,13248.0,28019.4,317.307,128.511,198.98,11822657533053.771,13.072715109558274
320015,197,0,9.706759849843166,63.6552,18.2724,0.017269,59457.4,13854.2,27804.5,220.304,-218.138,266.651,11822657533053.771,13.072715109558274
320016,197,0,9.66275504419569,69.6934,11.3945,0.029677,59682.9,13553.1,27766.6,-118.626,28.404,535.282,11822657533053.771,13.072715109558274
320017,197,0,8.852517090551673,50.2818,24.972,0.0114396,59640.2,14014.5,27682.7,512.44,-314.094,196.084,11822657533053.771,13.072715109558274
320018,197,0,8.757135019142918,41.7617,20.7406,0.0102114,59439.6,14118.1,27722.9,177.637,-128.951,272.527,11822657533053.771,13.072715109558274
320019,197,0,9.547590866729342,52.7105,8.1163,0.0,59442.7,13719.0,27974.6,334.933,377.133,377.017,11822657533053.771,13.072715109558274
320020,197,0,9.788270061284312,52.7668,1.9888,0.0,59624.7,13575.1,27836.4,493.135,213.046,64.3295,11822657533053.771,13.072715109558274
320021,197,0,7.906426984226932,36.8714,11.9168,0.00154542,59767.0,13319.6,27960.0,237.624,57.4961,664.897,11822657533053.771,13.072715109558274
304201,163,1,11.612273788962748,195.963,174.014,0.0214064,9693.91,33031.7,67537.0,-132.148,35.1559,-52.6223,11769164822817.482,13.070745645026008
304202,163,0,10.041567500795534,72.702,16.3765,0.0159916,10271.0,33069.9,67502.1,-110.926,-50.4882,-53.9489,11769164822817.482,13.070745645026008
304203,163,0,9.900016992648334,60.4945,12.8348,0.0235251,9436.22,33320.5,67887.0,-128.662,5.23,-82.2041,11769164822817.482,13.070745645026008
304204,163,0,9.936706184151923,66.0832,7.123,0.0284121,9552.42,32912.3,67362.3,-207.969,-75.9604,-298.998,11769164822817.482,13.070745645026008
304205,163,0,9.094276015254673,47.0316,22.7084,0.0115915,9940.34,33507.3,67610.6,-366.059,170.427,-69.4663,11769164822817.482,13.070745645026008
304206,163,0,9.63151536479702,54.0596,10.0479,0.0291641,10017.4,33353.4,67319.6,-214.518,-150.274,-45.3026,11769164822817.482,13.070745645026008
304207,163,0,8.925227717434446,41.2784,13.2241,0.0104391,10114.8,33141.7,67509.7,132.366,108.161,120.842,11769164822817.482,13.070745645026008
304208,163,0,9.061199296588875,44.4526,10.1129,0.0,9446.42,32674.4,67242.5,-166.727,230.886,-39.9338,11769164822817.482,13.070745645026008
304209,163,0,9.724131896222456,51.3679,1.6709,0.0,9685.22,32982.1,67612.3,-150.689,-88.4768,-151.484,11769164822817.482,13.070745645026008
304210,163,0,9.617172820716819,47.4242,2.3959,0.0,9569.57,32887.3,67573.9,-77.3171,24.4997,-80.011,11769164822817.482,13.070745645026008
315519,187,1,11.11727374267061,198.619,175.677,0.00363366,38855.8,57379.8,28516.1,12.8506,108.627,218.45,11657230094501.955,13.066595368812317
315520,187,0,9.40748198159306,58.7045,31.2193,0.00738477,38832.2,57886.6,28795.3,45.4982,-224.547,332.185,11657230094501.955,13.066595368812317
315521,187,0,9.825644944151371,71.0515,21.8782,0.0162256,38894.2,57383.3,28756.3,119.415,-310.161,83.5488,11657230094501.955,13.066595368812317
315522,187,0,9.990994425788191,65.8798,14.7054,0.0183419,38610.4,57166.8,28680.1,-131.375,145.648,349.466,11657230094501.955,13.066595368812317
315523,187,0,9.508842711126555,51.1387,9.7153,0.0171666,38748.0,57155.5,28670.0,32.6121,251.261,197.045,11657230094501.955,13.066595368812317
315524,187,0,9.441590549818002,47.1354,8.7038,0.0207915,39144.7,57475.1,28615.8,185.867,234.921,272.869,11657230094501.955,13.066595368812317
315525,187,0,8.399961236160271,42.0093,12.8649,0.00286123,39237.9,57424.8,28352.4,-75.1976,107.087,-37.3893,11657230094501.955,13.066595368812317
315526,187,0,8.260434771920226,35.2858,13.2613,0.00782798,38505.3,57198.6,28546.5,-185.053,120.662,18.2114,11657230094501.955,13.066595368812317
315527,187,0,8.343330954683625,24.9457,19.9445,0.0063992,38340.2,57564.0,28485.7,296.732,30.8004,128.409,11657230094501.955,13.066595368812317
315528,187,0,8.33620616642927,33.5316,13.8299,0.0,39100.6,57646.0,28756.7,47.7046,120.632,308.044,11657230094501.955,13.066595368812317
317311,191,1,11.292431362586608,200.876,157.357,0.00585599,30047.0,4370.22,50419.1,160.997,-23.2474,96.1592,11493640738600.717,13.060457618090727
317312,191,0,9.637654262245382,68.0539,42.3251,0.00964229,29529.1,4880.58,50285.8,354.149,-218.867,60.7086,11493640738600.717,13.060457618090727
317313,191,0,9.811053090068205,61.0632,6.1209,0.0356672,30217.3,4213.15,50485.0,86.0897,220.702,-7.5043,11493640738600.717,13.060457618090727
317314,191,0,8.289498370129413,37.1266,12.068,0.00613814,29609.1,5032.61,50318.7,312.713,-263.687,83.3976,11493640738600.717,13.060457618090727
317315,191,0,8.53033470950499,36.5926,10.9188,0.0,29591.3,4591.96,50610.5,-50.6674,-42.9868,175.24,11493640738600.717,13.060457618090727
317316,191,0,8.631013346499916,35.6498,8.4336,0.0111766,30450.0,4452.22,50251.7,-9.7833,-38.8447,153.689,11493640738600.717,13.060457618090727
317317,191,0,9.269321945067452,33.2731,0.9813,0.0,30044.2,4451.88,50415.8,190.492,244.221,8.9996,11493640738600.717,13.060457618090727
317318,191,0,7.084554642903658,24.2848,10.0335,0.0,30319.4,3940.39,50789.1,69.8313,-70.604,244.216,11493640738600.717,13.060457618090727
317319,191,0,6.597289601720178,22.966,12.9114,0.0,30408.0,4412.62,50504.2,-206.759,200.389,97.2113,11493640738600.717,13.060457618090727
317320,191,0,9.093351363115454,32.6477,1.5279,0.0,29995.5,4466.64,50421.5,308.173,-241.8,45.6649,11493640738600.717,13.060457618090727
270963,109,1,11.391931087732967,194.435,165.448,0.0207324,18253.5,59433.9,68442.5,-87.0768,-120.407,-109.627,11354399670673.254,13.055164177163752
270964,109,0,10.875792378925324,144.933,111.84,0.00925199,18993.8,58730.2,68432.0,-410.138,-111.832,54.3304,11354399670673.254,13.055164177163752
270965,109,0,10.873262407936272,130.943,74.7949,0.010309,18967.7,59201.2,68457.9,-284.684,-204.823,144.988,11354399670673.254,13.055164177163752
270966,109,0,10.577569473531215,109.861,35.5188,0.00893729,17953.6,59552.2,68799.4,-117.616,-174.335,-411.138,11354399670673.254,13.055164177163752
270967,109,0,10.682059229826576,112.783,17.2026,0.01401,18305.3,59560.9,68252.2,-10.8102,25.6342,-93.8213,11354399670673.254,13.055164177163752
270968,109,0,9.977917922307828,72.1239,20.369,0.0134578,19176.0,58685.0,68470.1,-571.216,-212.441,-128.347,11354399670673.254,13.055164177163752
270969,109,0,9.764735896034354,59.2622,22.1582,0.0153033,18676.0,59044.8,68249.6,-131.322,-28.5146,36.8895,11354399670673.254,13.055164177163752
270970,109,0,9.991531481444325,70.8351,10.3323,0.0244852,18177.7,59540.5,68675.2,-349.321,-159.71,46.667,11354399670673.254,13.055164177163752
270971,109,0,9.805913426830747,65.9714,10.3558,0.0289115,18068.5,59617.3,68399.8,-231.541,-185.316,-129.188,11354399670673.254,13.055164177163752
270972,109,0,10.057266314875411,71.4379,5.6511,0.0325883,18314.9,59343.5,68361.2,48.8324,-77.0169,-13.335,11354399670673.254,13.055164177163752
302165,159,1,11.07184397311639,194.674,218.355,0.00994482,25968.8,2690.78,1423.27,-151.384,100.745,-324.795,11339116554046.262,13.05457921940268
302166,159,0,11.09287535586802,175.827,44.0743,0.00486337,25811.1,2772.71,1659.92,-190.935,-97.8074,-242.112,11339116554046.262,13.05457921940268
302167,159,0,9.316951666697435,55.7276,24.392,0.0111975,25403.3,3059.43,1581.23,54.6388,-76.9677,-493.219,11339116554046.262,13.05457921940268
302168,159,0,9.360977356664463,55.7164,16.8003,0.0114343,26062.5,2856.57,1161.29,152.351,-57.0703,-294.555,11339116554046.262,13.05457921940268
302169,159,0,8.856023353439367,53.9606,19.5163,0.00491391,25423.9,2735.1,1635.64,35.6232,-276.684,-145.246,11339116554046.262,13.05457921940268
302170,159,0,9.38656504719385,58.0751,6.4201,0.0113872,26025.5,2618.56,1395.37,-276.733,670.471,-60.1363,11339116554046.262,13.05457921940268
302171,159,0,8.806424332110291,36.1542,15.4447,0.00691911,25880.5,3127.24,1752.65,-284.163,324.709,-165.116,11339116554046.262,13.05457921940268
302172,159,0,8.266342680262284,39.6081,13.5721,0.00319252,25969.2,3109.24,1539.2,175.062,351.667,-202.156,11339116554046.262,13.05457921940268
302173,159,0,9.07811675236727,36.1744,9.9478,0.0145591,25868.4,3108.52,1252.7,-217.966,-26.4533,-68.6118,11339116554046.262,13.05457921940268
302174,159,0,9.589938723580248,48.5203,2.7069,0.0204439,25932.9,2730.7,1470.9,-142.089,362.1,-501.627,11339116554046.262,13.05457921940268
323455,205,1,11.373901350815979,200.117,145.146,0.00572504,17199.5,43891.1,53769.0,248.487,270.83,-285.261,11288728761855.994,13.052645038222945
323456,205,0,10.562721237246455,118.456,3.2553,0.00510278,17171.5,43904.0,53768.8,374.516,-60.464,-128.611,11288728761855.994,13.052645038222945
323457,205,0,9.730520982511184,58.2774,8.3161,0.0189459,17315.4,43802.4,53862.8,243.011,228.907,88.1173,11288728761855.994,13.052645038222945
323458,205,0,7.952200379806081,33.3928,13.9342,0.0026644,16951.6,43698.2,53821.5,399.507,87.9136,-699.606,11288728761855.994,13.052645038222945
323459,205,0,7.074410856439839,26.9903,21.5588,0.00074615,17728.4,44024.4,53494.7,-30.657,2.0948,-471.476,11288728761855.994,13.052645038222945
323460,205,0,8.437381645356018,33.7329,9.1162,0.00818093,17238.7,44147.2,53576.0,441.828,92.0913,-214.7,11288728761855.994,13.052645038222945
323461,205,0,8.015182483055767,29.5677,10.6923,0.0,17603.6,43665.3,53824.8,193.114,273.457,-510.211,11288728761855.994,13.052645038222945
323462,205,0,8.844217898901057,34.7989,4.5815,0.0,17366.0,44007.6,53642.4,-84.8469,348.128,-115.038,11288728761855.994,13.052645038222945
323463,205,0,7.028293104985919,24.6328,15.1549,0.0,17051.2,44254.0,53627.5,231.427,552.318,-374.073,11288728761855.994,13.052645038222945
323464,205,0,7.303650663526062,24.8456,10.4627,0.0,17411.1,43674.1,54098.6,-64.9376,228.864,-162.43,11288728761855.994,13.052645038222945
314365,184,1,11.492714209461814,191.571,163.834,0.0214727,41299.9,74765.3,36670.3,-111.969,-216.033,383.934,11024736844229.775,13.042368231839388
314366,184,0,10.608247388752556,125.166,27.0624,0.0199463,41091.5,74683.1,36789.7,193.405,-181.281,97.5844,11024736844229.775,13.042368231839388
314367,184,0,10.528225334310603,108.3,31.8769,0.0109269,41525.9,74914.8,36939.4,-120.606,-207.105,23.1513,11024736844229.775,13.042368231839388
314368,184,0,10.059802137227473,86.6447,4.0397,0.0183247,41111.9,74724.1,36812.4,290.746,22.1653,147.457,11024736844229.775,13.042368231839388
314369,184,0,9.110208847464236,48.4046,18.4437,0.0122787,41354.5,68.6205,37031.6,126.802,-328.402,201.934,11024736844229.775,13.042368231839388
314370,184,0,9.45673037697844,52.5368,10.1136,0.0181654,41149.9,74906.8,36737.9,-83.1635,25.479,590.084,11024736844229.775,13.042368231839388
314371,184,0,8.728546674264274,40.1032,20.0329,0.00640515,41375.9,74368.1,36820.8,-245.196,8.2175,-81.2888,11024736844229.775,13.042368231839388
314372,184,0,9.857846868348402,45.5904,0.2363,0.0621317,41307.5,74762.9,36672.1,-154.397,7.162,691.364,11024736844229.775,13.042368231839388
314373,184,0,9.713312183432741,43.1631,0.3476,0.0472472,41310.9,74753.5,36658.9,109.256,-186.58,606.921,11024736844229.775,13.042368231839388
314374,184,0,9.222233251174808,45.8921,7.3767,0.0145609,41109.5,74645.3,36546.3,-169.454,-53.6512,545.006,11024736844229.775,13.042368231839388
321204,200,1,11.329800382017147,207.457,152.441,0.0145656,17709.2,22958.1,35058.1,-69.3795,4.7324,-73.5206,10762523541874.262,13.031914114435686
321205,200,0,10.483116887853834,99.9468,19.9097,0.0168055,17701.9,22640.0,34878.1,-99.7965,55.0552,110.446,10762523541874.262,13.031914114435686
321206,200,0,9.249766865985412,52.7975,15.2666,0.014189,17940.1,22884.0,34743.0,-72.7995,-117.726,331.392,10762523541874.262,13.031914114435686
321207,200,0,8.776856397272448,42.0168,16.9271,0.00667493,17456.2,22721.0,34935.9,61.5095,321.225,159.68,10762523541874.262,13.031914114435686
321208,200,0,8.864443810831476,48.5993,12.0592,0.0105204,17750.3,23094.3,34952.8,206.008,403.621,19.1807,10762523541874.262,13.031914114435686
321209,200,0,8.694873220812656,36.037,13.4128,0.00906189,17987.9,22731.8,34560.1,45.4277,172.358,194.967,10762523541874.262,13.031914114435686
321210,200,0,8.53972340645844,38.5495,10.7226,0.00997615,18039.5,23068.1,35232.4,-90.7733,-173.826,-268.84,10762523541874.262,13.031914114435686
321211,200,0,7.939785935469195,29.5619,16.9506,0.00334705,17391.6,23184.3,35265.9,225.053,135.693,6.294,10762523541874.262,13.031914114435686
321212,200,0,8.890280890502504,38.8582,7.6259,0.0174677,17824.5,22685.6,34846.7,-257.244,-106.272,90.7589,10762523541874.262,13.031914114435686
321213,200,0,7.449505500737394,32.0486,9.5856,0.0,17671.5,22982.6,34826.4,53.8135,477.068,-153.706,10762523541874.262,13.031914114435686
327112,214,1,11.430065338621697,194.99,148.184,0.0117568,23737.9,42189.6,47314.5,-281.033,257.86,171.527,10697973503065.49,13.029301517891893
327113,214,0,10.767353088892456,129.413,11.2974,0.0133984,23823.9,42167.0,47317.5,-321.817,548.995,263.982,10697973503065.49,13.029301517891893
327114,214,0,9.652064104838413,62.5093,7.1175,0.0171566,23661.0,42087.8,47299.7,216.015,385.96,130.175,10697973503065.49,13.029301517891893
327115,214,0,9.820068171490814,45.4074,0.3081,0.0533081,23736.8,42212.2,47329.7,-533.937,106.995,108.529,10697973503065.49,13.029301517891893
327116,214,0,8.602124098565794,35.6642,13.2446,0.00924679,24066.5,42359.4,47561.1,-348.85,-8.3975,3.8736,10697973503065.49,13.029301517891893
327117,214,0,9.179017705308242,41.9914,5.466,0.0170738,23855.2,42131.2,47205.6,-397.328,493.664,397.83,10697973503065.49,13.029301517891893
327118,214,0,9.476027838888426,41.4869,1.1102,0.0,23760.6,42240.5,47298.7,-179.921,218.667,119.048,10697973503065.49,13.029301517891893
327119,214,0,8.673707220177954,39.7248,5.6965,0.0,23756.9,42214.1,47428.1,-623.52,-87.8108,38.6966,10697973503065.49,13.029301517891893
327120,214,0,9.306113062246906,38.1164,1.977,0.0,23622.9,42226.2,47378.3,-262.795,242.628,249.415,10697973503065.49,13.029301517891893
327121,214,0,9.313604468560287,25.2047,0.3351,0.0425974,23717.3,42172.5,47304.7,-41.9934,46.251,12.7567,10697973503065.49,13.029301517891893
326652,213,1,11.267708550828408,198.377,148.458,0.0125702,60176.2,36981.8,74672.1,205.482,-166.773,-12.2253,10661207344949.44,13.02780638982734
326653,213,0,10.393760376143865,96.0611,19.8974,0.0097754,60385.6,37227.2,74650.2,339.314,-87.975,168.718,10661207344949.44,13.02780638982734
326654,213,0,9.590037602156766,66.7214,19.998,0.00944488,59908.6,36765.4,74582.3,388.002,143.395,-258.485,10661207344949.44,13.02780638982734
326655,213,0,9.470013223145695,55.7286,13.0324,0.0200625,60154.4,36685.9,74520.0,-16.9071,-197.632,13.5892,10661207344949.44,13.02780638982734
326656,213,0,9.067232451868435,50.2817,11.2374,0.0066288,59952.0,36900.4,74668.3,592.035,4.9925,-234.137,10661207344949.44,13.02780638982734
326657,213,0,9.106978503836505,51.5365,9.4716,0.00838083,59973.4,36870.4,74577.9,32.5327,2.8395,215.948,10661207344949.44,13.02780638982734
326658,213,0,9.71584920097189,54.8755,3.4896,0.0285532,60141.2,37031.5,74645.7,-278.917,-271.893,-32.0566,10661207344949.44,13.02780638982734
326659,213,0,7.762108379239255,33.7543,10.9648,0.00207303,60473.4,36926.4,74746.0,-56.9035,109.361,328.657,10661207344949.44,13.02780638982734
326660,213,0,9.475813540736992,42.9551,1.5564,0.0,60185.8,36914.9,74701.7,276.889,-212.824,13.5638,10661207344949.44,13.02780638982734
326661,213,0,7.001663720397625,27.2779,14.1575,0.00059358,60319.5,37014.3,74219.8,-38.5552,-4.7248,1.5682,10661207344949.44,13.02780638982734
260862,96,1,11.226124417411718,181.949,225.516,0.00667194,9034.98,40902.1,27207.6,170.621,-240.389,-34.3726,10642580539736.031,13.027046945467035
260863,96,0,10.809334021628109,126.426,76.635,0.0111198,9026.39,41490.7,26879.5,133.537,-404.901,205.623,10642580539736.031,13.027046945467035
260864,96,0,10.570113936180425,108.156,64.1417,0.0118237,8865.57,41078.7,26657.3,69.252,-264.078,547.057,10642580539736.031,13.027046945467035
260865,96,0,10.538776930112018,110.85,45.2948,0.0165495,8929.39,41897.1,26659.3,67.4339,-444.13,417.543,10642580539736.031,13.027046945467035
260866,96,0,10.622543485514631,119.356,30.3619,0.0110696,9051.44,40562.3,27226.3,68.5005,57.0852,318.808,10642580539736.031,13.027046945467035
260867,96,0,10.931827370762766,132.162,16.0557,0.0237602,9041.46,40663.8,27245.7,179.581,-158.169,19.5476,10642580539736.031,13.027046945467035
260868,96,0,10.415234648915154,103.179,12.3835,0.0205181,9023.46,41444.9,26798.9,14.4283,-421.422,327.945,10642580539736.031,13.027046945467035
260869,96,0,9.827499194842497,64.0452,17.1561,0.0171496,9402.94,40851.7,27668.8,130.595,-254.813,-130.294,10642580539736.031,13.027046945467035
260870,96,0,10.297476516897978,83.0256,6.0021,0.0284816,9117.72,40926.0,27158.2,438.628,-179.455,-189.768,10642580539736.031,13.027046945467035
260871,96,0,9.457828727455903,59.7456,14.2753,0.00702874,8937.33,40931.7,27436.5,202.126,83.6321,-48.9057,10642580539736.031,13.027046945467035
301746,158,1,11.455265320910955,200.814,137.879,0.0197704,2304.86,24239.0,20505.1,-489.092,130.267,-372.429,10563088871224.074,13.0237909336874
301747,158,0,10.9382351166094,128.092,59.1088,0.0187295,1879.09,24644.9,20748.0,-302.293,-53.2256,-534.825,10563088871224.074,13.0237909336874
301748,158,0,10.766428655255545,104.016,35.6139,0.0143361,2524.5,24465.6,20845.3,-622.534,31.1944,-348.58,10563088871224.074,13.0237909336874
301749,158,0,10.197030143968666,87.9285,10.1175,0.0232678,2251.99,24310.3,20574.4,-287.101,-310.355,-84.4753,10563088871224.074,13.0237909336874
301750,158,0,9.417542541570183,56.8404,24.7038,0.0153423,2315.1,24017.1,20054.5,-434.487,152.613,-97.1838,10563088871224.074,13.0237909336874
301751,158,0,9.393319975600745,54.2465,16.1374,0.0174652,2454.74,24119.8,20714.4,-665.492,-328.741,-600.464,10563088871224.074,13.0237909336874
301752,158,0,9.742089110985809,51.2866,4.0861,0.0,2370.9,24344.2,20449.9,-408.149,433.216,-439.411,10563088871224.074,13.0237909336874
301753,158,0,9.774595616989041,45.4938,0.363,0.0494157,2315.48,24228.9,20505.7,-614.208,5.5136,-663.796,10563088871224.074,13.0237909336874
301754,158,0,9.765957457369312,33.7056,0.1981,0.0,2317.25,24221.8,20502.9,-475.045,32.4098,-398.089,10563088871224.074,13.0237909336874
301755,158,0,8.259059919130786,38.373,16.1238,0.0,2416.52,24102.6,20198.0,379.953,335.975,-202.648,10563088871224.074,13.0237909336874
314770,185,1,11.459407625043795,187.893,146.7,0.0132649,66216.1,24680.1,13094.2,539.881,-16.6984,210.2,10558581964646.535,13.023605595633228
314771,185,0,10.414936358720905,92.0832,25.9227,0.0253591,65972.1,24940.9,13260.0,857.235,-100.386,327.229,10558581964646.535,13.023605595633228
314772,185,0,10.423789879989496,91.2256,15.3369,0.0225725,66090.7,24530.6,12899.7,597.377,172.175,352.36,10558581964646.535,13.023605595633228
314773,185,0,9.960365994841561,64.1836,15.388,0.0319835,66661.8,24892.8,13335.0,516.669,141.938,201.925,10558581964646.535,13.023605595633228
314774,185,0,9.490813293803791,52.0877,21.012,0.021405,65760.6,24705.1,13255.0,846.181,101.028,248.338,10558581964646.535,13.023605595633228
314775,185,0,10.084544088839042,72.6225,5.9781,0.0289514,66199.1,24519.6,13102.9,403.832,70.9006,298.768,10558581964646.535,13.023605595633228
314776,185,0,7.985594975647527,37.5166,14.3386,0.00200275,66008.0,24541.9,12833.8,550.002,339.789,520.425,10558581964646.535,13.023605595633228
314777,185,0,9.674459475867977,58.7644,2.0909,0.0,66189.1,24671.9,13081.6,788.08,540.908,425.473,10558581964646.535,13.023605595633228
314778,185,0,9.411131882927203,47.4202,3.8055,0.0,66091.7,24715.2,13131.4,675.919,64.5732,305.783,10558581964646.535,13.023605595633228
314779,185,0,9.643387102476142,29.7909,0.1783,0.0,66255.8,24701.0,13090.6,567.675,-206.743,116.625,10558581964646.535,13.023605595633228
323851,206,1,11.385413103229917,202.545,133.602,0.0191156,9226.97,22174.7,24602.1,-219.499,-7.8238,-48.6092,10506849849262.807,13.021472525909134
323852,206,0,9.961960280714141,72.8702,23.8893,0.012018,9277.73,21882.1,24896.9,-423.584,287.994,-162.733,10506849849262.807,13.021472525909134
323853,206,0,9.83106777623581,62.038,8.0623,0.0235854,9482.75,22200.1,24590.9,-370.537,-11.3377,142.584,10506849849262.807,13.021472525909134
323854,206,0,9.578973005215605,51.7989,10.387,0.0181835,9101.07,22141.3,24898.1,-302.044,175.406,13.6352,10506849849262.807,13.021472525909134
323855,206,0,9.964563446659612,44.3268,0.197,0.0655522,9232.8,22181.4,24594.9,78.3175,-144.768,79.0931,10506849849262.807,13.021472525909134
323856,206,0,9.49105757255289,49.0331,5.4988,0.0,9169.5,22223.6,24798.9,-120.214,-181.25,-40.6368,10506849849262.807,13.021472525909134
323857,206,0,9.692324866844205,38.5889,0.2588,0.0559945,9204.74,22168.9,24611.6,-397.351,238.252,-285.824,10506849849262.807,13.021472525909134
323858,206,0,9.685873908116537,40.2192,0.2862,0.0544162,9243.71,22160.2,24616.1,-494.214,-147.186,128.107,10506849849262.807,13.021472525909134
323859,206,0,9.57674793921406,35.3062,0.3442,0.051615,9208.35,22192.0,24588.4,11.7055,181.161,-238.763,10506849849262.807,13.021472525909134
323860,206,0,8.503668873331952,36.1511,7.7204,0.0,9245.13,22276.1,24447.5,47.5558,323.074,-103.242,10506849849262.807,13.021472525909134
292355,141,1,11.362240429151049,189.162,190.598,0.00992094,60688.9,2666.45,38790.3,-66.5979,-354.066,-271.717,10484045911123.875,13.020528914115854
292356,141,0,10.869519262005575,127.789,40.3234,0.0154805,60692.3,3040.06,38783.9,-150.334,-707.025,-322.263,10484045911123.875,13.020528914115854
292357,141,0,10.569228034708303,100.161,49.304,0.0136115,60876.4,2729.88,39310.5,-449.439,-250.143,-113.374,10484045911123.875,13.020528914115854
292358,141,0,9.995610585265531,63.0876,15.5197,0.0190332,60593.2,2910.29,38589.2,35.051,-368.445,-152.255,10484045911123.875,13.020528914115854
292359,141,0,9.83971049542517,64.2532,11.6602,0.0184266,60702.1,3186.16,38826.4,-141.362,-690.898,-228.464,10484045911123.875,13.020528914115854
292360,141,0,8.817417213439432,48.2888,16.4461,0.0138253,60440.2,2562.78,38698.0,-117.635,-534.961,55.129,10484045911123.875,13.020528914115854
292361,141,0,8.727875375143988,48.282,15.418,0.007063,60813.8,2952.51,38899.2,245.951,-319.003,-527.791,10484045911123.875,13.020528914115854
292362,141,0,8.863180560932724,37.857,17.1921,0.0111263,60677.4,2265.24,38633.0,-58.4916,30.2541,-510.142,10484045911123.875,13.020528914115854
292363,141,0,8.643516783724019,41.0934,15.0388,0.0104522,60422.7,2180.77,38809.0,87.1709,-474.199,-501.788,10484045911123.875,13.020528914115854
292364,141,0,9.36308044128414,41.342,8.5473,0.0203678,60622.6,2512.28,38932.0,-277.561,-573.186,-393.408,10484045911123.875,13.020528914115854
309951,175,1,11.248784592998254,196.094,167.884,0.0101355,13426.9,11023.3,25653.0,-54.1334,114.919,181.349,10420474381020.262,13.017887490208219
309952,175,0,10.859394314996765,132.439,41.3486,0.0101624,13331.4,10882.0,25164.4,1.819,269.106,475.758,10420474381020.262,13.017887490208219
309953,175,0,10.094179509555335,79.3366,22.8665,0.020662,13607.7,11040.7,25978.1,-276.705,367.941,270.916,10420474381020.262,13.017887490208219
309954,175,0,9.76085480136023,61.1199,11.6011,0.0187277,13345.6,10523.1,25530.1,-35.0054,102.207,261.293,10420474381020.262,13.017887490208219
309955,175,0,9.594819427374508,52.3205,19.3757,0.00911084,13427.3,10549.3,25331.6,-66.0385,24.0672,-18.0438,10420474381020.262,13.017887490208219
309956,175,0,8.945405486228939,38.4958,24.8181,0.0119146,13269.1,11534.4,25907.6,-84.3305,-257.397,214.947,10420474381020.262,13.017887490208219
309957,175,0,8.470857438644533,37.6097,15.7336,0.00518683,13224.5,10904.2,26046.1,76.5887,255.865,400.211,10420474381020.262,13.017887490208219
309958,175,0,8.602156148636427,36.4579,16.1277,0.00692418,13795.5,10847.8,25711.0,-127.185,102.307,-154.354,10420474381020.262,13.017887490208219
309959,175,0,8.913220802857538,39.6149,10.1832,0.00427259,13448.7,11250.8,25760.7,-45.4877,438.624,32.1288,10420474381020.262,13.017887490208219
309960,175,0,9.133664285740654,51.8822,6.0321,0.0166289,13353.2,10876.9,25220.5,48.3004,548.743,559.234,10420474381020.262,13.017887490208219
330553,223,1,11.180978903285697,190.483,153.553,0.00746768,56154.5,29452.9,1502.74,-6.6849,7.1573,88.2451,10174011825142.549,13.00749223807135
330554,223,0,10.436049438259941,95.861,2.2641,0.0,56186.5,29413.4,1497.58,117.75,-152.777,60.8153,10174011825142.549,13.00749223807135
330555,223,0,10.02835376982571,69.6271,1.2834,0.0,56196.5,29473.5,1511.87,95.8871,-32.8836,94.4338,10174011825142.549,13.00749223807135
330556,223,0,9.68952565816675,64.2984,3.8982,0.0161517,56191.0,29489.3,1530.12,-48.3237,510.426,332.85,10174011825142.549,13.00749223807135
330557,223,0,7.805040492972661,36.2762,17.3952,0.00179993,56330.2,29721.1,1852.14,-93.5344,187.095,-197.715,10174011825142.549,13.00749223807135
330558,223,0,9.396159178703028,51.5249,3.9489,0.0144808,56161.8,29393.8,1512.98,561.716,73.3671,-38.0054,10174011825142.549,13.00749223807135
330559,223,0,9.071973275773642,45.3684,7.4641,0.0115796,56047.1,29539.4,1544.8,279.852,229.346,160.401,10174011825142.549,13.00749223807135
330560,223,0,8.599326649147654,36.3647,7.2812,0.0,55877.7,29303.1,1518.5,119.361,-107.002,165.194,10174011825142.549,13.00749223807135
330561,223,0,8.383468705115789,29.0278,10.1668,0.0,56225.9,29872.1,1422.38,227.247,-1.48,-3.6143,10174011825142.549,13.00749223807135
330562,223,0,7.926854432779128,27.6077,11.3764,0.00514444,56269.9,29546.5,1038.05,-166.108,175.606,59.192,10174011825142.549,13.00749223807135
293439,143,1,11.378948539112972,178.881,175.197,0.0100142,22520.0,16968.9,44740.8,-18.3462,202.557,-108.548,9984566773289.877,12.999329225736377
293440,143,0,11.011679176869599,135.544,70.5215,0.0197246,23039.6,16491.7,45319.9,-265.154,270.735,-176.545,9984566773289.877,12.999329225736377
293441,143,0,10.837067029237085,133.401,26.8727,0.0156081,22755.6,16999.0,44846.5,-284.367,380.194,-230.033,9984566773289.877,12.999329225736377
293442,143,0,10.177835869911352,93.033,37.6845,0.0243476,23167.4,16504.9,45554.7,-457.297,138.137,-15.7256,9984566773289.877,12.999329225736377
293443,143,0,10.237707993999138,82.6191,20.4583,0.0161587,22896.8,16801.8,45165.5,17.4307,-41.198,-121.211,9984566773289.877,12.999329225736377
293444,143,0,9.857449128935539,72.2518,33.9452,0.0153341,22237.6,17247.7,44439.1,-243.677,149.094,243.056,9984566773289.877,12.999329225736377
293445,143,0,9.545832115323405,63.5556,29.9057,0.0142959,23066.2,16688.3,45826.9,-72.5903,116.214,-384.152,9984566773289.877,12.999329225736377
293446,143,0,8.864636484181586,50.3337,9.9206,0.00795983,22821.6,16956.7,44911.6,-99.1157,672.789,-347.357,9984566773289.877,12.999329225736377
293447,143,0,8.846725263543764,41.1175,14.5536,0.00922715,22359.7,16988.4,44201.5,73.9105,299.585,-63.1118,9984566773289.877,12.999329225736377
293448,143,0,9.007884293624963,37.3104,13.2844,0.0108578,22404.4,17094.4,44296.9,-28.7468,217.812,10.8184,9984566773289.877,12.999329225736377
249164,83,1,11.2950977740773,194.311,123.103,0.00502686,73527.0,49387.6,56128.4,504.872,453.204,-244.211,9947461831312.74,12.997712281421636
249165,83,0,11.160009801954244,145.179,121.975,0.0108297,74373.6,49915.7,56586.5,182.013,157.445,-584.56,9947461831312.74,12.997712281421636
249166,83,0,11.065962013177845,156.389,47.0657,0.0168461,74128.4,49879.3,56852.6,421.676,279.543,-734.523,9947461831312.74,12.997712281421636
249167,83,0,10.687189443203055,131.223,49.8859,0.00595193,74087.0,49590.9,56574.0,222.508,355.58,40.5776,9947461831312.74,12.997712281421636
249168,83,0,10.236750072978722,88.4249,48.7525,0.0158562,74288.8,49856.1,56018.8,114.421,325.739,-294.696,9947461831312.74,12.997712281421636
249169,83,0,10.838750588715701,128.394,7.4588,0.0206147,73582.1,49407.7,56098.2,193.4,372.942,36.2019,9947461831312.74,12.997712281421636
249170,83,0,10.12377113200959,84.282,22.3757,0.0249028,74015.1,49571.2,56383.3,106.52,660.307,-6.3604,9947461831312.74,12.997712281421636
249171,83,0,10.305488458554434,90.7538,7.876,0.0262815,74067.6,49657.5,56554.1,186.96,522.725,-3.9872,9947461831312.74,12.997712281421636
249172,83,0,9.927978924390647,74.4999,21.4638,0.0202051,73912.9,49828.4,56749.7,372.571,479.975,-167.409,9947461831312.74,12.997712281421636
249173,83,0,9.411693751460458,70.042,20.2096,0.00864346,73927.2,49570.1,56590.5,337.514,850.295,38.8355,9947461831312.74,12.997712281421636
299935,155,1,11.435334743557975,195.976,197.275,0.00852105,11349.7,8341.29,29303.5,128.808,505.28,1.3565,9923965008096.213,12.99668522428039
299936,155,0,10.978303599869175,164.408,55.1758,0.0116373,11780.4,8530.04,29038.1,-90.5143,384.785,231.308,9923965008096.213,12.99668522428039
299937,155,0,10.51137806208415,113.144,3.531,0.0128651,11371.8,8374.2,29302.5,357.983,843.236,-47.807,9923965008096.213,12.99668522428039
299938,155,0,8.678948536017007,36.2162,12.8745,0.00797816,11693.2,8336.4,29371.0,-172.938,565.314,200.79,9923965008096.213,12.99668522428039
299939,155,0,9.537828386563675,49.5137,4.262,0.0,11460.4,8440.03,29397.2,62.9313,330.735,-32.7589,9923965008096.213,12.99668522428039
299940,155,0,9.017639513928096,40.0072,9.6654,0.0146057,11321.4,8636.62,29490.1,323.295,536.562,-253.728,9923965008096.213,12.99668522428039
299941,155,0,7.728582607450878,30.1396,11.9593,0.00288474,11632.8,8411.7,28901.3,-63.9125,217.865,424.636,9923965008096.213,12.99668522428039
299942,155,0,9.162912781894418,40.0021,4.0743,0.0,11280.9,8347.67,29373.5,60.5636,871.336,-175.189,9923965008096.213,12.99668522428039
299943,155,0,8.415160711767417,30.9379,6.6807,0.00751716,11329.3,7951.79,29315.6,135.679,698.274,46.195,9923965008096.213,12.99668522428039
299944,155,0,8.605253817178818,32.5295,6.08,0.0,11331.4,7944.44,29526.5,225.798,412.079,57.3677,9923965008096.213,12.99668522428039
325808,211,1,11.174103520183511,179.175,191.786,0.0165393,42926.1,23625.9,67810.6,-193.656,79.2154,-79.357,9922062952961.23,12.996601978196734
325809,211,0,10.965951781154189,138.967,30.28,0.01043,43144.4,23506.7,67829.1,-157.71,135.296,-28.0468,9922062952961.23,12.996601978196734
325810,211,0,10.412346693458883,105.194,7.4053,0.031695,42906.3,23682.0,67756.4,-168.404,280.458,77.4821,9922062952961.23,12.996601978196734
325811,211,0,10.037629373754113,62.405,9.3457,0.0299737,42724.3,23750.3,67672.6,-413.198,89.9209,-130.986,9922062952961.23,12.996601978196734
325812,211,0,9.328243532311006,52.1821,14.2234,0.016855,42804.5,23805.3,67777.9,-499.539,412.289,-122.712,9922062952961.23,12.996601978196734
325813,211,0,8.922047962575983,43.0263,11.554,0.0088234,42802.9,23620.8,67419.5,-305.566,231.94,77.4514,9922062952961.23,12.996601978196734
325814,211,0,9.187205875252,44.0306,11.0087,0.0115192,42942.8,23501.6,68097.1,-371.463,35.7613,-139.656,9922062952961.23,12.996601978196734
325815,211,0,9.32200553557131,57.7732,7.7018,0.0183598,42910.6,23586.4,67877.2,-557.004,259.451,-397.814,9922062952961.23,12.996601978196734
325816,211,0,9.332822961474058,52.4599,5.3128,0.0123572,42867.7,23669.2,67777.1,-379.219,28.5846,353.701,9922062952961.23,12.996601978196734
325817,211,0,8.798768253069571,40.0967,11.6714,0.00936936,43148.2,23702.7,67787.1,-246.274,235.093,275.946,9922062952961.23,12.996601978196734
329515,220,1,11.182901832241363,196.126,145.096,0.00903952,4041.78,47010.3,73749.4,194.166,-7.9901,-159.087,9889673053391.184,12.995181934321636
329516,220,0,10.544141308992497,111.275,7.1983,0.0120367,3910.38,47024.2,73829.0,240.184,-99.2478,-126.696,9889673053391.184,12.995181934321636
329517,220,0,10.245128554726875,78.5717,12.2682,0.0281233,3797.83,47334.9,73780.2,157.687,-25.0751,-60.528,9889673053391.184,12.995181934321636
329518,220,0,8.40907962095354,40.2399,23.9492,0.00545409,3979.33,47296.8,73401.5,173.793,-349.646,-100.774,9889673053391.184,12.995181934321636
329519,220,0,9.21806250917516,50.3325,17.5742,0.0133313,3881.23,46814.5,74079.8,401.147,110.421,59.2462,9889673053391.184,12.995181934321636
329520,220,0,8.514763758231982,37.7496,19.7488,0.00578298,3664.44,46805.3,73469.9,167.56,-144.064,116.253,9889673053391.184,12.995181934321636
329521,220,0,8.935262649202679,37.7695,8.5419,0.0185051,4277.89,47038.9,73828.5,367.471,-238.226,-153.983,9889673053391.184,12.995181934321636
329522,220,0,8.209242651161269,31.437,12.2244,0.00492443,3969.57,46764.4,74019.3,120.511,29.7325,108.784,9889673053391.184,12.995181934321636
329523,220,0,8.910156623999216,37.6418,7.435,0.00987123,3787.16,46901.9,73945.8,334.359,269.904,-340.951,9889673053391.184,12.995181934321636
329524,220,0,7.788561218578166,30.3246,13.3652,0.0,4290.06,46974.3,73434.5,122.692,-21.1783,-409.629,9889673053391.184,12.995181934321636
324997,209,1,11.232300444798026,187.482,142.633,0.0104238,39099.0,68714.8,46084.9,238.47,-289.853,-316.187,9820660258029.322,12.992140687051648
324998,209,0,10.527156317587876,122.243,24.6294,0.0108602,39088.6,68961.4,46121.1,502.935,-384.388,-65.5198,9820660258029.322,12.992140687051648
324999,209,0,9.832302385352351,75.855,43.9878,0.0246825,39117.5,68353.1,45721.7,-60.0623,-313.591,-183.937,9820660258029.322,12.992140687051648
325000,209,0,10.071114702848574,75.3852,35.3667,0.0227334,39352.0,68741.4,46396.6,215.59,-520.607,34.913,9820660258029.322,12.992140687051648
325001,209,0,9.279148216377722,42.3562,16.07,0.017549,39152.9,68763.2,46378.3,358.967,-238.827,-625.848,9820660258029.322,12.992140687051648
325002,209,0,9.054012451911134,54.3769,7.7506,0.00632019,39077.4,68346.5,45695.1,-128.328,-323.193,-71.3807,9820660258029.322,12.992140687051648
325003,209,0,9.507469833724496,53.3548,3.857,0.0122868,39127.8,68335.7,45750.2,-115.101,-302.354,-184.568,9820660258029.322,12.992140687051648
325004,209,0,8.45333730232829,43.1236,6.8213,0.00364432,39379.5,68800.8,46358.8,265.097,-616.769,83.5293,9820660258029.322,12.992140687051648
325005,209,0,9.072619212229608,41.5394,5.1026,0.0156601,39119.6,68420.7,46241.5,139.456,-289.118,-331.383,9820660258029.322,12.992140687051648
325006,209,0,8.745138898819889,40.3431,6.6583,0.0104473,39115.1,68738.1,45952.8,300.076,53.9335,-536.495,9820660258029.322,12.992140687051648
336796,240,1,11.347438055758408,193.391,122.275,0.010664,50471.2,12586.6,38911.1,183.012,-228.118,-27.8486,9798046435301.797,12.991139493351334
336797,240,0,10.206433859542678,82.1863,17.8461,0.0265026,50288.7,12494.3,38721.8,-66.4083,-452.612,-117.178,9798046435301.797,12.991139493351334
336798,240,0,9.680871100200457,59.8172,17.0365,0.0217755,50373.9,12858.7,38961.0,3.6663,-217.425,-229.813,9798046435301.797,12.991139493351334
336799,240,0,9.366763375526377,49.0606,7.0729,0.018818,50340.1,12302.5,38880.8,166.316,-156.546,-66.0755,9798046435301.797,12.991139493351334
336800,240,0,9.780040574992512,59.3187,1.9294,0.0,50508.6,12563.5,38966.5,244.434,-227.912,-99.3322,9798046435301.797,12.991139493351334
336801,240,0,9.01913285494628,17.6807,0.3015,0.0,50449.9,12564.8,38877.0,-126.787,-469.984,-130.536,9798046435301.797,12.991139493351334
336802,240,0,6.738528717306434,18.8985,11.0615,0.0,50452.4,12743.9,39258.7,-120.287,-84.9599,-55.5745,9798046435301.797,12.991139493351334
336803,240,0,7.912036979128661,27.0439,4.6031,0.0,50524.2,12504.0,38937.4,-360.027,-89.3215,13.1332,9798046435301.797,12.991139493351334
336804,240,0,8.930774473239095,17.2706,0.4126,0.0,50436.8,12557.9,38958.7,306.039,-71.3792,-33.3623,9798046435301.797,12.991139493351334
336805,240,0,6.3275172997866385,18.85,7.7192,0.0,50422.2,12343.2,38680.6,370.111,-163.889,419.344,9798046435301.797,12.991139493351334
324572,208,1,11.151834808936577,198.231,157.716,0.0154954,48304.6,55131.6,26236.3,24.2023,56.6945,304.64,9781354121976.03,12.990398982291994
324573,208,0,10.542550521900987,100.632,26.3607,0.0279901,48258.8,54762.4,26206.9,232.38,-141.939,176.544,9781354121976.03,12.990398982291994
324574,208,0,9.05859098057195,51.6545,29.8211,0.00887501,48575.5,55703.7,26523.2,59.5418,-77.5889,47.3416,9781354121976.03,12.990398982291994
324575,208,0,8.703358658736313,38.9776,17.2855,0.00500604,48374.6,55707.7,26194.6,52.0164,-223.757,306.912,9781354121976.03,12.990398982291994
324576,208,0,9.23196985714468,43.539,11.218,0.0133069,48224.1,54731.0,26414.0,148.662,165.459,124.411,9781354121976.03,12.990398982291994
324577,208,0,8.764397433331082,40.9102,13.3471,0.0111597,48038.2,54915.3,26203.6,319.348,121.037,605.316,9781354121976.03,12.990398982291994
324578,208,0,9.825120687917973,56.4236,1.136,0.0,48309.1,55163.0,26297.4,-3.9276,5.0817,114.493,9781354121976.03,12.990398982291994
324579,208,0,8.444005127708053,47.51,9.7036,0.0033917,48318.3,55139.9,26084.4,-192.861,-65.8143,821.162,9781354121976.03,12.990398982291994
324580,208,0,9.42838542820146,52.279,5.9634,0.0248013,48135.2,54999.8,26339.5,16.3405,-55.2681,190.758,9781354121976.03,12.990398982291994
324581,208,0,9.182716657158576,37.8672,8.7251,0.0251719,48453.2,55186.8,26007.1,118.502,-42.2296,201.464,9781354121976.03,12.990398982291994
312891,181,1,11.313433158450993,195.117,137.898,0.00832137,71881.2,59596.3,56158.1,-385.667,-305.178,-656.775,9775878617923.31,12.99015580051986
312892,181,0,10.578314976739902,95.3032,49.9928,0.0328092,71870.2,59091.9,56061.7,-160.44,-510.419,-822.784,9775878617923.31,12.99015580051986
312893,181,0,10.564577311640228,112.443,19.7124,0.0155992,71832.8,59105.9,56181.7,-159.523,-499.946,-956.894,9775878617923.31,12.99015580051986
312894,181,0,9.8394377783658,65.4439,31.6129,0.0204239,71495.6,59219.1,56104.0,-48.2987,-329.05,-867.854,9775878617923.31,12.99015580051986
312895,181,0,9.628553327276537,60.7151,16.1397,0.0255835,71725.0,59623.4,56480.7,-139.884,-392.718,-538.024,9775878617923.31,12.99015580051986
312896,181,0,9.618744273324491,53.407,18.6186,0.0239305,71615.4,59641.4,55545.3,-433.415,-128.621,-676.742,9775878617923.31,12.99015580051986
312897,181,0,8.372486917373095,37.3821,16.2702,0.00334359,71526.0,59571.0,55467.5,-455.862,-144.944,-291.543,9775878617923.31,12.99015580051986
312898,181,0,8.101476339680682,36.9045,19.1508,0.00228378,71625.5,58959.2,56425.3,-58.5647,-542.049,-997.623,9775878617923.31,12.99015580051986
312899,181,0,9.156535023220263,41.9355,11.1946,0.0,71528.9,59624.5,56116.9,-38.3136,-647.292,-88.8583,9775878617923.31,12.99015580051986
312900,181,0,8.556829323966175,34.8218,10.9753,0.0,71680.3,59695.2,55691.6,142.486,-652.108,-244.784,9775878617923.31,12.99015580051986
210763,53,1,11.238904280952983,185.922,300.949,0.00571123,74140.5,34772.8,3568.56,209.691,-240.159,287.483,9696834756802.203,12.986629994886174
210764,53,0,11.679568437351094,232.904,162.452,0.00934448,74831.5,33486.8,4458.84,91.7783,-233.544,70.59,9696834756802.203,12.986629994886174
210765,53,0,11.289406188396045,167.589,76.9816,0.0177601,74264.0,34183.0,3518.18,-67.9619,-303.446,100.365,9696834756802.203,12.986629994886174
210766,53,0,11.105248629756607,158.585,67.5007,0.0111894,73956.3,34556.1,3170.38,551.984,-219.061,436.629,9696834756802.203,12.986629994886174
210767,53,0,10.932891190574779,145.886,68.0528,0.0163266,147.039,33315.3,5267.67,53.0528,95.3934,210.778,9696834756802.203,12.986629994886174
210768,53,0,10.51403219828259,107.666,52.1044,0.0139192,16.5183,32690.4,5480.99,16.5957,-110.879,-119.382,9696834756802.203,12.986629994886174
210769,53,0,10.466858430145193,93.2989,28.6546,0.0220164,51.1695,32854.3,5113.33,-18.9773,-7.4248,-70.7111,9696834756802.203,12.986629994886174
210770,53,0,10.761257139962957,125.285,5.0328,0.00759241,74091.5,34792.3,3562.11,162.742,-289.409,257.373,9696834756802.203,12.986629994886174
210771,53,0,10.142713969438462,67.847,17.3773,0.0402042,74611.4,32805.6,4860.76,196.497,-369.672,197.536,9696834756802.203,12.986629994886174
210772,53,0,9.801656640615796,63.0253,23.3806,0.0242673,74782.0,34042.5,4144.75,137.623,-277.223,-267.131,9696834756802.203,12.986629994886174
281700,124,1,11.331130396989254,210.524,74.2252,0.0139497,42738.9,28523.2,101.128,-44.0454,54.768,-187.056,9622675330018.73,12.983295832904165
281701,124,0,11.085216397981341,162.082,105.143,0.0175716,42551.5,28245.8,74784.2,157.917,277.705,186.225,9622675330018.73,12.983295832904165
281702,124,0,10.8819829037404,143.765,15.3574,0.0136956,42424.7,28214.9,74800.2,-119.219,278.321,14.5018,9622675330018.73,12.983295832904165
281703,124,0,9.851047902120664,81.7264,18.4794,0.0134002,42519.9,28148.1,74610.1,-228.562,314.098,441.241,9622675330018.73,12.983295832904165
281704,124,0,10.366980993128905,104.138,2.4857,0.029888,42734.3,28505.5,92.5024,16.5916,652.344,46.3478,9622675330018.73,12.983295832904165
281705,124,0,9.443742118871336,60.6152,20.4983,0.00792349,43027.2,28656.8,131.173,-445.03,-24.1389,-206.128,9622675330018.73,12.983295832904165
281706,124,0,9.859355319273638,76.0607,9.5115,0.0136028,42567.3,28336.4,74745.1,-23.2146,-105.37,-488.759,9622675330018.73,12.983295832904165
281707,124,0,9.54135037024016,57.1039,12.507,0.0114964,42477.3,28342.1,32.9442,114.253,200.643,-370.148,9622675330018.73,12.983295832904165
281708,124,0,8.869313151625022,44.923,20.1151,0.00795042,42831.3,28242.7,268.784,-7.8001,-192.119,-408.623,9622675330018.73,12.983295832904165
281709,124,0,8.62011176246896,39.9958,14.729,0.00821882,42961.7,28571.5,31.6036,-8.968,245.477,189.136,9622675330018.73,12.983295832904165
288014,134,1,11.002357398615393,219.152,165.343,0.00732314,53597.6,44318.9,25562.3,-69.6943,186.992,92.9319,9547622991516.275,12.979895261619097
288015,134,0,11.400705948114217,185.674,60.423,0.0113847,53661.9,44752.1,25555.7,98.2683,-22.8764,-114.627,9547622991516.275,12.979895261619097
288016,134,0,10.667659716468112,139.581,5.5611,0.00694419,53628.6,44321.4,25605.0,182.812,396.193,307.289,9547622991516.275,12.979895261619097
288017,134,0,10.323590954271914,85.2981,16.2046,0.0285601,53672.9,44528.0,25778.8,-206.694,209.869,-141.45,9547622991516.275,12.979895261619097
288018,134,0,10.459587896253932,115.349,6.493,0.0196069,53555.2,44351.3,25492.1,-279.653,-69.8898,-172.855,9547622991516.275,12.979895261619097
288019,134,0,9.88326484940622,80.167,19.9521,0.0126993,53470.3,44155.0,25461.0,164.622,239.452,678.647,9547622991516.275,12.979895261619097
288020,134,0,9.434739050266524,54.2215,10.6526,0.0168694,53544.0,44638.3,25376.6,-302.336,92.7732,52.2565,9547622991516.275,12.979895261619097
288021,134,0,8.743000736898466,46.6172,14.3091,0.0049061,53901.4,44370.1,25658.2,-100.701,483.81,-276.242,9547622991516.275,12.979895261619097
288022,134,0,9.475571256500915,52.2766,9.7818,0.0181022,53525.7,44913.9,25556.9,-14.5884,233.524,-230.673,9547622991516.275,12.979895261619097
288023,134,0,8.83043731154904,46.3741,8.876,0.0052983,53678.7,44491.3,25553.1,-367.529,-71.6592,-31.9907,9547622991516.275,12.979895261619097
305653,166,1,11.343984783002888,178.187,166.795,0.00902784,29396.7,38870.8,53203.9,-331.987,247.561,-172.262,9468157452610.625,12.976265471503705
305654,166,0,11.185895734977649,185.373,52.0084,0.00753157,29405.2,39017.2,52929.0,-381.859,388.276,117.331,9468157452610.625,12.976265471503705
305655,166,0,10.214720297655804,90.5158,18.482,0.0145525,29560.1,39033.5,53133.0,-584.142,689.652,-122.124,9468157452610.625,12.976265471503705
305656,166,0,9.36329713430768,56.556,32.9884,0.0122027,29701.9,38852.4,52629.7,-235.349,640.711,-282.538,9468157452610.625,12.976265471503705
305657,166,0,9.191570805638454,55.1287,18.7708,0.00902437,29669.0,38701.5,52592.6,-181.964,709.324,-271.468,9468157452610.625,12.976265471503705
305658,166,0,9.587354972874252,57.0605,7.3615,0.0179581,29361.8,38779.6,53213.4,-705.926,501.784,-188.574,9468157452610.625,12.976265471503705
305659,166,0,8.39051687489496,40.0407,22.058,0.00655438,29703.2,38753.2,52848.8,-104.014,629.663,110.716,9468157452610.625,12.976265471503705
305660,166,0,9.652473886014155,50.0729,3.46,0.0176023,29352.6,38896.0,53160.5,-401.158,109.848,-415.488,9468157452610.625,12.976265471503705
305661,166,0,9.484060141587436,49.9314,4.6943,0.0,29403.3,39155.6,52925.5,-448.437,411.978,263.662,9468157452610.625,12.976265471503705
305662,166,0,8.406396847675618,37.0538,13.9701,0.00950543,29496.6,39193.0,53159.2,-515.653,618.5,-0.3386,9468157452610.625,12.976265471503705
300568,156,1,11.038604206985339,174.593,192.659,0.00550087,13265.4,6735.66,18580.0,81.293,180.759,47.5455,9455168335213.223,12.97566926521738
300569,156,0,10.959518799225062,130.561,25.3502,0.0206103,13563.3,6701.63,18441.5,98.1477,185.182,-61.8093,9455168335213.223,12.97566926521738
300570,156,0,10.586857288254848,113.835,49.1486,0.00977753,13017.6,6770.95,19209.1,-205.061,53.5849,-101.851,9455168335213.223,12.97566926521738
300571,156,0,10.238719312645246,81.8135,16.6241,0.0258466,12986.5,7010.69,18654.2,-48.3183,86.0721,152.794,9455168335213.223,12.97566926521738
300572,156,0,10.045241531620954,72.6262,8.9974,0.0194397,13180.6,6796.44,18763.1,101.05,325.306,101.568,9455168335213.223,12.97566926521738
300573,156,0,9.444733338176356,55.6305,17.2821,0.0125466,13206.9,6706.9,18852.7,602.386,178.482,149.489,9455168335213.223,12.97566926521738
300574,156,0,9.602979024997051,51.9892,15.5885,0.024847,13714.3,7029.06,18537.8,-127.686,164.078,-18.8395,9455168335213.223,12.97566926521738
300575,156,0,9.369277225215978,51.1035,16.3064,0.0161177,13322.5,6507.42,18191.8,131.332,318.904,405.424,9455168335213.223,12.97566926521738
300576,156,0,9.847817927436692,63.8613,7.3116,0.0275992,13288.7,6849.1,18698.7,165.445,291.617,24.1479,9455168335213.223,12.97566926521738
300577,156,0,9.457361540993347,60.1323,8.1305,0.0144269,13009.3,6748.16,19152.6,-315.515,78.3463,120.668,9455168335213.223,12.97566926521738
327405,215,1,11.40354806166747,189.273,145.044,0.0193205,70173.4,22456.7,20700.5,401.88,-260.462,1.377,9453336559708.998,12.97558512001389
327406,215,0,10.548567299215813,111.799,18.774,0.012659,69970.3,22519.0,20754.9,319.423,-155.552,278.525,9453336559708.998,12.97558512001389
327407,215,0,9.768760628475972,57.482,26.2664,0.0177126,70666.6,22404.2,20478.3,79.6808,-146.348,-50.6855,9453336559708.998,12.97558512001389
327408,215,0,9.87181535588852,64.7701,23.6171,0.0238403,70124.8,22146.5,20692.5,303.905,-388.557,-164.225,9453336559708.998,12.97558512001389
327409,215,0,9.698567194420901,56.6794,24.0384,0.0152103,69954.3,22071.1,21060.7,408.942,-381.98,-48.6302,9453336559708.998,12.97558512001389
327410,215,0,9.182624040000558,56.0251,11.4662,0.00825303,70063.2,22384.8,20592.4,44.4529,-147.408,349.768,9453336559708.998,12.97558512001389
327411,215,0,9.83124368858479,46.9708,0.3286,0.0456439,70161.7,22458.2,20682.3,350.016,10.3119,45.0448,9453336559708.998,12.97558512001389
327412,215,0,9.720662138510773,42.0849,0.3545,0.0476123,70176.3,22480.2,20718.2,564.789,-465.029,80.775,9453336559708.998,12.97558512001389
327413,215,0,9.506659991947465,47.0505,4.2108,0.0154429,70160.7,22397.1,20713.9,480.773,-73.6461,-449.504,9453336559708.998,12.97558512001389
327414,215,0,9.637735471764879,30.0004,0.1988,0.0594189,70174.8,22431.6,20690.0,248.649,-201.967,-266.914,9453336559708.998,12.97558512001389
334727,234,1,11.323195141860474,191.439,140.139,0.01301,48154.2,63049.2,34564.6,-54.5331,138.735,87.8555,9405826628296.15,12.973396969405997
334728,234,0,10.568439046775028,107.167,19.6753,0.0112868,48344.8,62894.5,34553.9,125.811,164.519,267.22,9405826628296.15,12.973396969405997
334729,234,0,9.270740365526098,46.4964,13.5358,0.0169174,48786.0,63209.5,34710.0,-77.2708,224.768,52.6408,9405826628296.15,12.973396969405997
334730,234,0,8.686007358509741,39.2322,14.541,0.00573877,48511.1,63230.7,34332.6,-90.0786,245.51,-115.985,9405826628296.15,12.973396969405997
334731,234,0,8.927438258824548,39.9181,8.271,0.0148341,47895.3,62863.9,34530.0,-43.3742,132.917,-117.405,9405826628296.15,12.973396969405997
334732,234,0,9.517932657742298,35.9317,0.3431,0.0450486,48168.4,63030.1,34560.6,-335.335,-75.5044,24.9015,9405826628296.15,12.973396969405997
334733,234,0,8.583610034069109,41.7407,6.9197,0.0,48098.2,63011.3,34488.3,-206.223,620.178,-62.3065,9405826628296.15,12.973396969405997
334734,234,0,9.109940153214962,41.1989,4.5379,0.015827,48187.4,63056.3,34502.0,-418.906,-200.415,183.137,9405826628296.15,12.973396969405997
334735,234,0,8.196952751041687,31.158,7.955,0.00342077,48054.7,62778.5,34410.1,229.363,-5.6003,157.417,9405826628296.15,12.973396969405997
334736,234,0,8.043752576394589,32.282,9.2476,0.0,48507.2,63070.9,34543.2,-216.593,88.3334,371.633,9405826628296.15,12.973396969405997
335078,235,1,11.365118078199307,180.88,153.52,0.00685905,13406.8,20540.0,7175.97,-99.2846,-3.4421,15.4068,9299617887845.531,12.968465104187327
335079,235,0,9.946732410668282,70.6776,13.004,0.0238088,13393.3,20921.2,7491.21,-61.7145,-125.031,80.2804,9299617887845.531,12.968465104187327
335080,235,0,9.322942242044526,50.6412,15.5099,0.0206,13463.9,20709.9,7545.05,3.3597,-310.121,-11.9761,9299617887845.531,12.968465104187327
335081,235,0,9.765911298620187,60.6787,5.4544,0.0268928,13186.1,20702.9,7279.93,11.9316,-38.3224,75.0242,9299617887845.531,12.968465104187327
335082,235,0,8.380515666846506,30.5855,9.98,0.00521051,13474.6,20463.3,7431.67,-325.056,186.374,-252.88,9299617887845.531,12.968465104187327
335083,235,0,9.074950688059257,39.6536,5.2392,0.0,13281.5,20774.4,7149.95,-75.5769,-112.961,26.8853,9299617887845.531,12.968465104187327
335084,235,0,8.442156079755126,31.0496,9.9368,0.00901132,13412.4,20123.3,7165.35,12.1408,70.58,-183.772,9299617887845.531,12.968465104187327
335085,235,0,8.702227467740201,36.9154,4.9569,0.0,13515.1,20632.8,7124.19,-231.212,-93.2767,303.074,9299617887845.531,12.968465104187327
335086,235,0,7.996911670670006,33.8678,7.0861,0.0,13469.9,20658.9,7307.59,149.248,306.027,-72.1555,9299617887845.531,12.968465104187327
335087,235,0,8.300292081469996,32.4264,7.1484,0.0,13470.4,20543.4,7015.98,-365.071,69.412,-180.137,9299617887845.531,12.968465104187327
340106,250,1,11.272688292903336,192.115,124.373,0.0105813,771.852,37328.5,2638.04,44.1437,-399.031,29.7947,9160764258908.14,12.961931707246544
340107,250,0,9.612394319138192,57.6489,16.2842,0.0133867,778.988,37742.6,2699.72,-67.2021,-685.224,-23.1562,9160764258908.14,12.961931707246544
340108,250,0,9.044939292702184,43.7451,16.0835,0.00909751,844.765,37263.8,2919.18,154.985,-162.411,124.481,9160764258908.14,12.961931707246544
340109,250,0,8.820209800751048,43.5401,18.0328,0.0110578,670.703,37665.3,2881.43,172.111,-345.903,-251.194,9160764258908.14,12.961931707246544
340110,250,0,9.774022105848822,65.3325,3.947,0.0299373,734.947,37260.5,2611.74,227.523,-596.145,-217.768,9160764258908.14,12.961931707246544
340111,250,0,9.480450829413352,50.9235,7.7208,0.019649,885.932,37674.9,2598.64,146.709,-391.217,65.3032,9160764258908.14,12.961931707246544
340112,250,0,8.313355267875268,36.3458,19.1428,0.0054316,1019.69,36999.3,2582.15,273.769,-173.379,-12.1101,9160764258908.14,12.961931707246544
340113,250,0,9.035843757280574,42.2428,6.3182,0.0105787,848.151,37455.2,2578.64,-246.902,-457.242,319.953,9160764258908.14,12.961931707246544
340114,250,0,8.192366100020276,33.5579,11.6956,0.00424187,354.098,37480.0,2371.82,-15.4066,-397.855,-162.988,9160764258908.14,12.961931707246544
340115,250,0,8.63766459884581,35.5376,5.8522,0.00967066,829.004,37216.9,2599.69,-359.448,-209.921,-75.2744,9160764258908.14,12.961931707246544
306945,169,1,11.36808393065424,181.953,176.764,0.0123432,25701.0,7296.45,30863.9,-221.615,21.4779,27.5265,9124727026705.97,12.960219881066205
306946,169,0,10.797734785286359,131.942,76.0674,0.0201598,24817.9,7253.23,31231.2,0.6423,-64.3055,15.952,9124727026705.97,12.960219881066205
306947,169,0,10.574716297842128,104.986,23.9469,0.0192311,25087.6,7165.55,31198.8,-104.87,-86.7221,75.1843,9124727026705.97,12.960219881066205
306948,169,0,10.26084638047105,87.176,8.2727,0.0,25986.4,7431.5,30683.9,-284.879,55.8158,-33.1302,9124727026705.97,12.960219881066205
306949,169,0,9.783902313903072,72.9938,11.5941,0.0170846,25671.8,7151.6,30859.6,-506.243,-232.855,149.345,9124727026705.97,12.960219881066205
306950,169,0,9.611839916569668,46.7926,3.8848,0.0,25605.2,7370.29,30782.6,-158.892,12.3002,28.2754,9124727026705.97,12.960219881066205
306951,169,0,8.112005814245727,35.0419,13.9866,0.00676659,25455.9,7278.08,30598.1,-277.036,358.259,212.14,9124727026705.97,12.960219881066205
306952,169,0,9.473645335464877,48.1733,1.9425,0.0,25717.7,7275.94,30902.5,83.6952,-135.375,-198.38,9124727026705.97,12.960219881066205
306953,169,0,9.428605331407889,43.0136,3.0746,0.0,25660.7,7265.2,30873.9,159.389,78.0218,-186.631,9124727026705.97,12.960219881066205
306954,169,0,7.602764651015106,31.6709,13.308,0.0,24988.7,7238.25,31412.6,-292.68,-276.123,-169.372,9124727026705.97,12.960219881066205
319144,195,1,10.921653458483773,163.948,217.074,0.00947752,33359.7,3230.63,50894.8,84.3511,-97.2531,32.8343,9052162406928.145,12.956752337129796
319145,195,0,11.193443397268021,153.571,34.0428,0.0193726,33377.3,3086.46,51064.4,20.0215,-63.6621,-76.1019,9052162406928.145,12.956752337129796
319146,195,0,10.50269074579218,98.9212,23.4496,0.0179519,33316.9,3269.65,50567.4,72.6397,-19.4851,-298.19,9052162406928.145,12.956752337129796
319147,195,0,10.463409346380459,99.3401,16.379,0.02273,33546.0,2979.44,51196.0,30.497,-417.85,62.772,9052162406928.145,12.956752337129796
319148,195,0,10.277290059662466,87.5911,13.4411,0.0209359,33484.6,3232.85,50825.8,-128.221,151.489,36.5879,9052162406928.145,12.956752337129796
319149,195,0,9.862291453601102,59.9275,14.9997,0.0205427,32964.2,3352.27,50668.7,-33.242,-42.0964,-122.801,9052162406928.145,12.956752337129796
319150,195,0,9.50030058206347,58.1903,7.7975,0.00740693,33316.9,3211.31,50978.0,-18.5274,396.262,158.229,9052162406928.145,12.956752337129796
319151,195,0,9.349785249800762,47.2672,5.0086,0.0165535,33388.8,3288.59,50953.0,-30.2055,-95.5568,224.202,9052162406928.145,12.956752337129796
319152,195,0,7.5072126831111445,28.0291,15.1455,0.00295998,33593.4,3251.8,51254.4,-232.852,5.3646,-372.306,9052162406928.145,12.956752337129796
319153,195,0,8.520158306257732,34.399,7.579,0.0,33361.7,3304.38,50834.7,538.348,-224.618,166.112,9052162406928.145,12.956752337129796
330955,224,1,11.406336482885488,191.192,135.786,0.0153262,28676.3,22832.3,41133.8,-233.183,196.549,209.964,9051654231136.514,12.956727955757998
330956,224,0,10.269087390789394,90.297,4.6771,0.0410741,28704.2,22816.5,41177.2,-505.255,338.205,-87.8045,9051654231136.514,12.956727955757998
330957,224,0,9.327583645264555,52.7197,24.549,0.0133305,28485.9,22352.8,41298.9,-385.204,404.247,112.894,9051654231136.514,12.956727955757998
330958,224,0,9.870685664594257,62.3565,8.41,0.0318926,28480.2,22772.3,41181.8,-476.572,298.539,125.735,9051654231136.514,12.956727955757998
330959,224,0,8.608519085426389,39.1748,19.61,0.00887356,28510.4,22458.9,41146.5,-86.7838,-107.218,57.2938,9051654231136.514,12.956727955757998
330960,224,0,8.996491765965489,43.4787,12.3739,0.0149512,28635.6,23496.2,41203.2,-219.29,236.647,137.804,9051654231136.514,12.956727955757998
330961,224,0,8.655131626407263,35.8007,12.9447,0.00942556,28561.0,23350.4,41207.7,-229.791,83.7604,-120.155,9051654231136.514,12.956727955757998
330962,224,0,9.761885464774913,44.5835,0.3551,0.0312837,28681.7,22805.5,41126.7,-404.326,132.37,502.69,9051654231136.514,12.956727955757998
330963,224,0,8.87842476866722,29.9641,20.4974,0.00874037,28761.5,22454.0,40917.8,-346.238,129.733,89.0836,9051654231136.514,12.956727955757998
330964,224,0,8.466214631766446,35.237,9.4103,0.00965327,28512.9,22571.5,41351.0,-260.106,408.334,160.667,9051654231136.514,12.956727955757998
340355,251,1,11.295987276388127,194.044,124.157,0.0112371,30674.4,67018.0,52747.4,18.5496,-278.867,-123.079,9038519148352.154,12.956097282424427
340356,251,0,10.361713898409258,100.05,17.921,0.0189843,30552.2,67155.9,52842.8,83.8967,-554.662,-407.834,9038519148352.154,12.956097282424427
340357,251,0,10.00611091258966,78.0676,1.0757,0.0134142,30684.3,67009.5,52752.1,-41.2201,-562.695,-310.604,9038519148352.154,12.956097282424427
340358,251,0,8.761231588098743,35.8985,15.905,0.012523,30939.8,67413.9,52813.2,-71.7611,-503.419,-284.221,9038519148352.154,12.956097282424427
340359,251,0,9.192876298992816,47.0832,5.3629,0.0115979,30746.3,67046.4,52752.2,-424.143,-364.133,135.117,9038519148352.154,12.956097282424427
340360,251,0,9.148848833266943,53.5102,3.0747,0.00947039,30638.7,67014.5,52742.1,-25.5872,-705.777,-622.418,9038519148352.154,12.956097282424427
340361,251,0,8.367811894645811,34.0203,8.5492,0.00969612,30631.7,67405.0,52891.1,-28.5882,-479.172,-2.5094,9038519148352.154,12.956097282424427
340362,251,0,8.964402031484235,38.0674,5.4322,0.0,30528.9,67030.3,52968.1,-61.6206,-261.152,-18.9563,9038519148352.154,12.956097282424427
340363,251,0,9.235864531928149,36.6127,2.0915,0.0,30619.7,67021.3,52633.8,-89.5775,-221.417,115.687,9038519148352.154,12.956097282424427
340364,251,0,8.09719201409827,32.4178,5.6481,0.0,30703.4,66954.3,52579.1,-4.4537,129.968,-14.7378,9038519148352.154,12.956097282424427
313402,182,1,11.159804839756294,165.347,228.91,0.0153722,21175.9,4017.75,26139.5,-106.013,226.473,-32.8788,9024946169406.924,12.955444620173346
313403,182,0,11.230663831858006,159.842,40.0852,0.0109334,21217.0,3789.89,26260.0,-254.065,322.595,4.2213,9024946169406.924,12.955444620173346
313404,182,0,10.546388184444139,119.347,3.2647,0.0339409,21153.2,3999.69,26140.9,-93.1676,21.5104,-253.562,9024946169406.924,12.955444620173346
313405,182,0,10.08386439492749,75.1943,9.0369,0.0334328,21070.0,3858.08,26241.4,-303.013,184.484,-37.5698,9024946169406.924,12.955444620173346
313406,182,0,9.098558405094643,42.6072,18.9188,0.00767618,21379.3,3972.97,26509.7,-67.0411,109.239,260.184,9024946169406.924,12.955444620173346
313407,182,0,8.384871662940911,41.5704,18.2331,0.00430081,20979.4,3968.28,25836.1,214.667,278.693,204.173,9024946169406.924,12.955444620173346
313408,182,0,8.964297636281238,44.1947,13.5602,0.0121661,20619.9,4270.81,26133.4,-97.9991,413.192,-200.847,9024946169406.924,12.955444620173346
313409,182,0,8.191129262801448,37.1716,11.9924,0.00294083,21368.2,4194.85,26202.0,61.8347,273.749,334.004,9024946169406.924,12.955444620173346
313410,182,0,7.405692069180082,26.0394,13.403,0.0029683,20886.4,3908.7,25778.4,245.685,296.598,172.913,9024946169406.924,12.955444620173346
313411,182,0,6.269525352808952,25.1623,12.8337,0.0,20874.0,3695.29,26538.8,-496.007,440.966,-31.3233,9024946169406.924,12.955444620173346
263557,99,1,10.927646578068257,176.247,163.324,0.00862998,52187.7,46540.0,25409.7,-101.744,-25.7037,185.779,9019859906386.09,12.955199792269664
263558,99,0,11.143339389908077,166.839,96.2098,0.00820823,52812.0,46504.8,25979.6,-359.375,-102.297,193.606,9019859906386.09,12.955199792269664
263559,99,0,11.082153328246415,160.133,94.9624,0.0139897,51338.1,46439.9,26007.7,69.3951,79.656,189.223,9019859906386.09,12.955199792269664
263560,99,0,10.436016550510113,93.6954,34.7165,0.00675419,52056.7,46975.5,25665.5,225.66,245.3,231.344,9019859906386.09,12.955199792269664
263561,99,0,10.533168934752455,97.7258,6.5974,0.0318103,52107.2,46491.9,25492.6,-70.1949,-2.3027,185.268,9019859906386.09,12.955199792269664
263562,99,0,9.318413959836215,58.3664,17.8879,0.00966959,51099.6,46506.0,25950.2,118.785,112.228,670.177,9019859906386.09,12.955199792269664
263563,99,0,9.392767548556984,49.5238,17.0533,0.0192017,52185.6,46858.4,25514.2,-45.501,278.208,-30.683,9019859906386.09,12.955199792269664
263564,99,0,9.34524606674707,52.7825,14.0813,0.0121686,51553.1,46455.6,25869.0,-32.0793,127.154,-22.2087,9019859906386.09,12.955199792269664
263565,99,0,9.669082334921725,58.334,10.7274,0.0154904,52347.2,46673.1,25362.1,-242.719,-149.859,-181.594,9019859906386.09,12.955199792269664
263566,99,0,9.528225334310603,58.5406,12.4514,0.0253973,51230.7,46473.6,26173.7,-75.2149,243.097,-31.6079,9019859906386.09,12.955199792269664
322979,204,1,11.186334279198787,179.507,194.909,0.0123115,72986.4,10635.5,30827.4,151.105,321.637,116.685,9011835414187.057,12.954813251475775
322980,204,0,10.80505756711943,142.207,9.3757,0.00906068,73001.9,10600.9,30761.9,18.0372,507.483,332.692,9011835414187.057,12.954813251475775
322981,204,0,9.325255501736752,55.209,27.0232,0.0134859,72521.9,10453.7,30717.1,419.72,484.337,159.959,9011835414187.057,12.954813251475775
322982,204,0,10.030320479255373,68.4398,11.3019,0.0229772,73019.2,10785.7,30808.1,-58.4691,119.154,299.116,9011835414187.057,12.954813251475775
322983,204,0,10.122938653062281,68.6815,3.5867,0.0451029,72950.1,10626.3,30785.1,284.645,437.258,100.776,9011835414187.057,12.954813251475775
322984,204,0,9.032322960033078,46.7709,18.4071,0.00887252,73056.7,10670.8,30452.8,19.1754,115.427,409.468,9011835414187.057,12.954813251475775
322985,204,0,8.602043963039797,48.8588,14.8416,0.00443759,72700.8,10655.4,30949.1,478.013,160.643,305.317,9011835414187.057,12.954813251475775
322986,204,0,8.682718639541976,43.7844,19.1714,0.00523626,72718.5,10618.5,30527.2,456.787,417.463,265.77,9011835414187.057,12.954813251475775
322987,204,0,8.976683070996,46.0143,16.2463,0.0141581,73261.3,10667.1,30714.1,338.976,331.974,429.936,9011835414187.057,12.954813251475775
322988,204,0,8.247720367008506,37.1987,10.55,0.00596586,72839.4,10779.8,30751.4,132.469,728.495,230.752,9011835414187.057,12.954813251475775
334350,233,1,11.356985628135389,194.905,178.654,0.013852,33153.5,4664.07,55568.3,-82.8208,-72.1697,-184.166,8931224677708.426,12.950911014801571
334351,233,0,10.646603107749135,126.555,1.8277,0.0160698,33161.6,4662.06,55553.2,6.133,-57.8624,-428.958,8931224677708.426,12.950911014801571
334352,233,0,10.024604301056387,66.5303,13.9251,0.0123191,33184.4,4695.38,55901.8,-51.3671,-52.2305,-31.2459,8931224677708.426,12.950911014801571
334353,233,0,9.821571351037667,53.3496,1.3136,0.0,33158.4,4679.42,55549.9,-158.897,145.661,-142.039,8931224677708.426,12.950911014801571
334354,233,0,8.593235690408436,38.4923,14.5406,0.00885896,32743.3,4883.19,55685.0,233.559,-203.886,-129.191,8931224677708.426,12.950911014801571
334355,233,0,8.747415707344706,40.9706,11.6191,0.00972018,32989.4,4839.75,55789.8,-275.442,-386.48,-147.489,8931224677708.426,12.950911014801571
334356,233,0,8.332167017466219,31.3107,9.6662,0.0032591,33048.3,4665.67,55285.1,-30.0121,-19.3022,167.092,8931224677708.426,12.950911014801571
334357,233,0,8.459189419053907,29.118,11.3505,0.00538657,33274.5,4579.49,55857.6,-260.866,75.5153,-456.934,8931224677708.426,12.950911014801571
334358,233,0,8.38921056794273,38.6359,7.3089,0.00460331,33225.5,4747.11,55498.9,172.176,17.3619,-357.509,8931224677708.426,12.950911014801571
334359,233,0,6.8145770770404805,22.6432,10.8564,0.00061857,33224.9,4656.63,55164.4,7.152,-210.578,79.5001,8931224677708.426,12.950911014801571
334028,232,1,11.290379692526834,185.877,165.59,0.0124291,755.651,31232.2,8454.21,244.909,-325.813,110.295,8886965629728.559,12.948753500540938
334029,232,0,10.59356270708885,113.152,19.2805,0.0105682,930.26,31232.2,8374.84,414.23,-376.653,248.329,8886965629728.559,12.948753500540938
334030,232,0,10.769426170544216,148.032,3.6372,0.0131182,733.771,31231.7,8447.43,627.065,-324.836,176.955,8886965629728.559,12.948753500540938
334031,232,0,9.485871414206912,59.6217,22.4084,0.0108866,852.368,30971.9,8133.93,147.444,74.8153,288.478,8886965629728.559,12.948753500540938
334032,232,0,9.320009451454297,44.47,14.8632,0.0119725,1166.49,31078.0,8250.7,224.853,-86.6542,-14.8011,8886965629728.559,12.948753500540938
334033,232,0,9.662085529635151,55.9634,7.3717,0.0264743,640.282,31347.8,8467.75,301.739,-727.958,246.846,8886965629728.559,12.948753500540938
334034,232,0,8.421910778779962,37.2483,21.8379,0.00459805,1158.03,31248.9,8228.34,-55.0974,82.3062,225.748,8886965629728.559,12.948753500540938
334035,232,0,8.50258192884435,38.521,15.5165,0.00524526,410.686,31465.7,8439.51,419.425,-189.965,352.229,8886965629728.559,12.948753500540938
334036,232,0,9.647556788504929,52.4156,1.4473,0.0,762.726,31232.3,8442.37,22.7626,49.2646,2.9884,8886965629728.559,12.948753500540938
334037,232,0,9.612619636484887,35.6956,0.3717,0.0,743.716,31220.3,8440.43,830.057,-167.586,241.053,8886965629728.559,12.948753500540938
345812,268,1,11.12641049474671,197.443,138.26,0.0157509,61647.7,15124.2,47228.8,-64.686,-164.805,-163.064,8817672616864.574,12.945353970275221
345813,268,0,10.841290549238074,135.356,15.4351,0.011798,61513.7,15093.5,47259.3,-71.5697,-129.041,-171.231,8817672616864.574,12.945353970275221
345814,268,0,9.384940370805275,56.8892,18.9302,0.0152562,61615.9,15283.4,47471.2,-172.314,-148.986,-451.271,8817672616864.574,12.945353970275221
345815,268,0,9.55298991388145,65.3764,7.549,0.0144804,61574.0,15120.8,47295.7,-114.477,-703.293,-352.141,8817672616864.574,12.945353970275221
345816,268,0,9.3342358345172,57.7571,6.5347,0.014425,61679.7,15224.8,47238.7,331.448,-391.024,-128.918,8817672616864.574,12.945353970275221
345817,268,0,9.175839012067799,47.6579,4.5051,0.0114213,61680.8,15187.6,47230.6,111.304,-317.394,227.309,8817672616864.574,12.945353970275221
345818,268,0,8.691142335473456,39.2089,10.8084,0.0176259,61907.6,15192.2,47276.8,-61.2427,-112.17,76.7142,8817672616864.574,12.945353970275221
345819,268,0,8.736381209244,41.5238,7.3939,0.0071097,61600.5,15263.7,47232.4,-111.389,-629.355,-353.742,8817672616864.574,12.945353970275221
345820,268,0,8.941571872665302,43.9988,4.4325,0.00758344,61695.4,15139.7,47184.1,-186.565,-157.392,285.732,8817672616864.574,12.945353970275221
345821,268,0,8.430203451035613,20.2766,2.773,0.00948407,61630.8,15114.9,47200.5,202.202,-148.526,-260.776,8817672616864.574,12.945353970275221
333258,230,1,11.11047488996746,175.904,187.744,0.00572914,11661.6,11533.9,40552.8,-152.723,148.365,-306.911,8773893813028.215,12.943192374006133
333259,230,0,10.68060766976273,108.355,19.1436,0.0402443,11896.5,11665.1,40532.3,-247.536,175.371,-383.008,8773893813028.215,12.943192374006133
333260,230,0,10.418543968061753,110.383,10.9288,0.0240663,11711.2,11610.0,40540.3,-310.425,230.253,209.498,8773893813028.215,12.943192374006133
333261,230,0,10.54340994034544,124.832,2.1921,0.00726673,11649.0,11531.3,40534.9,184.573,137.929,-96.7908,8773893813028.215,12.943192374006133
333262,230,0,9.192794049365302,50.5998,25.5507,0.0181956,11142.9,11485.4,40234.1,0.3415,242.721,-111.15,8773893813028.215,12.943192374006133
333263,230,0,8.716621830117774,38.7812,9.6854,0.00920082,11570.1,11552.5,40290.0,-64.7258,197.524,-105.211,8773893813028.215,12.943192374006133
333264,230,0,9.139748055220398,38.3542,7.5527,0.0,11796.1,11484.1,40562.9,12.2273,217.592,24.0457,8773893813028.215,12.943192374006133
333265,230,0,9.482475654074717,40.697,1.2767,0.0,11623.7,11561.1,40578.0,-39.9461,65.3775,-459.534,8773893813028.215,12.943192374006133
333266,230,0,8.951763575452718,31.0947,4.9095,0.00870342,11478.1,11528.6,40649.0,-199.538,31.3605,-425.356,8773893813028.215,12.943192374006133
333267,230,0,8.7650696903554,26.0424,6.3813,0.0,11514.2,11285.0,40519.8,-109.37,110.336,-418.902,8773893813028.215,12.943192374006133
298206,152,1,11.227292218956604,179.547,174.496,0.0169707,24482.7,18371.1,29810.8,-91.0942,-99.569,167.287,8754578627841.748,12.942235247620252
298207,152,0,10.99893443516322,138.303,46.6693,0.0203871,24376.4,18058.1,29891.5,-128.578,120.631,-51.0315,8754578627841.748,12.942235247620252
298208,152,0,10.564704844148004,103.309,65.7413,0.00662388,24183.1,18137.6,29271.2,144.559,-287.385,121.487,8754578627841.748,12.942235247620252
298209,152,0,9.839591782515887,68.9055,20.7601,0.0248457,24415.5,18151.9,29464.7,-38.3035,-375.697,185.079,8754578627841.748,12.942235247620252
298210,152,0,9.249185715410297,53.5062,34.7441,0.00789875,23937.4,18005.1,29536.7,36.9393,345.974,45.6383,8754578627841.748,12.942235247620252
298211,152,0,9.985066449228215,71.7916,16.6734,0.0233202,24527.4,18736.4,29686.2,-226.691,-98.7402,92.7114,8754578627841.748,12.942235247620252
298212,152,0,9.256968157744753,58.6666,24.911,0.0108287,24090.5,17903.9,29445.3,-148.112,-104.974,400.836,8754578627841.748,12.942235247620252
298213,152,0,9.261391073806532,46.4819,11.3671,0.0106601,24268.3,18460.5,29702.7,184.764,92.8129,-3.881,8754578627841.748,12.942235247620252
298214,152,0,8.462030857000267,39.3392,20.3327,0.00727367,24341.4,18172.1,29137.1,-107.63,339.849,197.722,8754578627841.748,12.942235247620252
298215,152,0,9.321412566879046,50.87,6.9566,0.0126685,24422.9,18020.2,29947.4,-8.8063,322.102,-101.88,8754578627841.748,12.942235247620252
299429,154,1,11.267632397072907,181.216,160.973,0.0115837,26597.1,60970.4,54286.0,-90.0352,-196.741,-6.5283,8724782767463.371,12.940754622557701
299430,154,0,10.807745887276837,145.076,92.4738,0.010388,26792.2,61486.3,53899.2,-176.165,-394.5,123.189,8724782767463.371,12.940754622557701
299431,154,0,10.65822692847045,130.723,11.2754,0.0128225,26791.0,61382.2,53908.5,-416.819,-361.479,50.4481,8724782767463.371,12.940754622557701
299432,154,0,9.183885302693142,57.6409,31.7077,0.0140015,26081.1,61363.1,54174.2,293.829,-524.072,42.2305,8724782767463.371,12.940754622557701
299433,154,0,10.482074401643688,115.609,1.994,0.0208983,26802.6,61479.8,53906.7,-185.971,-526.37,144.441,8724782767463.371,12.940754622557701
299434,154,0,10.168563765195941,84.6473,2.9222,0.0224238,26559.3,60960.1,54258.0,-248.495,-421.921,63.4429,8724782767463.371,12.940754622557701
299435,154,0,9.314469330814811,52.3033,19.4931,0.00983939,26278.4,61362.5,54170.8,46.1034,-408.959,118.245,8724782767463.371,12.940754622557701
299436,154,0,9.571386949533236,67.0252,11.2918,0.00961552,26821.0,61584.3,53870.7,97.1171,-574.771,321.739,8724782767463.371,12.940754622557701
299437,154,0,9.878134576594599,69.8819,3.9475,0.0198512,26615.7,61006.3,54248.1,-71.0415,-55.9934,-488.134,8724782767463.371,12.940754622557701
299438,154,0,9.094384365081725,49.1132,11.0544,0.0128366,26892.1,61264.6,53827.4,-293.708,-271.83,-53.1879,8724782767463.371,12.940754622557701
331701,226,1,11.201918577738104,181.577,160.939,0.00808966,20897.5,47300.3,832.194,-153.217,22.5374,-293.775,8721608470807.499,12.940596586489617
331702,226,0,10.584397000938262,96.9364,24.8121,0.0262031,20993.8,47052.3,994.367,-308.614,-112.031,-293.416,8721608470807.499,12.940596586489617
331703,226,0,9.972584608362473,72.21,16.636,0.0161448,21043.2,47430.4,632.334,-97.8143,159.457,-100.317,8721608470807.499,12.940596586489617
331704,226,0,10.251415836859376,85.8004,4.785,0.0353468,20841.8,47284.8,749.584,-374.812,5.9531,-286.629,8721608470807.499,12.940596586489617
331705,226,0,9.635918659288555,56.6118,18.0293,0.0205549,21279.6,47371.8,822.638,-97.3157,50.5488,-464.975,8721608470807.499,12.940596586489617
331706,226,0,9.626753639834684,51.9929,6.9304,0.0188932,20612.0,47157.0,879.542,-199.43,-24.6857,-174.842,8721608470807.499,12.940596586489617
331707,226,0,9.596412024185177,48.6667,7.471,0.0212376,20727.7,47163.9,843.962,-41.7098,98.4469,-395.589,8721608470807.499,12.940596586489617
331708,226,0,9.009794028993616,35.4064,5.0208,0.0133159,20842.4,47372.8,748.157,129.743,249.523,-557.774,8721608470807.499,12.940596586489617
331709,226,0,9.113306697876897,34.7839,4.0278,0.0,20993.2,47080.3,805.344,-118.958,-17.5101,-295.761,8721608470807.499,12.940596586489617
331710,226,0,7.8011056339506055,29.9933,7.2575,0.0,20530.9,47195.4,832.114,-206.083,253.822,-369.923,8721608470807.499,12.940596586489617
329105,219,1,11.266474601304333,189.501,139.507,0.0108521,63875.1,1289.99,42873.6,-110.976,-111.23,-339.325,8705160334147.568,12.939776774487731
329106,219,0,10.427310604256904,93.284,41.3341,0.0159724,63682.9,1191.3,43274.3,33.2111,160.047,-471.576,8705160334147.568,12.939776774487731
329107,219,0,9.195696243247543,52.2527,24.6703,0.00720508,63577.6,959.585,43494.6,49.3802,215.503,-333.889,8705160334147.568,12.939776774487731
329108,219,0,10.225152026285665,81.2596,4.7295,0.027175,63777.1,1216.81,42918.9,-122.795,-239.216,-247.304,8705160334147.568,12.939776774487731
329109,219,0,9.901878988142567,70.4257,6.5007,0.0319167,63717.9,1306.92,42777.3,6.4684,13.6978,-327.322,8705160334147.568,12.939776774487731
329110,219,0,8.782732379798487,39.5996,12.4675,0.00800577,63721.7,1107.57,42335.3,-167.418,-148.068,-316.652,8705160334147.568,12.939776774487731
329111,219,0,8.231398248717866,35.8256,19.9409,0.00838979,64078.3,924.845,42739.9,-19.4053,46.4814,-574.881,8705160334147.568,12.939776774487731
329112,219,0,7.617087673283569,32.3849,20.4318,0.00168321,63511.1,1516.73,42611.5,178.205,-339.163,-394.368,8705160334147.568,12.939776774487731
329113,219,0,7.814871747060993,31.6287,17.6712,0.00373035,64220.8,1558.76,42932.6,-397.614,-267.378,-378.8,8705160334147.568,12.939776774487731
329114,219,0,7.714585637156739,32.9212,18.2249,0.00264033,64334.0,949.476,43140.9,-290.169,166.804,-197.479,8705160334147.568,12.939776774487731
333672,231,1,11.133273894242484,209.655,114.449,0.0127676,19107.7,13562.1,22937.5,-281.884,-42.2081,11.9475,8701992344638.046,12.939618696897066
333673,231,0,10.61549621854798,130.416,22.5265,0.0,18931.9,13597.8,22947.8,-317.077,-220.329,291.033,8701992344638.046,12.939618696897066
333674,231,0,10.898485667062765,150.902,6.7774,0.0273152,19089.3,13509.1,22970.0,-174.465,-259.419,112.229,8701992344638.046,12.939618696897066
333675,231,0,10.163101750275171,86.4001,27.0688,0.0162409,18948.1,13844.8,22845.7,-307.596,-444.128,47.8524,8701992344638.046,12.939618696897066
333676,231,0,9.660101622240004,57.898,8.236,0.0178712,18866.8,13663.3,22926.1,-455.779,-337.098,157.172,8701992344638.046,12.939618696897066
333677,231,0,9.056096513674804,50.2464,12.65,0.00851248,19036.6,13930.7,22826.5,-589.948,-182.978,-31.7387,8701992344638.046,12.939618696897066
333678,231,0,8.419086564325584,40.0752,19.3706,0.00441627,19307.0,13839.6,22908.7,-349.913,-331.402,-105.255,8701992344638.046,12.939618696897066
333679,231,0,8.214399528169535,38.5712,16.586,0.00320169,19455.6,13817.6,23196.1,-482.704,-257.426,-68.0311,8701992344638.046,12.939618696897066
333680,231,0,8.987789722281303,37.2079,10.7366,0.0118257,18931.8,13502.6,23175.1,-321.118,-389.944,29.2191,8701992344638.046,12.939618696897066
333681,231,0,8.151561736555184,32.8925,13.3021,0.00319821,18891.4,13461.1,23309.2,14.6069,-81.7699,-28.5183,8701992344638.046,12.939618696897066
322160,202,1,11.39757313328854,182.901,147.068,0.0202491,17482.4,13265.8,73703.0,141.155,43.9825,135.822,8689932179795.911,12.93901638702918
322161,202,0,10.618429511260377,104.585,52.3096,0.0149966,17591.4,13268.4,74336.7,29.3297,105.726,-59.3161,8689932179795.911,12.93901638702918
322162,202,0,10.438212204341434,100.416,35.9651,0.016373,17457.1,12949.0,74426.4,126.65,-43.2793,-165.079,8689932179795.911,12.93901638702918
322163,202,0,10.075734408038917,55.0543,0.2396,0.0580831,17480.2,13270.5,73719.5,77.3383,-229.275,268.067,8689932179795.911,12.93901638702918
322164,202,0,9.467673850872206,48.4066,6.8988,0.0296527,17518.3,13250.5,73878.6,331.269,256.045,361.399,8689932179795.911,12.93901638702918
322165,202,0,8.601129371400049,42.4227,12.8259,0.00955284,17396.0,13122.2,73568.6,-281.656,-38.7185,402.272,8689932179795.911,12.93901638702918
322166,202,0,9.515982898551865,59.1021,2.9507,0.0190968,17474.6,13252.8,73665.9,37.4419,628.919,332.044,8689932179795.911,12.93901638702918
322167,202,0,8.933114112470063,39.9769,13.7703,0.0,17577.7,13456.4,73783.5,297.801,354.674,140.735,8689932179795.911,12.93901638702918
322168,202,0,7.390047056910908,31.0353,16.9905,0.0,17272.9,13164.9,73759.2,-141.215,396.466,173.796,8689932179795.911,12.93901638702918
322169,202,0,8.900243725826012,31.7462,9.6524,0.0,17334.0,13495.3,73642.9,61.2249,51.4752,16.2458,8689932179795.911,12.93901638702918
339862,249,1,11.474045839098412,191.578,123.074,0.0202406,66332.1,6881.39,37506.5,3.3853,-224.414,-101.711,8651896483221.693,12.93711131462344
339863,249,0,10.162062950250398,65.1278,0.2261,0.0491347,66330.5,6872.47,37501.2,-47.4725,-84.2604,-255.609,8651896483221.693,12.93711131462344
339864,249,0,9.578111784564284,61.2283,10.3678,0.0176239,66479.0,6902.18,37502.1,115.204,-600.282,155.623,8651896483221.693,12.93711131462344
339865,249,0,10.01303449537419,52.8664,0.2373,0.0674027,66325.2,6888.82,37490.6,-32.853,70.5397,36.8484,8651896483221.693,12.93711131462344
339866,249,0,9.400415356344391,49.6098,1.9604,0.0113874,66344.8,6831.7,37499.2,-30.1024,-260.256,-526.974,8651896483221.693,12.93711131462344
339867,249,0,8.110964280700227,33.8731,10.2066,0.0,66142.4,7034.08,37837.6,4.7525,-299.762,143.746,8651896483221.693,12.93711131462344
339868,249,0,8.99647237594345,32.429,7.6214,0.0159075,66150.0,6833.01,37744.7,103.792,-363.986,-83.9627,8651896483221.693,12.93711131462344
339869,249,0,9.348959289313624,32.3616,0.9414,0.0451688,66336.4,6867.4,37503.9,-64.3744,-202.406,-286.087,8651896483221.693,12.93711131462344
339870,249,0,7.806544457820601,29.501,7.6468,0.0,66202.0,6619.94,37686.2,-3.0663,-95.7117,-305.816,8651896483221.693,12.93711131462344
339871,249,0,9.205264474751969,22.5596,0.3351,0.0254767,66353.7,6866.53,37545.6,50.2793,-474.516,-210.965,8651896483221.693,12.93711131462344
336276,238,1,11.482690910440663,181.564,133.671,0.0209072,57383.3,45446.8,59994.9,154.597,22.5466,63.1238,8630375598854.536,12.936029696869362
336277,238,0,10.132430148524467,76.0998,14.2926,0.0266327,57341.6,45646.2,59906.5,328.789,-110.027,391.174,8630375598854.536,12.936029696869362
336278,238,0,9.628494513400025,52.0116,4.3999,0.0280396,57399.6,45515.0,60046.9,369.008,-15.0462,363.7,8630375598854.536,12.936029696869362
336279,238,0,9.62153779639741,51.7983,3.5711,0.0233834,57297.8,45482.8,60024.9,408.367,110.307,39.8292,8630375598854.536,12.936029696869362
336280,238,0,8.746520207144043,44.0311,9.7835,0.0,57226.7,45561.2,60139.0,144.921,216.247,-121.173,8630375598854.536,12.936029696869362
336281,238,0,9.200870199559283,42.3625,7.2579,0.016778,57459.6,45647.2,59932.6,171.727,-27.5611,311.524,8630375598854.536,12.936029696869362
336282,238,0,9.515977036084928,33.3944,0.3074,0.05913,57386.8,45463.0,59999.3,419.083,30.1754,-122.293,8630375598854.536,12.936029696869362
336283,238,0,7.616002517847197,28.826,12.3767,0.00163035,57210.5,45278.5,59814.4,-218.684,176.104,144.797,8630375598854.536,12.936029696869362
336284,238,0,8.871456070588733,34.9895,5.006,0.0118973,57475.1,45588.8,59930.6,280.672,37.8516,-140.587,8630375598854.536,12.936029696869362
336285,238,0,8.027692005261027,29.4077,9.0833,0.0,57414.7,45039.0,59806.1,70.8544,86.2241,239.078,8630375598854.536,12.936029696869362
336516,239,1,11.200595590329835,203.627,116.805,0.00668352,12474.7,39390.3,7545.23,-111.245,-131.34,-105.244,8623449451141.3125,12.935681021965616
336517,239,0,10.056479479500505,77.598,27.846,0.0286078,12571.2,39824.9,7384.42,-195.752,-349.976,47.6143,8623449451141.3125,12.935681021965616
336518,239,0,10.357562950867987,94.6226,11.9036,0.0227645,12439.8,39263.5,7603.06,-191.711,-227.097,-117.325,8623449451141.3125,12.935681021965616
336519,239,0,10.359704999081469,114.167,4.3977,0.0253071,12474.1,39369.9,7570.52,354.342,-516.399,-224.921,8623449451141.3125,12.935681021965616
336520,239,0,10.150784077356473,96.4855,7.1143,0.0191523,12394.0,39265.3,7630.03,-460.46,-480.532,-22.1965,8623449451141.3125,12.935681021965616
336521,239,0,10.166778372687295,91.0412,2.8891,0.0,12481.4,39411.7,7534.42,-414.258,-413.21,-321.979,8623449451141.3125,12.935681021965616
336522,239,0,9.241750238271905,48.4912,4.2776,0.0139249,12458.3,39369.6,7613.95,122.595,-239.263,-350.107,8623449451141.3125,12.935681021965616
336523,239,0,7.455835777046318,29.1471,16.7134,0.0,12455.2,39457.4,7901.31,-345.959,-191.02,-20.5077,8623449451141.3125,12.935681021965616
336524,239,0,8.215571924675379,29.5378,8.5132,0.0,12653.9,38978.9,7735.53,16.5302,-156.623,-139.216,8623449451141.3125,12.935681021965616
336525,239,0,7.636614917198652,26.6839,7.7994,0.0,12872.9,39247.2,7570.11,-58.8842,-163.457,-268.786,8623449451141.3125,12.935681021965616
309428,174,1,10.958230429423237,179.111,169.818,0.0116247,32866.2,4473.98,53685.9,-78.8555,-65.0393,-79.933,8592102933781.739,12.93409947125418
309429,174,0,10.717218536441163,129.255,45.9418,0.0118413,32524.4,4465.91,53417.5,239.695,-4.8804,33.2167,8592102933781.739,12.93409947125418
309430,174,0,10.501980929609365,104.512,28.9017,0.017303,32329.6,4333.6,53267.5,313.066,234.102,-55.8978,8592102933781.739,12.93409947125418
309431,174,0,10.25236708417801,83.8619,37.9875,0.0204938,33448.3,4896.34,53580.7,-264.445,-259.95,-2.7883,8592102933781.739,12.93409947125418
309432,174,0,9.185147099026256,52.6398,16.1546,0.0105951,33596.5,4946.97,53461.3,-302.327,-216.318,-18.3799,8592102933781.739,12.93409947125418
309433,174,0,10.173144959406931,83.8517,1.9695,0.0247684,32893.0,4428.49,53681.4,-103.297,-216.989,-61.6676,8592102933781.739,12.93409947125418
309434,174,0,9.57248298527076,53.7607,10.8702,0.0191166,33248.0,4581.45,53702.9,-259.359,-79.1903,-142.285,8592102933781.739,12.93409947125418
309435,174,0,9.684351524783981,53.6138,8.3812,0.0185168,32687.1,4582.79,53583.4,-62.724,-142.944,-261.131,8592102933781.739,12.93409947125418
309436,174,0,9.141727888617943,47.4027,10.4228,0.0113543,32406.0,4485.02,53211.0,184.15,43.7398,107.789,8592102933781.739,12.93409947125418
309437,174,0,9.147855618215806,51.8725,10.1356,0.0129715,32774.6,4562.55,53716.2,-112.984,-291.919,349.325,8592102933781.739,12.93409947125418
343039,259,1,11.166641234324073,184.231,162.283,0.0119438,22009.8,27601.0,4862.37,-165.6,-113.102,-15.0581,8572485906591.379,12.93310677979519
343040,259,0,9.058725409323097,50.9366,14.0264,0.0106555,21805.0,27619.2,4975.98,256.202,42.9799,-71.9737,8572485906591.379,12.93310677979519
343041,259,0,8.638697018463075,43.5349,14.7796,0.00753845,21977.2,27890.7,4774.2,48.166,-231.202,-327.158,8572485906591.379,12.93310677979519
343042,259,0,8.94184316237353,43.7904,9.1041,0.0183946,21774.8,27881.3,4920.69,-257.97,-285.571,-116.449,8572485906591.379,12.93310677979519
343043,259,0,8.895547815484152,42.1262,7.5811,0.00948051,22151.3,27623.6,4750.52,151.423,-338.235,-31.1437,8572485906591.379,12.93310677979519
343044,259,0,9.513826040708798,42.4232,2.7976,0.0356097,22003.6,27599.9,4907.19,-137.292,-49.4275,338.759,8572485906591.379,12.93310677979519
343045,259,0,7.6300526504479365,31.1944,14.8864,0.0,22243.2,27688.8,4940.76,89.4285,151.417,-116.527,8572485906591.379,12.93310677979519
343046,259,0,7.649305532964669,28.0231,14.4582,0.0,22142.0,27822.5,5062.4,-188.382,-13.95,290.957,8572485906591.379,12.93310677979519
343047,259,0,7.630353096313882,26.1893,11.2609,0.0,22121.1,27823.3,5328.83,-188.702,-90.7047,160.139,8572485906591.379,12.93310677979519
343048,259,0,8.294538468159095,31.6848,7.1022,0.0,22048.1,27453.3,4986.06,-239.519,26.3104,-283.984,8572485906591.379,12.93310677979519
337843,243,1,10.999334007365315,153.779,113.474,0.00869999,830.611,21575.4,22888.8,-49.841,-198.319,-316.451,8528593574120.719,12.930877418815976
337844,243,0,10.549328046973198,105.636,20.2327,0.0238592,940.708,21707.6,22861.0,226.779,-647.247,-573.552,8528593574120.719,12.930877418815976
337845,243,0,10.485133545231125,112.011,9.2105,0.0206885,979.227,21732.3,22813.4,103.141,-594.098,-463.886,8528593574120.719,12.930877418815976
337846,243,0,10.256471167953258,88.8301,15.3783,0.024143,1082.71,21553.1,22852.7,119.455,-563.954,-514.977,8528593574120.719,12.930877418815976
337847,243,0,10.422211593863633,96.959,8.1908,0.012047,846.904,21490.9,22839.3,-119.267,-22.9081,-390.614,8528593574120.719,12.930877418815976
337848,243,0,9.907082583166774,70.8205,11.4517,0.0160326,842.994,21447.4,22988.1,79.4467,-400.306,-234.297,8528593574120.719,12.930877418815976
337849,243,0,9.719947987799642,57.8369,11.0829,0.0293252,972.735,21406.1,22746.8,-233.401,-165.475,-488.946,8528593574120.719,12.930877418815976
337850,243,0,9.79478000270782,64.7817,5.9129,0.0192288,896.243,21756.0,22836.6,87.9858,-716.661,-738.125,8528593574120.719,12.930877418815976
337851,243,0,8.689795522656807,44.9766,21.148,0.00536234,767.686,22026.9,22757.3,370.465,-485.973,-368.26,8528593574120.719,12.930877418815976
337852,243,0,7.826306309592355,37.9176,10.9097,0.00264728,1106.95,21510.0,22929.7,-476.406,-148.996,-390.254,8528593574120.719,12.930877418815976
332812,229,1,11.0106850837372,176.962,155.143,0.00499828,45483.6,18186.5,56607.0,-142.6,-62.946,-64.049,8402732666664.36,12.92442054666362
332813,229,0,10.170983674205063,80.8596,33.2286,0.0259599,44895.8,18457.0,56511.7,-8.482,-288.637,42.689,8402732666664.36,12.92442054666362
332814,229,0,9.641024215523423,54.9593,16.9591,0.0125472,45866.5,17803.9,56697.4,-113.784,13.8711,-210.596,8402732666664.36,12.92442054666362
332815,229,0,10.037788667742669,80.628,8.655,0.0430804,45458.6,18159.1,56772.2,-268.883,74.1285,-53.062,8402732666664.36,12.92442054666362
332816,229,0,9.273026916094445,49.2023,25.2193,0.0117888,45009.1,18291.5,56882.7,53.092,154.645,-202.584,8402732666664.36,12.92442054666362
332817,229,0,9.47076853696062,49.2786,14.2023,0.0116536,45801.2,18128.5,56841.0,-64.1974,-73.6894,-25.8867,8402732666664.36,12.92442054666362
332818,229,0,9.36540839032499,54.9481,8.9422,0.010215,45354.5,18139.0,56667.8,146.169,187.324,-161.493,8402732666664.36,12.92442054666362
332819,229,0,9.326934834123389,42.7597,7.04,0.0216295,45587.4,18216.7,56463.3,-269.213,-91.7139,20.9355,8402732666664.36,12.92442054666362
332820,229,0,7.962526056610344,40.7859,6.1748,0.0033798,45867.1,17757.3,56672.6,-363.97,56.2543,94.0318,8402732666664.36,12.92442054666362
332821,229,0,7.3541299983896495,27.2282,11.6879,0.00255067,45186.7,18399.5,56476.8,33.2354,-299.105,49.808,8402732666664.36,12.92442054666362
322581,203,1,10.988162782795326,168.185,211.836,0.00674052,65642.0,74175.4,48534.2,36.7069,-251.593,-264.412,8373190894181.798,12.92289099247961
322582,203,0,10.741767381672666,135.924,24.0667,0.0112788,65671.0,74000.8,48583.9,-1.0389,-170.757,-336.525,8373190894181.798,12.92289099247961
322583,203,0,10.462811212923125,98.0366,30.8172,0.00736107,65790.4,73833.9,48917.4,-87.3198,78.8125,-343.621,8373190894181.798,12.92289099247961
322584,203,0,10.52347457768284,113.569,5.3469,0.0278161,65657.6,74185.5,48576.8,-98.7098,-401.836,-212.923,8373190894181.798,12.92289099247961
322585,203,0,9.797469134870497,73.219,25.8486,0.0152107,65911.9,74179.1,48562.0,-118.048,28.4227,-497.366,8373190894181.798,12.92289099247961
322586,203,0,9.982117604276425,62.0275,6.169,0.0252201,65652.5,73837.2,48640.7,-101.141,-373.367,-237.211,8373190894181.798,12.92289099247961
322587,203,0,8.608550667034367,42.7832,14.765,0.00381919,65858.5,74203.1,48752.6,419.151,-342.393,-327.888,8373190894181.798,12.92289099247961
322588,203,0,9.079864569200735,58.1163,7.34,0.00825265,65756.1,73865.2,48887.3,378.518,-90.9687,-496.826,8373190894181.798,12.92289099247961
322589,203,0,8.196830523596281,37.0058,14.2831,0.00465609,65762.4,73988.8,49118.0,-75.3674,-472.075,-515.287,8373190894181.798,12.92289099247961
322590,203,0,8.973594120098975,39.2776,8.0052,0.0,65553.4,74183.0,48343.6,172.419,-92.855,-384.437,8373190894181.798,12.92289099247961
346976,272,1,11.279310006216619,190.321,126.353,0.00667683,22592.9,14002.4,18790.7,-348.476,-76.7644,92.5823,8324341144680.026,12.920349869979782
346977,272,0,9.678553592153456,50.6447,10.3349,0.0181069,22650.1,13804.8,18815.8,-213.785,-162.463,-35.1088,8324341144680.026,12.920349869979782
346978,272,0,8.009511866894744,32.5869,12.8535,0.0,22504.9,14310.2,18790.9,-270.46,119.096,-23.999,8324341144680.026,12.920349869979782
346979,272,0,7.001663720397625,23.7059,15.4565,0.00058444,22834.2,14218.4,18499.0,-630.633,-143.822,190.947,8324341144680.026,12.920349869979782
346980,272,0,8.260117884287121,29.9764,10.1382,0.0,22541.6,14067.8,19228.1,-244.405,-137.043,-55.5599,8324341144680.026,12.920349869979782
346981,272,0,7.835298234982947,27.8746,9.3572,0.00414055,22504.9,13653.2,19170.1,-229.884,-126.749,175.016,8324341144680.026,12.920349869979782
346982,272,0,8.3727859340219,27.1046,7.329,0.0,22831.0,14040.5,18828.7,-82.8739,76.493,145.903,8324341144680.026,12.920349869979782
346983,272,0,8.172313641642251,30.9955,5.5476,0.0,22630.4,13912.7,18618.0,-550.249,-375.977,-43.0463,8324341144680.026,12.920349869979782
346984,272,0,7.708230906484165,29.516,5.7035,0.0,22718.0,14258.0,18633.2,-239.625,-176.311,97.5319,8324341144680.026,12.920349869979782
346985,272,0,6.443312656955069,21.5815,10.4587,0.0,22599.1,13743.9,19075.9,-92.3931,-227.235,-105.054,8324341144680.026,12.920349869979782
321674,201,1,11.365808978773124,184.911,144.913,0.0143774,12948.0,33600.7,28982.3,-53.7558,-135.222,116.841,8314780411834.312,12.91985078426054
321675,201,0,10.666049876801896,111.884,46.617,0.0127289,13086.4,33121.8,28671.2,-186.852,101.34,88.3313,8314780411834.312,12.91985078426054
321676,201,0,10.50338331070825,95.9817,42.5053,0.0241649,13711.5,33647.4,28944.7,-306.36,-105.331,46.8583,8314780411834.312,12.91985078426054
321677,201,0,9.85721494191203,62.3958,12.7663,0.0129087,13174.9,33777.0,28679.3,-86.1327,-178.082,33.2739,8314780411834.312,12.91985078426054
321678,201,0,9.510314224957632,51.7253,17.4561,0.0243767,13567.2,33611.5,28818.2,-246.558,5.8878,56.7646,8314780411834.312,12.91985078426054
321679,201,0,8.861613948274814,43.4076,20.5727,0.0157346,12518.9,33868.4,29325.3,131.738,34.4549,72.9008,8314780411834.312,12.91985078426054
321680,201,0,9.727548940792143,61.1787,2.6776,0.0198424,12959.5,33599.9,28926.9,-381.395,-166.377,84.2129,8314780411834.312,12.91985078426054
321681,201,0,9.570082882490324,52.5728,3.9012,0.0280221,13051.7,33636.4,28959.1,258.714,-221.938,13.804,8314780411834.312,12.91985078426054
321682,201,0,8.670556438458132,41.0066,11.6384,0.0,13306.6,33744.4,29037.0,-197.818,-89.745,213.509,8314780411834.312,12.91985078426054
321683,201,0,8.29745712485574,36.7341,10.7442,0.00684162,12549.7,33722.5,28906.1,-183.7,-103.259,335.826,8314780411834.312,12.91985078426054
338148,244,1,11.173265433024845,178.511,146.441,0.010849,54698.8,21771.4,12759.8,192.549,-15.6687,78.0425,8267231736522.457,12.917360111388799
338149,244,0,10.03782275259386,72.1355,32.0457,0.0169114,54445.2,21338.5,12528.4,411.001,81.0265,194.644,8267231736522.457,12.917360111388799
338150,244,0,9.689944793095892,60.721,14.617,0.0194967,54845.7,21648.9,12976.8,475.16,60.7451,184.933,8267231736522.457,12.917360111388799
338151,244,0,9.790162741755625,63.7485,9.4192,0.0198025,54772.5,21931.2,12783.1,240.522,136.469,-181.295,8267231736522.457,12.917360111388799
338152,244,0,9.917681607334007,70.9041,7.1716,0.0220249,54621.0,21757.1,12726.8,-224.596,6.3776,-70.3569,8267231736522.457,12.917360111388799
338153,244,0,9.409911170039777,55.9538,8.5302,0.0123666,54806.1,21621.8,13010.4,58.5697,-51.167,10.0674,8267231736522.457,12.917360111388799
338154,244,0,9.745998128681158,66.4091,4.1175,0.0238234,54654.6,21741.2,12766.0,63.8685,186.662,-317.897,8267231736522.457,12.917360111388799
338155,244,0,9.129773020535884,44.4583,12.9871,0.0201647,54447.9,21498.2,12460.2,237.444,-234.424,91.8008,8267231736522.457,12.917360111388799
338156,244,0,9.160757404109834,40.3731,9.7285,0.0256103,54525.8,21495.2,12631.2,220.171,196.844,65.5654,8267231736522.457,12.917360111388799
338157,244,0,7.5058146311458085,33.9937,12.296,0.00057741,54935.9,21936.2,12681.3,-82.563,-251.523,269.369,8267231736522.457,12.917360111388799
330208,222,1,11.3859696865021,184.562,160.122,0.0110607,25847.1,3218.22,55893.8,143.711,42.6089,84.136,8260179445882.233,12.916989482127882
330209,222,0,10.521752120159702,102.623,26.0303,0.0183905,25978.2,3161.44,56200.3,123.643,-121.696,-250.118,8260179445882.233,12.916989482127882
330210,222,0,9.921728702871643,60.8255,6.4915,0.0313362,25966.7,3568.67,56008.5,201.538,67.6413,91.1104,8260179445882.233,12.916989482127882
330211,222,0,9.619134323364898,56.2313,8.5484,0.0156921,25908.0,3047.79,55945.5,-6.4492,-162.96,112.811,8260179445882.233,12.916989482127882
330212,222,0,9.686057556953985,56.9774,6.2406,0.0339871,25797.1,3326.74,55790.2,104.672,-161.389,112.928,8260179445882.233,12.916989482127882
330213,222,0,8.338829241750195,38.5669,16.8811,0.00852654,25805.5,3380.12,56409.4,289.757,167.619,-197.046,8260179445882.233,12.916989482127882
330214,222,0,8.911274803766009,49.2158,5.6247,0.00735608,25900.9,3209.24,55866.9,-180.447,-458.43,-124.518,8260179445882.233,12.916989482127882
330215,222,0,7.792404098089289,34.2138,11.2801,0.00263334,25882.4,3439.71,55910.8,349.545,-294.724,-150.378,8260179445882.233,12.916989482127882
330216,222,0,7.492819343299488,24.3582,13.7004,0.00317682,26184.5,3148.6,55853.1,0.1061,171.628,381.965,8260179445882.233,12.916989482127882
330217,222,0,8.224647814369234,25.3445,10.3669,0.00700647,25932.4,3027.34,56124.6,29.5762,252.315,59.1302,8260179445882.233,12.916989482127882
329849,221,1,11.201705075143208,168.743,173.936,0.00913934,55560.4,27200.6,1905.22,94.359,129.198,49.9622,8117783002737.95,12.909437437967586
329850,221,0,10.6465220929154,108.595,33.5609,0.0255102,55756.7,26874.3,1794.65,-99.2468,372.566,11.1097,8117783002737.95,12.909437437967586
329851,221,0,10.790426665294195,123.096,14.5269,0.0123017,55645.0,27298.1,1759.61,-8.6542,117.528,123.221,8117783002737.95,12.909437437967586
329852,221,0,9.27903695089049,47.9411,11.8527,0.0130639,55651.0,27259.9,2226.48,-52.653,2.2817,12.8671,8117783002737.95,12.909437437967586
329853,221,0,9.383977470125682,57.7314,8.7424,0.016462,55650.7,27225.5,1737.18,416.516,-99.2943,45.9535,8117783002737.95,12.909437437967586
329854,221,0,8.42536726625655,37.7451,10.2194,0.0052253,55784.7,26977.2,1772.21,33.5975,110.227,264.793,8117783002737.95,12.909437437967586
329855,221,0,9.016850828425554,41.4532,5.7586,0.015555,55435.6,27171.4,1985.7,202.21,54.4088,288.163,8117783002737.95,12.909437437967586
329856,221,0,7.9298787798333406,27.9778,14.4726,0.00621699,55287.5,27530.8,2090.76,111.168,122.915,-161.327,8117783002737.95,12.909437437967586
329857,221,0,8.58871406088711,34.4174,8.5583,0.00945509,55568.1,27061.4,1916.88,111.929,274.04,-204.361,8117783002737.95,12.909437437967586
329858,221,0,7.488052522318875,27.5727,10.6755,0.0,55432.0,27098.8,1496.19,-58.9408,66.9927,189.653,8117783002737.95,12.909437437967586
348894,279,1,11.445014156339875,188.378,121.124,0.0111597,6337.95,11099.5,34284.8,222.181,110.5,-139.932,8043609159619.962,12.905450959992315
348895,279,0,8.326339489893,35.1008,21.4561,0.00356007,6500.67,11202.3,33756.4,190.51,-129.519,150.77,8043609159619.962,12.905450959992315
348896,279,0,9.612643100320621,48.0266,4.8106,0.0252538,6304.35,11020.7,34208.1,179.998,427.081,-41.3632,8043609159619.962,12.905450959992315
348897,279,0,8.172959881256414,34.2171,13.4735,0.0083348,6240.08,10736.6,34119.4,273.8,109.218,105.474,8043609159619.962,12.905450959992315
348898,279,0,8.559789688843265,32.7814,13.9512,0.00989778,6205.54,10801.6,34197.2,228.758,130.166,140.154,8043609159619.962,12.905450959992315
348899,279,0,8.611744312398969,36.5509,6.8642,0.0,6400.67,10968.3,34385.5,379.211,270.507,-376.274,8043609159619.962,12.905450959992315
348900,279,0,8.841622120759471,35.9798,5.2071,0.0,6451.31,11202.7,34221.9,485.832,205.19,32.9999,8043609159619.962,12.905450959992315
348901,279,0,8.430845810626352,30.5094,8.2891,0.0,6133.73,11036.2,34617.2,157.775,140.611,-38.0274,8043609159619.962,12.905450959992315
348902,279,0,8.021024408421155,30.9508,7.5112,0.0,6020.19,11000.0,34288.3,212.75,211.174,-392.574,8043609159619.962,12.905450959992315
348903,279,0,8.312232091865008,27.6269,8.3737,0.0,6488.01,10950.2,34726.6,331.433,100.02,-122.545,8043609159619.962,12.905450959992315
340585,252,1,11.027675764027968,194.246,131.69,0.00753266,63991.2,49322.2,7581.37,99.8991,-119.343,28.704,8038117437190.914,12.905154346960694
340586,252,0,10.637936215582865,135.6,5.117,0.0183084,63989.8,49266.6,7596.47,468.973,-398.324,86.4005,8038117437190.914,12.905154346960694
340587,252,0,9.382906250517376,63.0011,33.5102,0.0103285,63997.6,49395.4,8092.91,227.999,-108.061,-236.134,8038117437190.914,12.905154346960694
340588,252,0,9.933707514153882,72.5206,11.2359,0.0235181,64235.8,49239.0,7582.43,-108.095,30.4619,45.7686,8038117437190.914,12.905154346960694
340589,252,0,9.211958628921929,52.6028,19.2468,0.00870263,63918.6,49800.2,7468.88,84.3367,-429.519,150.488,8038117437190.914,12.905154346960694
340590,252,0,9.157896540002493,36.4606,6.2852,0.0,63821.6,49634.2,7499.91,236.397,-129.342,-20.6917,8038117437190.914,12.905154346960694
340591,252,0,8.399756982431919,32.4577,7.911,0.0,64083.8,49419.0,7750.32,242.119,-195.706,63.543,8038117437190.914,12.905154346960694
340592,252,0,6.980059088360089,26.0302,10.0471,0.0,64270.1,49194.6,7772.04,310.57,54.4792,16.5762,8038117437190.914,12.905154346960694
340593,252,0,7.327818788505378,28.789,8.4897,0.0,64041.6,49117.4,7673.52,-163.986,-400.489,77.2694,8038117437190.914,12.905154346960694
340594,252,0,7.488885302021613,23.8461,9.5112,0.0,64137.5,49346.7,8077.6,64.7366,-8.2572,91.7653,8038117437190.914,12.905154346960694
335927,237,1,11.468470303309266,173.54,159.83,0.0163661,33004.0,1919.18,34805.2,125.888,50.6742,53.6902,8030846198470.254,12.90476130866151
335928,237,0,8.474011401688417,34.3597,17.5563,0.00819287,33334.5,2025.02,35223.9,145.285,-157.03,37.7722,8030846198470.254,12.90476130866151
335929,237,0,9.100963430370284,39.4703,7.2547,0.0,32760.0,1868.0,34893.5,110.067,8.2871,61.2107,8030846198470.254,12.90476130866151
335930,237,0,8.01332121814159,29.0071,13.0783,0.0,33181.8,1434.41,34788.6,351.108,21.3835,212.473,8030846198470.254,12.90476130866151
335931,237,0,8.164658377956394,32.9637,10.4787,0.0,33308.3,1999.49,34857.6,128.981,386.724,-57.0888,8030846198470.254,12.90476130866151
335932,237,0,9.419115874550124,36.6707,2.0772,0.0,33022.0,1901.35,34766.8,168.469,61.4717,466.358,8030846198470.254,12.90476130866151
335933,237,0,9.319383020784219,40.75,2.3046,0.0283785,33021.9,1928.75,34827.7,-2.6509,284.58,-233.885,8030846198470.254,12.90476130866151
335934,237,0,7.16828534897876,29.192,9.0327,0.0,33050.5,1751.77,35020.4,-215.44,119.193,209.968,8030846198470.254,12.90476130866151
335935,237,0,7.826593130394351,28.5877,9.4184,0.0,32567.1,2088.84,34831.8,138.681,216.413,-112.34,8030846198470.254,12.90476130866151
335936,237,0,7.908568910390084,28.0998,9.0462,0.0,33433.6,2027.93,34680.4,306.423,36.1017,-137.688,8030846198470.254,12.90476130866151
301127,157,1,11.034121895788797,174.477,147.679,0.00606332,66610.2,65619.6,40252.1,-134.675,-96.5367,-114.81,8022285598831.47,12.904298119100211
301128,157,0,11.068921156674707,161.62,78.1087,0.00829723,66588.2,65052.9,40044.0,-119.426,-23.5309,246.664,8022285598831.47,12.904298119100211
301129,157,0,10.451008239509253,99.1729,54.5728,0.0176999,66283.9,66047.6,40197.5,-41.3821,-239.935,245.431,8022285598831.47,12.904298119100211
301130,157,0,10.085959734888364,81.9442,25.5512,0.0159274,66394.2,65655.5,40045.5,362.63,0.852,63.5124,8022285598831.47,12.904298119100211
301131,157,0,8.52997534292933,38.7235,17.2452,0.00433014,66328.1,65377.5,40013.1,4.6205,157.48,249.454,8022285598831.47,12.904298119100211
301132,157,0,8.508089160667774,45.1375,11.5801,0.00387274,66486.9,65618.1,39987.8,314.844,-108.994,161.968,8022285598831.47,12.904298119100211
301133,157,0,8.597062672190637,45.7014,11.9006,0.00921351,66623.7,65761.7,40200.9,127.334,81.6745,163.407,8022285598831.47,12.904298119100211
301134,157,0,8.367179233224508,36.2598,10.5798,0.00889256,66219.4,65656.4,40200.0,-120.739,-222.944,-268.309,8022285598831.47,12.904298119100211
301135,157,0,8.056096513674804,29.8576,18.123,0.00451568,66304.7,65991.6,39877.6,8.518,-345.83,32.3622,8022285598831.47,12.904298119100211
301136,157,0,9.484367099155465,59.1903,1.1554,0.0354152,66286.4,66053.9,40197.8,-196.479,-130.39,287.295,8022285598831.47,12.904298119100211
348334,277,1,11.211379750672567,183.339,126.521,0.0187931,67642.4,21107.5,21437.1,513.351,-242.652,232.229,7980554815517.051,12.902033084952444
348335,277,0,9.868867688459488,62.4073,11.5033,0.0162008,67671.7,20893.4,21584.4,350.544,-291.171,449.158,7980554815517.051,12.902033084952444
348336,277,0,8.13524958713756,38.0274,10.4251,0.00346365,67511.8,21002.1,21686.3,458.195,-558.765,184.01,7980554815517.051,12.902033084952444
348337,277,0,9.203366012916293,46.9985,3.4424,0.0192448,67596.5,21066.6,21489.6,385.404,-365.927,-148.527,7980554815517.051,12.902033084952444
348338,277,0,8.987796316238136,30.465,8.3497,0.0164778,67675.8,21150.2,21701.3,494.139,-284.577,429.121,7980554815517.051,12.902033084952444
348339,277,0,7.452003410526033,28.6379,13.0654,0.0,67453.1,21343.4,21554.5,805.758,-84.3445,565.037,7980554815517.051,12.902033084952444
348340,277,0,8.171450490246322,30.4416,7.0392,0.00626894,67789.7,20980.0,21311.5,549.738,-528.112,499.612,7980554815517.051,12.902033084952444
348341,277,0,8.431226020308682,31.8419,6.7936,0.00739973,67480.6,21066.9,21366.4,505.734,-579.806,473.305,7980554815517.051,12.902033084952444
348342,277,0,7.64147235400823,28.077,9.1652,0.00255883,67604.4,21062.2,21712.5,283.358,-495.776,179.422,7980554815517.051,12.902033084952444
348343,277,0,8.467396386187875,33.6129,5.2389,0.0,67651.9,21218.1,21296.6,298.426,-161.216,229.933,7980554815517.051,12.902033084952444
353167,294,1,10.915218133643267,179.704,148.624,0.00699502,9183.96,33159.2,3476.88,-216.425,-287.377,-74.4629,7978243696890.224,12.901907297779571
353168,294,0,10.97653286608831,148.598,14.825,0.00646878,9049.51,33146.9,3465.75,-180.715,-232.38,-75.4666,7978243696890.224,12.901907297779571
353169,294,0,8.3579146006434,40.5971,18.6205,0.00302346,8976.35,33127.3,3729.78,-112.337,-340.146,166.752,7978243696890.224,12.901907297779571
353170,294,0,9.538645260252906,48.8322,3.2328,0.0127408,9219.29,33203.4,3478.0,-73.0148,-577.305,-154.542,7978243696890.224,12.901907297779571
353171,294,0,7.812212491442842,31.0138,16.3993,0.0036335,8702.17,33081.0,3252.9,-86.2656,-383.262,-107.126,7978243696890.224,12.901907297779571
353172,294,0,8.285862149084478,30.4671,9.2501,0.00352119,8855.09,33152.6,3399.13,4.6332,-457.69,-46.2532,7978243696890.224,12.901907297779571
353173,294,0,9.267403855652013,40.0606,3.9197,0.0195571,9045.82,33129.1,3400.95,-370.9,-238.888,-5.5786,7978243696890.224,12.901907297779571
353174,294,0,7.969734429260519,33.0568,10.3984,0.00584979,9225.45,33265.0,3316.37,-375.58,-404.445,207.101,7978243696890.224,12.901907297779571
353175,294,0,7.3127940429659315,29.8131,12.8721,0.0006628,8815.64,33081.4,3456.92,-272.219,-130.002,268.293,7978243696890.224,12.901907297779571
353176,294,0,9.228574320408159,37.9298,3.0999,0.0,9279.94,33186.4,3461.28,199.193,-457.68,-214.527,7978243696890.224,12.901907297779571
311302,178,1,11.179891383955157,177.331,178.815,0.0159094,54559.7,4989.43,36098.4,363.815,90.9238,251.852,7975330696297.424,12.901748700080256
311303,178,0,10.943384094924493,147.823,33.9552,0.0101557,54529.8,4679.41,36184.5,149.874,43.669,349.691,7975330696297.424,12.901748700080256
311304,178,0,10.508140897214547,96.5621,41.355,0.0281918,54328.9,4341.96,36144.7,225.982,280.191,604.526,7975330696297.424,12.901748700080256
311305,178,0,10.223446043425174,80.306,31.8133,0.0281151,54441.7,4587.54,35881.3,676.508,102.956,454.849,7975330696297.424,12.901748700080256
311306,178,0,9.422560666229398,49.3186,21.6663,0.014782,54953.6,5094.75,35841.7,165.959,-97.893,179.087,7975330696297.424,12.901748700080256
311307,178,0,9.015856771855443,46.3043,24.1742,0.00808001,54460.6,5421.29,35878.9,122.987,-32.6289,209.718,7975330696297.424,12.901748700080256
311308,178,0,9.960406731063626,76.7982,4.5399,0.0217484,54539.8,4700.32,36226.0,361.966,-41.9185,443.299,7975330696297.424,12.901748700080256
311309,178,0,8.760608991392095,44.6904,18.7573,0.00530101,54241.2,4774.47,35938.0,154.987,353.938,358.102,7975330696297.424,12.901748700080256
311310,178,0,9.155841465633843,49.2763,10.8459,0.00574648,54451.7,5119.68,36119.3,418.651,486.646,538.005,7975330696297.424,12.901748700080256
311311,178,0,8.95146973856835,43.5448,11.0794,0.0156465,54509.1,4769.17,36347.3,219.88,466.548,502.236,7975330696297.424,12.901748700080256
349414,281,1,11.387280506928047,189.559,111.347,0.0176999,58113.0,46737.5,58232.4,121.8,48.8124,71.1934,7959870979572.631,12.900906028376642
349415,281,0,9.56699231076956,53.7242,12.9396,0.0131162,58167.8,46730.2,58432.1,413.093,148.381,236.189,7959870979572.631,12.900906028376642
349416,281,0,9.789390832621715,52.2551,2.6635,0.0,58111.6,46654.1,58294.3,44.3537,110.908,-50.0193,7959870979572.631,12.900906028376642
349417,281,0,9.564753750790914,46.1375,2.6983,0.0,58104.0,46681.1,58209.9,106.33,-329.376,255.256,7959870979572.631,12.900906028376642
349418,281,0,8.026788792841396,34.2216,13.7299,0.0035368,57994.2,46886.6,58035.1,461.414,39.2664,173.48,7959870979572.631,12.900906028376642
349419,281,0,9.47702080101726,31.0355,0.2973,0.0497854,58108.3,46721.2,58242.4,-122.766,236.002,161.35,7959870979572.631,12.900906028376642
349420,281,0,9.354098793876732,30.8415,0.4998,0.0435743,58083.8,46742.5,58247.7,76.8652,390.777,-76.4977,7959870979572.631,12.900906028376642
349421,281,0,8.822029405440867,38.7494,5.6677,0.0,58026.1,46704.6,58096.3,286.223,-140.929,-74.8626,7959870979572.631,12.900906028376642
349422,281,0,9.043775762880907,19.4281,0.3588,0.0450475,58096.2,46780.8,58220.5,373.703,127.864,-68.4359,7959870979572.631,12.900906028376642
349423,281,0,6.511577488513595,23.1246,9.8065,0.0,58372.3,46657.3,58052.4,-232.444,31.2796,-118.561,7959870979572.631,12.900906028376642
337444,242,1,11.137250454432463,178.857,147.784,0.00875851,49102.5,59602.5,30608.7,28.1002,114.951,57.2076,7942021755402.089,12.899931072382628
337445,242,0,10.745150427894655,127.422,7.4237,0.0118761,49050.9,59581.2,30611.2,28.1324,-92.3996,432.568,7942021755402.089,12.899931072382628
337446,242,0,10.210800099796915,82.976,11.1507,0.0281912,49224.2,59592.5,30470.6,-106.73,29.3309,75.7603,7942021755402.089,12.899931072382628
337447,242,0,9.743348181767715,63.2382,15.8012,0.0150671,48862.3,59588.5,30604.2,214.932,-181.215,22.8054,7942021755402.089,12.899931072382628
337448,242,0,9.007027211961,50.6932,19.8523,0.00895389,48966.9,59333.9,30782.1,-101.912,390.803,-289.132,7942021755402.089,12.899931072382628
337449,242,0,8.22030733013877,37.6384,16.3552,0.00529974,49102.9,59340.4,30951.5,-115.094,374.401,229.574,7942021755402.089,12.899931072382628
337450,242,0,9.495543927885107,50.7312,6.129,0.0,49128.7,59668.0,30653.8,-184.497,229.66,238.203,7942021755402.089,12.899931072382628
337451,242,0,9.469365385712994,43.4676,4.5474,0.0202892,49072.9,59629.1,30506.8,182.258,35.6919,-67.456,7942021755402.089,12.899931072382628
337452,242,0,8.746600648008819,35.013,10.5491,0.00926929,49489.9,59949.3,30342.9,-44.0741,206.258,24.1601,7942021755402.089,12.899931072382628
337453,242,0,8.999980765983215,44.7466,7.7138,0.0,49003.7,59795.1,30588.1,-179.353,47.5631,-53.8432,7942021755402.089,12.899931072382628
346748,271,1,11.22844552270662,183.285,117.546,0.00947478,73322.1,57304.2,39883.5,-202.762,-203.184,404.591,7921619037980.698,12.898813952726051
346749,271,0,8.927392794070844,46.0675,15.8503,0.00881032,73481.8,57582.5,39758.5,73.04,-173.241,465.973,7921619037980.698,12.898813952726051
346750,271,0,9.57017948667968,55.7431,8.1843,0.0197238,73294.2,57209.8,39935.6,-611.44,-144.085,186.236,7921619037980.698,12.898813952726051
346751,271,0,8.601386293381603,37.8122,16.7198,0.00975977,73564.7,57535.4,40264.4,218.588,381.699,336.556,7921619037980.698,12.898813952726051
346752,271,0,9.718572537234165,48.1709,3.1209,0.0,73419.6,57371.2,39906.2,-342.471,-273.914,297.976,7921619037980.698,12.898813952726051
346753,271,0,9.443755965413333,50.284,5.4832,0.0282438,73176.3,57279.7,39823.3,-159.171,-424.202,481.943,7921619037980.698,12.898813952726051
346754,271,0,9.470480023239675,48.4233,1.3594,0.0,73335.5,57273.8,39911.1,-128.181,-227.113,240.023,7921619037980.698,12.898813952726051
346755,271,0,9.450942418916771,31.0886,0.4095,0.0620065,73306.9,57275.0,39866.9,-257.185,-396.77,630.695,7921619037980.698,12.898813952726051
346756,271,0,9.007764655873018,35.7501,4.4127,0.0146622,73276.9,57185.2,39810.8,-148.244,-157.686,583.65,7921619037980.698,12.898813952726051
346757,271,0,8.202900143705362,35.0906,6.3871,0.00466696,73445.6,57571.9,39789.1,148.957,-203.269,431.244,7921619037980.698,12.898813952726051
331293,225,1,11.371782054965067,173.744,152.745,0.0114787,8869.65,52261.7,46121.3,718.013,-131.949,395.78,7919072752897.106,12.898674332867868
331294,225,0,10.039133575310023,83.3638,25.9802,0.0195413,9248.87,52308.4,46206.3,332.969,-151.998,698.641,7919072752897.106,12.898674332867868
331295,225,0,9.929571259204907,71.7056,20.0942,0.0246776,8958.47,51870.3,46289.7,665.255,-224.568,323.781,7919072752897.106,12.898674332867868
331296,225,0,9.859999186378019,60.4068,5.4945,0.0,8699.13,52074.3,46000.3,775.481,-105.159,368.117,7919072752897.106,12.898674332867868
331297,225,0,9.42133039348344,53.1706,11.255,0.0190934,9098.67,52303.9,46094.5,433.642,-209.452,357.76,7919072752897.106,12.898674332867868
331298,225,0,9.650154315835128,49.9803,2.6763,0.0,8953.78,52221.1,46132.7,960.095,-49.6413,472.211,7919072752897.106,12.898674332867868
331299,225,0,8.824158705676375,42.869,10.1361,0.0,8624.32,52467.1,46095.1,837.182,-245.584,102.363,7919072752897.106,12.898674332867868
331300,225,0,8.300933817060576,37.721,13.7878,0.0,8887.94,52086.7,45875.5,365.171,-264.402,207.158,7919072752897.106,12.898674332867868
331301,225,0,7.911408477597982,36.3594,15.2378,0.0,8592.42,52201.9,46191.7,326.191,-162.891,990.435,7919072752897.106,12.898674332867868
331302,225,0,9.097345755730146,38.244,6.7404,0.0171643,9047.71,52308.2,46216.7,450.203,-223.719,236.464,7919072752897.106,12.898674332867868
344593,264,1,11.045746719616222,180.17,145.847,0.0142118,67929.4,31168.3,70158.9,205.047,89.9237,337.158,7912665593226.398,12.898322811868628
344594,264,0,10.139959915710145,84.7202,14.9438,0.0198344,68003.6,31023.1,69974.8,11.6256,252.483,416.274,7912665593226.398,12.898322811868628
344595,264,0,9.535153536938408,58.6164,19.5124,0.0132484,67774.8,31228.6,69852.3,27.275,180.1,343.625,7912665593226.398,12.898322811868628
344596,264,0,10.026633250797744,72.0497,3.4855,0.0,67882.3,31149.6,70156.9,-1.2105,-60.6903,242.314,7912665593226.398,12.898322811868628
344597,264,0,8.778461014406151,50.2173,14.4134,0.00941639,67737.0,31185.8,70079.4,-91.0122,37.3976,645.846,7912665593226.398,12.898322811868628
344598,264,0,9.048623435259419,42.7261,17.3278,0.0168509,67542.2,31570.1,70191.3,476.771,19.3039,389.885,7912665593226.398,12.898322811868628
344599,264,0,9.915080950028214,72.5227,1.6406,0.0382431,67945.8,31177.5,70165.9,571.506,190.862,336.113,7912665593226.398,12.898322811868628
344600,264,0,8.634716099660801,37.318,15.3659,0.00733086,67879.4,31465.7,70360.4,456.331,-91.079,361.693,7912665593226.398,12.898322811868628
344601,264,0,9.714091811935774,61.7818,2.1983,0.0,67932.2,31144.0,70147.2,320.152,-110.559,725.713,7912665593226.398,12.898322811868628
344602,264,0,9.234428205068127,45.7346,7.9836,0.01875,68040.3,31276.0,70147.6,180.986,229.094,524.501,7912665593226.398,12.898322811868628
342047,256,1,11.234876401136633,166.862,146.654,0.00724064,617.392,29052.8,57118.8,345.691,142.892,105.701,7825810781861.253,12.893529343004095
342048,256,0,10.257145516357532,84.0334,14.3175,0.0224469,533.061,29248.7,57205.0,332.408,-68.0869,17.1547,7825810781861.253,12.893529343004095
342049,256,0,10.368685102568037,89.439,11.2322,0.0206546,733.256,28963.4,57181.3,136.224,116.543,76.0147,7825810781861.253,12.893529343004095
342050,256,0,9.863830189960906,68.8467,17.8496,0.0346696,570.547,28785.1,56837.9,420.834,200.453,207.796,7825810781861.253,12.893529343004095
342051,256,0,9.34153586516103,50.5627,13.365,0.00753267,628.253,29271.3,57126.1,435.529,356.391,394.92,7825810781861.253,12.893529343004095
342052,256,0,10.102522116507016,84.4523,1.1568,0.0,622.245,29052.2,57128.9,395.119,94.5296,210.17,7825810781861.253,12.893529343004095
342053,256,0,8.60045422716074,47.0504,17.8304,0.00505876,420.543,29226.2,57132.0,409.752,495.763,-12.4351,7825810781861.253,12.893529343004095
342054,256,0,7.281424576108659,27.7526,18.8194,0.00137055,518.866,29656.2,57362.0,463.506,-120.171,166.055,7825810781861.253,12.893529343004095
342055,256,0,8.057446653047904,33.8447,11.933,0.00437927,311.462,29184.0,57158.8,127.902,-62.3124,-43.9224,7825810781861.253,12.893529343004095
342056,256,0,7.44076410907022,29.9798,12.0211,0.00180058,621.107,29305.2,57305.1,401.993,-202.24,-84.6586,7825810781861.253,12.893529343004095
312412,180,1,11.16554782068867,183.595,133.221,0.0310931,73811.5,24438.1,16161.7,661.451,238.872,491.03,7792820802367.047,12.891694689656616
312413,180,0,10.343118612053944,114.494,99.8111,0.0169425,73434.5,23922.9,16497.8,695.956,427.925,234.822,7792820802367.047,12.891694689656616
312414,180,0,10.634252001719792,105.02,21.1442,0.0244366,73483.7,24036.6,16295.2,620.067,497.739,275.992,7792820802367.047,12.891694689656616
312415,180,0,9.707197915756941,64.8713,32.2447,0.0090493,73176.7,23735.7,16630.3,709.766,525.136,76.6931,7792820802367.047,12.891694689656616
312416,180,0,10.336123385104182,101.73,7.0809,0.0234337,73398.6,23964.5,16501.8,664.054,333.511,172.435,7792820802367.047,12.891694689656616
312417,180,0,9.394585571476503,54.5602,19.0857,0.0176613,73075.0,23913.8,16652.0,708.823,535.734,184.15,7792820802367.047,12.891694689656616
312418,180,0,10.045398635872088,82.6856,3.1681,0.0380172,73432.2,23945.5,16490.4,551.177,476.711,195.276,7792820802367.047,12.891694689656616
312419,180,0,8.953115527215756,45.3774,23.232,0.0122955,73492.6,23556.0,16266.4,652.017,451.02,427.769,7792820802367.047,12.891694689656616
312420,180,0,9.404953342165081,54.239,10.1112,0.0233699,73466.4,23909.2,16340.1,789.655,560.076,344.132,7792820802367.047,12.891694689656616
312421,180,0,8.98949422081823,45.8365,10.8902,0.00910551,73638.7,24149.5,16075.1,522.256,368.112,504.277,7792820802367.047,12.891694689656616
344987,265,1,11.260607202468442,172.962,133.326,0.00760575,14897.6,49329.1,69849.9,-220.419,194.723,-345.69,7789010384950.73,12.89148228287711
344988,265,0,9.782563175527459,71.348,36.9171,0.0179649,15432.6,49361.1,69419.4,-136.472,373.339,-102.211,7789010384950.73,12.89148228287711
344989,265,0,10.223503528564956,89.6786,19.5568,0.0186118,14657.2,49305.2,69762.6,-220.516,531.347,-199.249,7789010384950.73,12.89148228287711
344990,265,0,9.983578217130946,70.3266,6.7782,0.0349936,14922.1,49439.5,69776.2,-337.3,154.391,-105.195,7789010384950.73,12.89148228287711
344991,265,0,8.600695470606814,40.6382,25.3359,0.00680722,14509.7,49370.3,70150.2,-394.484,412.201,-397.916,7789010384950.73,12.89148228287711
344992,265,0,8.862459564927311,39.3526,14.7264,0.00927864,14599.3,49615.2,69518.5,-241.003,252.96,-504.989,7789010384950.73,12.89148228287711
344993,265,0,8.122866188118945,35.9447,14.6273,0.00278203,14773.8,48948.3,69997.0,-542.656,307.259,-317.13,7789010384950.73,12.89148228287711
344994,265,0,7.243971248336563,28.8622,16.9861,0.0,15320.5,49443.9,69523.5,40.9893,256.155,-211.335,7789010384950.73,12.89148228287711
344995,265,0,8.656378053275722,30.5208,10.045,0.0,14654.1,49440.4,69460.1,-107.477,223.774,-305.889,7789010384950.73,12.89148228287711
344996,265,0,6.967805453136657,24.1469,13.7715,0.00038243,15382.2,49287.1,69180.5,-95.7224,329.666,-43.2382,7789010384950.73,12.89148228287711
343429,260,1,11.53312760968916,182.435,126.717,0.0166844,48819.1,38583.9,71426.7,-354.382,-111.933,-90.5068,7783712382016.719,12.89118677982828
343430,260,0,9.911034874009136,65.8479,2.9247,0.0,48826.7,38516.4,71462.3,-286.957,40.0968,-231.259,7783712382016.719,12.89118677982828
343431,260,0,9.176078436472475,41.2996,7.4266,0.0157943,48894.3,38438.1,71531.4,-28.528,9.6014,-167.766,7783712382016.719,12.89118677982828
343432,260,0,7.8766398196588625,31.7845,12.989,0.0,48930.1,38471.2,71070.6,-409.422,5.7199,-337.069,7783712382016.719,12.89118677982828
343433,260,0,9.501092024827587,31.9138,0.271,0.0567908,48828.1,38579.4,71440.5,-193.839,177.813,-130.837,7783712382016.719,12.89118677982828
343434,260,0,9.529625147405666,31.085,0.2601,0.0223763,48822.8,38579.8,71436.2,-253.822,155.189,23.7739,7783712382016.719,12.89118677982828
343435,260,0,6.940006819333533,28.4694,12.3691,0.0,48799.6,38875.9,71317.5,-149.109,-371.451,-232.463,7783712382016.719,12.89118677982828
343436,260,0,8.076566168465975,33.3307,7.9368,0.0,48721.6,38327.4,71374.7,-399.19,-115.169,54.1783,7783712382016.719,12.89118677982828
343437,260,0,7.216039998529099,27.315,10.2904,0.0,49154.4,38553.4,71041.7,-482.406,-317.462,-124.44,7783712382016.719,12.89118677982828
343438,260,0,9.00117806099878,30.8742,4.5356,0.0,48889.4,38372.5,71520.5,-497.334,80.066,-135.229,7783712382016.719,12.89118677982828
359086,316,1,10.997288592959691,179.678,120.67,0.00777693,12925.7,30852.1,28106.0,-97.0102,-76.9799,93.9208,7751658563245.036,12.889394635125749
359087,316,0,8.958157015448956,48.6873,19.3833,0.00720238,13193.7,31007.5,28445.4,-99.0421,-144.365,-204.061,7751658563245.036,12.889394635125749
359088,316,0,9.444274892311277,56.266,6.5822,0.0144662,12934.7,30790.4,28054.7,-448.19,259.405,-14.5448,7751658563245.036,12.889394635125749
359089,316,0,9.395795949586118,46.4172,7.8178,0.0147973,12888.8,30797.7,28226.4,-162.759,16.6077,-218.314,7751658563245.036,12.889394635125749
359090,316,0,8.606445472348437,44.9224,10.7556,0.0124195,13023.4,30739.6,28138.2,-165.096,-398.488,-221.712,7751658563245.036,12.889394635125749
359091,316,0,8.541717025976888,32.8927,10.7709,0.00973483,13123.7,30870.7,28510.5,-39.6509,-180.064,4.4081,7751658563245.036,12.889394635125749
359092,316,0,8.12498681792381,24.8941,9.9409,0.00465885,13164.5,31003.2,28273.1,-320.354,-88.5809,-120.946,7751658563245.036,12.889394635125749
359093,316,0,8.727010748764194,30.1511,3.7957,0.0,12932.7,31045.0,27975.9,-36.5521,-45.1201,115.831,7751658563245.036,12.889394635125749
359094,316,0,7.942355950047733,25.4298,5.8932,0.0,13050.3,30977.8,27944.1,-37.7763,62.1302,115.705,7751658563245.036,12.889394635125749
359095,316,0,7.08084496644525,23.5004,7.6056,0.0,13029.3,30990.0,28203.2,-195.268,-476.588,259.495,7751658563245.036,12.889394635125749
324127,207,1,11.260434771920226,168.449,153.462,0.0128982,1411.58,49227.9,55795.3,89.6563,462.071,-39.3341,7749820480594.46,12.889291642481767
324128,207,0,10.620446817629826,115.07,5.3291,0.0121451,1348.7,49265.4,55826.4,55.77,680.48,-140.672,7749820480594.46,12.889291642481767
324129,207,0,9.529541816075726,66.0007,28.9446,0.00818249,1388.42,49597.5,55375.0,42.473,325.512,-428.479,7749820480594.46,12.889291642481767
324130,207,0,10.002979935343125,79.2152,18.9379,0.0202372,1477.23,49046.9,56023.6,-283.125,572.692,-32.5705,7749820480594.46,12.889291642481767
324131,207,0,10.291098552102081,91.7846,9.5026,0.0185372,1305.05,49212.0,55929.7,297.224,662.81,-174.0,7749820480594.46,12.889291642481767
324132,207,0,9.656711714875089,56.8522,25.6268,0.0139301,1794.96,48975.6,55723.7,55.5668,695.109,37.2981,7749820480594.46,12.889291642481767
324133,207,0,9.353192886318277,51.7985,21.4338,0.0133976,1048.06,48858.3,56008.9,168.69,679.2,-89.1645,7749820480594.46,12.889291642481767
324134,207,0,8.534829948147307,40.5266,22.7662,0.00781474,1796.06,49050.7,56068.6,-224.087,532.118,-38.2895,7749820480594.46,12.889291642481767
324135,207,0,9.862353072636509,62.3158,3.6008,0.0316011,1379.05,49288.5,55807.9,229.252,336.171,-189.928,7749820480594.46,12.889291642481767
324136,207,0,8.902022815415569,44.6082,18.5497,0.0107765,1106.58,49088.1,55845.8,-154.657,241.765,-118.667,7749820480594.46,12.889291642481767
344300,263,1,11.244493695839974,178.728,148.811,0.0188882,40095.7,21096.8,63331.9,-43.0418,60.7564,-76.8057,7728529356558.625,12.888096860917651
344301,263,0,10.806692567117343,120.493,10.8633,0.0175904,40044.6,21105.1,63237.8,-277.253,115.444,-180.422,7728529356558.625,12.888096860917651
344302,263,0,10.472221205614899,117.591,3.7964,0.0,40130.9,21101.0,63334.5,-319.221,89.0255,-28.7766,7728529356558.625,12.888096860917651
344303,263,0,10.284984907028702,86.9019,8.2234,0.0212213,40252.4,21074.1,63336.9,48.025,-117.862,-41.9088,7728529356558.625,12.888096860917651
344304,263,0,8.164263265436128,32.9495,15.263,0.00350308,40325.2,20763.0,63476.0,6.3563,64.0926,123.171,7728529356558.625,12.888096860917651
344305,263,0,8.441970741234485,36.1001,12.6932,0.00712774,40156.5,20784.4,63661.5,-141.749,235.07,34.9639,7728529356558.625,12.888096860917651
344306,263,0,8.77091068643019,43.0589,10.2285,0.0,40028.9,21026.0,63427.1,-171.555,350.061,-168.839,7728529356558.625,12.888096860917651
344307,263,0,7.489716487886625,27.4543,19.3082,0.0,40487.5,21050.2,63196.8,29.6897,-236.354,-56.3264,7728529356558.625,12.888096860917651
344308,263,0,7.867429384365756,28.8085,16.18,0.0,40124.3,21331.5,62990.3,-279.38,118.525,-316.993,7728529356558.625,12.888096860917651
344309,263,0,8.321259608584256,32.8497,10.4776,0.0,39780.5,20836.2,63115.4,-15.7975,93.5746,-10.2996,7728529356558.625,12.888096860917651
339547,248,1,11.23611400555851,170.796,158.531,0.0178499,6971.86,2032.89,22671.4,113.143,219.439,80.6389,7574322331363.485,12.87934378292817
339548,248,0,10.494495979337351,97.5399,24.7007,0.0257795,7021.37,1824.56,22280.1,99.5506,337.001,-5.0423,7574322331363.485,12.87934378292817
339549,248,0,10.541413036868958,117.903,7.4783,0.0,6923.4,2047.33,22708.7,167.453,76.4704,97.555,7574322331363.485,12.87934378292817
339550,248,0,9.501894139539239,59.0775,17.0014,0.0107915,6716.64,1912.03,22801.3,429.367,105.648,-133.542,7574322331363.485,12.87934378292817
339551,248,0,9.739991847457793,63.1129,13.2673,0.0186719,6739.83,1854.87,22911.3,209.09,53.8866,24.3077,7574322331363.485,12.87934378292817
339552,248,0,8.846880354055603,45.7627,13.3476,0.0143905,6995.75,1748.13,22585.7,11.9581,478.549,-125.724,7574322331363.485,12.87934378292817
339553,248,0,8.28242950015574,35.5789,18.9547,0.00779669,7262.21,1790.91,22866.0,188.888,35.3008,-135.567,7574322331363.485,12.87934378292817
339554,248,0,9.593065544371415,51.6609,3.885,0.0300798,6881.99,2077.58,22736.7,-1.106,-80.2564,210.038,7574322331363.485,12.87934378292817
339555,248,0,8.853596195316994,38.5214,10.4149,0.0107978,7169.58,1997.88,22341.2,179.184,456.364,-41.9425,7574322331363.485,12.87934378292817
339556,248,0,8.180640667690794,39.3975,11.8444,0.00700828,6921.51,2252.16,22741.4,492.31,96.3058,54.9595,7574322331363.485,12.87934378292817
338458,245,1,11.406026981577305,176.478,151.509,0.0104767,25314.4,48117.9,74371.7,-299.822,21.4974,-158.088,7467352678756.781,12.873166663290345
338459,245,0,9.787328465378259,62.9496,15.3869,0.0164931,25071.8,48347.5,74573.0,-264.672,63.8317,45.967,7467352678756.781,12.873166663290345
338460,245,0,9.780185240540874,53.817,15.3184,0.0172016,25407.7,47824.2,74120.7,-232.76,-73.4125,-321.633,7467352678756.781,12.873166663290345
338461,245,0,9.592726689809869,56.2309,18.9421,0.0138417,25510.8,47947.2,74553.7,-402.882,-46.3551,136.304,7467352678756.781,12.873166663290345
338462,245,0,9.366322296662872,54.2314,13.7665,0.0129733,25054.7,48245.2,74334.6,65.6707,-13.4059,-285.715,7467352678756.781,12.873166663290345
338463,245,0,9.379012832998738,48.8192,14.5789,0.0130579,25545.2,48062.3,74391.0,-29.5853,-46.612,-264.169,7467352678756.781,12.873166663290345
338464,245,0,9.193903107181402,45.5555,12.7071,0.0097553,25300.1,48371.4,74543.9,-147.437,-65.9387,-150.695,7467352678756.781,12.873166663290345
338465,245,0,8.438107010085886,39.2144,11.9927,0.00382159,25455.4,47772.8,74474.9,-35.5265,128.77,-16.1981,7467352678756.781,12.873166663290345
338466,245,0,8.664463202366004,43.0653,10.3817,0.0091395,25473.7,47900.6,74488.5,-548.984,103.835,-399.387,7467352678756.781,12.873166663290345
338467,245,0,8.559630661629203,39.8799,8.8069,0.0,25453.6,47988.0,74466.9,-272.833,-387.147,-63.7443,7467352678756.781,12.873166663290345
308060,171,1,11.014135572362648,171.518,144.948,0.00815948,49973.3,62640.6,31630.3,-147.667,117.078,25.5311,7415109234008.248,12.870117553122673
308061,171,0,11.041497000288846,143.942,97.184,0.0223792,50443.9,63045.9,30879.2,-40.0598,9.6981,231.766,7415109234008.248,12.870117553122673
308062,171,0,10.439752133201525,96.4791,42.1666,0.0,50038.3,61933.5,32067.6,42.9867,252.036,-44.0035,7415109234008.248,12.870117553122673
308063,171,0,10.130347065588834,77.5536,68.536,0.035579,50007.1,62142.0,31931.9,9.7594,291.692,222.4,7415109234008.248,12.870117553122673
308064,171,0,9.62979109336281,66.7096,28.844,0.0119061,49706.4,62098.8,32035.5,44.6103,87.7857,-153.013,7415109234008.248,12.870117553122673
308065,171,0,9.174892850342813,53.3891,15.4844,0.00746828,50073.4,62215.7,31813.3,32.0045,387.484,45.9448,7415109234008.248,12.870117553122673
308066,171,0,9.675076330139081,63.8222,8.8494,0.0131796,50062.8,62695.1,31695.1,245.933,306.022,-157.24,7415109234008.248,12.870117553122673
308067,171,0,8.798696917756251,43.5506,18.156,0.00503479,50329.5,62941.6,31419.8,5.9752,71.299,236.325,7415109234008.248,12.870117553122673
308068,171,0,9.176851388826018,50.3477,15.1142,0.00991942,50179.0,62702.8,31778.6,-227.551,-128.305,240.919,7415109234008.248,12.870117553122673
308069,171,0,9.547810664720537,62.8646,7.7468,0.0133968,50019.3,62188.4,31935.9,-1.523,219.398,150.507,7415109234008.248,12.870117553122673
350843,286,1,11.281441343911673,183.038,107.341,0.012507,23355.9,38799.6,44146.3,394.428,-63.8847,95.2515,7356851474704.522,12.866691988288338
350844,286,0,10.382311166351094,92.9589,16.4996,0.0,23436.1,38900.0,44024.0,539.089,-36.6808,-100.857,7356851474704.522,12.866691988288338
350845,286,0,10.148061737616862,81.562,21.7276,0.0243107,23095.3,38843.4,44024.4,432.973,-33.9764,378.35,7356851474704.522,12.866691988288338
350846,286,0,9.825576931997423,40.4931,1.1506,0.0328953,23392.6,38788.3,44081.5,192.74,81.792,-53.1609,7356851474704.522,12.866691988288338
350847,286,0,9.131562029995116,51.2203,6.0889,0.0118322,23255.0,38834.0,44220.7,548.883,-221.104,323.949,7356851474704.522,12.866691988288338
350848,286,0,8.684869734105972,37.6974,10.0183,0.00982196,23140.8,38698.8,44201.3,495.126,86.2574,43.1637,7356851474704.522,12.866691988288338
350849,286,0,9.069942370197104,38.4912,7.0282,0.0,23543.5,38776.9,44207.2,304.966,-261.584,20.2746,7356851474704.522,12.866691988288338
350850,286,0,9.012287879772337,32.2755,3.8012,0.0438817,23391.3,38786.9,44070.8,120.283,47.7133,-17.4965,7356851474704.522,12.866691988288338
350851,286,0,8.030987805349334,32.7287,8.429,0.0,23203.1,38720.0,44105.4,620.846,181.805,105.394,7356851474704.522,12.866691988288338
350852,286,0,9.042957691046526,22.3235,2.0722,0.0206813,23335.6,38802.0,44074.9,109.69,12.905,256.71,7356851474704.522,12.866691988288338
341683,255,1,10.962561698885386,156.86,166.5,0.00769346,23923.5,53807.2,43393.3,-69.8745,-405.887,256.055,7309665009797.341,12.863897474395602
341684,255,0,10.478516651534708,106.587,21.843,0.0211571,23912.1,53681.4,43190.2,-108.838,-168.031,235.42,7309665009797.341,12.863897474395602
341685,255,0,10.654991179264352,114.996,11.7028,0.0301427,24034.7,53738.2,43309.6,-187.313,-389.705,268.023,7309665009797.341,12.863897474395602
341686,255,0,9.213710246301952,54.2181,23.4347,0.0109124,24085.2,54123.4,43638.7,217.797,-438.743,370.933,7309665009797.341,12.863897474395602
341687,255,0,10.109262205782034,90.169,1.1825,0.0,23931.2,53807.5,43386.6,-328.013,-543.519,452.227,7309665009797.341,12.863897474395602
341688,255,0,8.387532740983142,36.5482,17.3911,0.00440228,23802.4,53434.1,43305.9,225.368,-251.318,259.81,7309665009797.341,12.863897474395602
341689,255,0,8.149794375135127,38.4048,17.0426,0.00239993,23707.6,53799.7,43198.5,-331.516,-492.876,502.483,7309665009797.341,12.863897474395602
341690,255,0,9.050722046621107,40.6124,9.7199,0.0136862,23921.2,54083.6,43246.4,-281.944,-372.504,348.35,7309665009797.341,12.863897474395602
341691,255,0,9.435504119678386,40.2155,1.6656,0.0,23953.0,53836.1,43388.7,-189.856,-543.774,149.24,7309665009797.341,12.863897474395602
341692,255,0,7.798054372111995,30.6825,12.8078,0.0,24131.5,54008.3,43321.3,129.485,-513.496,82.2451,7309665009797.341,12.863897474395602
348593,278,1,11.12348223752634,173.177,136.939,0.00651634,58887.8,69167.5,30150.2,-54.9157,153.254,38.8854,7286998927857.202,12.862548705626654
348594,278,0,10.546213236179566,106.216,5.6885,0.0,58944.1,69156.8,30242.9,30.5174,131.581,255.682,7286998927857.202,12.862548705626654
348595,278,0,10.232979613431691,85.4946,13.7461,0.0334286,58839.4,69284.2,30021.2,-133.5,263.614,269.651,7286998927857.202,12.862548705626654
348596,278,0,9.392658536291346,52.896,19.5285,0.0150129,58720.3,69566.1,29827.7,-49.7072,169.8,-88.7188,7286998927857.202,12.862548705626654
348597,278,0,9.484867017408234,52.3933,5.8327,0.0213844,58935.3,69101.6,30259.9,59.0149,-81.4765,-150.755,7286998927857.202,12.862548705626654
348598,278,0,9.35263818632002,41.7201,5.8054,0.0295963,59088.8,69109.1,30331.9,-43.16,293.064,-36.1152,7286998927857.202,12.862548705626654
348599,278,0,8.51889844143634,32.8637,6.6026,0.0,58743.6,69370.0,30193.5,-42.9903,-87.4078,178.519,7286998927857.202,12.862548705626654
348600,278,0,7.6766058685933585,26.5177,7.968,0.00319565,58717.6,69687.9,29828.4,-126.991,267.097,-139.533,7286998927857.202,12.862548705626654
348601,278,0,7.999871757128286,28.537,6.3689,0.0,58892.9,68785.9,29836.2,43.928,188.915,72.2376,7286998927857.202,12.862548705626654
348602,278,0,7.420062507392244,24.7536,9.3826,0.0,58885.3,69520.0,30178.7,3.5265,-129.942,227.233,7286998927857.202,12.862548705626654
359811,319,1,11.118213355349951,180.255,134.637,0.00641739,69871.1,21897.6,70214.7,135.463,121.265,138.126,7286739884346.398,12.862533266737735
359812,319,0,7.455611277438371,30.6484,16.3905,0.00129782,70243.1,21822.4,69943.4,-139.064,265.839,119.856,7286739884346.398,12.862533266737735
359813,319,0,9.397529498113295,44.9664,5.8403,0.0246873,69884.3,21803.3,70349.3,172.004,-53.258,315.949,7286739884346.398,12.862533266737735
359814,319,0,8.106020266667011,28.7856,8.6916,0.00751334,70311.5,21916.5,69839.0,102.968,176.474,124.222,7286739884346.398,12.862533266737735
359815,319,0,8.435174716544887,31.5091,4.493,0.0,69683.1,21969.5,70338.9,138.688,296.146,160.176,7286739884346.398,12.862533266737735
359816,319,0,6.515507782142027,23.755,8.8026,0.0,69809.9,21861.5,70441.6,494.641,-51.842,140.364,7286739884346.398,12.862533266737735
359817,319,0,7.3272156016279935,22.0129,8.6153,0.0,70319.1,21658.0,69936.3,159.951,119.671,-26.0923,7286739884346.398,12.862533266737735
359818,319,0,6.993280641607938,22.3646,7.7308,0.0,70193.3,21669.9,69757.2,53.9889,133.886,1.8769,7286739884346.398,12.862533266737735
359819,319,0,7.052816242845006,21.8553,7.5579,0.0,69687.7,22249.1,70499.0,23.1849,137.229,275.277,7286739884346.398,12.862533266737735
359820,319,0,6.87244618581005,19.607,9.6914,0.0,69960.5,21792.2,69853.6,86.7417,54.4524,-71.4389,7286739884346.398,12.862533266737735
347237,273,1,11.297217885112165,175.351,124.619,0.0179384,35482.5,66091.5,49068.0,156.24,-112.949,-147.956,7273757074095.346,12.861758792574944
347238,273,0,10.112508328130197,80.5044,8.6714,0.0240121,35425.7,65994.3,49166.2,403.985,29.651,-84.2895,7273757074095.346,12.861758792574944
347239,273,0,10.018109578921772,77.514,6.9513,0.0300357,35569.4,66145.6,49107.8,345.604,5.2337,-329.952,7273757074095.346,12.861758792574944
347240,273,0,9.36034863474236,46.9337,15.3902,0.0179961,35238.1,65888.6,48655.4,141.383,-127.838,-58.9744,7273757074095.346,12.861758792574944
347241,273,0,9.828364348253022,47.9336,0.3982,0.0362186,35502.4,66095.5,49051.2,-0.223,-302.884,-299.119,7273757074095.346,12.861758792574944
347242,273,0,8.19458356909863,36.9398,20.5915,0.00393807,35284.1,65696.8,48770.4,168.156,-315.559,59.3889,7273757074095.346,12.861758792574944
347243,273,0,9.548618057212362,53.4829,5.4203,0.0,35472.3,65993.3,49172.3,107.708,-241.864,-329.78,7273757074095.346,12.861758792574944
347244,273,0,9.689896351296076,33.9913,0.244,0.052737,35500.0,66089.4,49042.9,-93.6302,-286.229,-212.003,7273757074095.346,12.861758792574944
347245,273,0,9.561154924411113,49.1451,0.9988,0.0,35462.4,66105.1,49075.1,20.3166,-352.496,50.7747,7273757074095.346,12.861758792574944
347246,273,0,9.352114126625715,23.2739,0.2184,0.0454062,35489.2,66086.4,49056.1,-180.35,-235.704,-123.098,7273757074095.346,12.861758792574944
346075,269,1,11.210804045614884,167.456,154.725,0.00634935,17337.6,15042.3,26815.4,-199.464,-28.5925,96.2979,7252756979812.519,12.86050312567702
346076,269,0,10.30787738402999,85.6605,15.3731,0.0259192,17185.8,14877.8,26750.8,-169.148,145.948,207.613,7252756979812.519,12.86050312567702
346077,269,0,9.735930411158193,73.5237,22.68,0.0157281,17358.6,14895.7,27018.2,-474.085,109.779,-183.224,7252756979812.519,12.86050312567702
346078,269,0,9.958559933511712,66.7175,18.194,0.0142191,17469.2,14992.8,26475.3,-188.215,57.4562,21.4231,7252756979812.519,12.86050312567702
346079,269,0,9.502694775525942,57.7722,15.9349,0.0175381,17447.1,15252.9,26880.7,-546.292,55.9492,274.75,7252756979812.519,12.86050312567702
346080,269,0,9.1533579669036,40.4636,9.3402,0.0100685,17383.6,14852.5,26510.5,-128.37,-156.992,-27.58,7252756979812.519,12.86050312567702
346081,269,0,8.878730024670816,40.8403,11.1035,0.011352,17344.1,14802.6,26651.9,-89.6696,103.48,270.899,7252756979812.519,12.86050312567702
346082,269,0,8.369950605299756,36.0796,10.9186,0.00640702,17322.2,15257.8,26916.5,-475.754,-175.012,226.031,7252756979812.519,12.86050312567702
346083,269,0,7.892610479726574,37.1355,10.3305,0.00345679,17283.9,14890.0,26992.4,-10.2675,224.142,-108.28,7252756979812.519,12.86050312567702
346084,269,0,8.223423047238576,39.7904,7.608,0.0034078,17268.2,15079.0,26918.9,-670.982,22.1071,200.791,7252756979812.519,12.86050312567702
337048,241,1,11.148978512461529,172.888,172.51,0.00981867,59874.4,8586.38,73322.6,4.4019,113.35,42.3003,7246916111781.951,12.860153234079275
337049,241,0,10.083330774221196,75.0093,17.9394,0.013837,59626.3,8482.59,73185.7,127.956,82.7236,-60.427,7246916111781.951,12.860153234079275
337050,241,0,9.968593923912676,60.9832,9.4506,0.0186201,59996.8,8451.77,73486.7,-59.9324,158.55,20.5187,7246916111781.951,12.860153234079275
337051,241,0,9.536290729876669,78.44,7.2826,0.00866903,59821.6,8552.48,73284.0,-160.432,-80.7833,-430.483,7246916111781.951,12.860153234079275
337052,241,0,8.672100586096066,51.0425,12.1883,0.00713213,59783.6,8705.93,73274.4,168.566,530.469,159.958,7246916111781.951,12.860153234079275
337053,241,0,9.102662341897148,41.7911,10.2343,0.0187666,59816.5,8512.69,73140.7,-351.765,-18.5573,42.2079,7246916111781.951,12.860153234079275
337054,241,0,9.017713379815152,40.796,11.9706,0.0116046,59792.6,8295.81,73188.9,65.0919,245.256,78.5182,7246916111781.951,12.860153234079275
337055,241,0,8.923059447111319,38.3043,10.6362,0.0,60064.4,8787.78,73119.1,52.0535,262.522,-102.028,7246916111781.951,12.860153234079275
337056,241,0,9.18486655108305,44.3349,6.472,0.0,59681.9,8276.9,73353.6,-78.1859,-19.9036,125.678,7246916111781.951,12.860153234079275
337057,241,0,7.13010100342522,29.0847,20.6487,0.00066992,60178.2,8732.45,73689.1,-56.3395,216.125,-249.895,7246916111781.951,12.860153234079275
361189,325,1,10.962957062004877,181.09,116.458,0.00656121,9097.08,70332.4,7229.29,328.08,81.8136,-81.5061,7239972844671.492,12.859736937270153
361190,325,0,10.799223503896947,140.536,13.9726,0.0200704,9027.39,70327.4,7159.94,412.315,169.737,-376.287,7239972844671.492,12.859736937270153
361191,325,0,10.205983241068502,89.0668,20.3096,0.0236632,9197.71,70263.8,7402.71,110.622,208.915,94.9233,7239972844671.492,12.859736937270153
361192,325,0,9.471555010129878,60.8659,12.3596,0.0137793,9164.56,70148.6,7402.11,-12.6842,68.782,129.848,7239972844671.492,12.859736937270153
361193,325,0,9.511837987060986,35.1307,0.2906,0.052415,9031.42,70326.9,7152.79,536.254,246.781,-335.761,7239972844671.492,12.859736937270153
361194,325,0,9.260026295907394,29.2827,0.3507,0.0358741,9021.89,70324.8,7164.79,372.004,65.5869,-656.398,7239972844671.492,12.859736937270153
361195,325,0,8.850757806422257,43.5642,2.9293,0.00693713,9218.83,70265.0,7390.46,168.403,-54.1374,-125.302,7239972844671.492,12.859736937270153
361196,325,0,7.13857072004537,26.9924,10.0524,0.0,8760.39,70317.6,7320.33,242.611,254.293,-287.039,7239972844671.492,12.859736937270153
361197,325,0,8.203422204729414,28.5851,7.6972,0.0,8781.94,70377.8,7426.12,484.559,171.632,-306.603,7239972844671.492,12.859736937270153
361198,325,0,9.121593667628305,22.6854,0.3931,0.0384726,9031.66,70325.0,7145.75,536.087,292.478,-268.435,7239972844671.492,12.859736937270153
341356,254,1,11.256400122961416,176.947,135.352,0.0172359,4480.14,53028.2,43581.7,423.692,-22.7427,54.6334,7179390451427.332,12.856087573097579
341357,254,0,10.78892827854496,138.889,5.1866,0.0191323,4454.21,53064.8,43585.6,499.867,68.6114,190.991,7179390451427.332,12.856087573097579
341358,254,0,10.083942611238799,74.6725,35.2719,0.0188045,4261.26,52786.0,44015.4,59.9178,-58.9119,131.398,7179390451427.332,12.856087573097579
341359,254,0,10.318638728430834,80.134,24.1123,0.0198973,4861.88,53043.6,43979.8,145.847,79.5346,20.4322,7179390451427.332,12.856087573097579
341360,254,0,8.984865347480351,47.1108,14.7304,0.0180185,4256.01,52731.3,43893.9,454.275,146.053,47.8052,7179390451427.332,12.856087573097579
341361,254,0,9.810826189827582,55.5745,3.5453,0.0480919,4375.44,53115.2,43541.7,526.679,-120.349,238.739,7179390451427.332,12.856087573097579
341362,254,0,9.785857124761282,54.4091,3.5992,0.0330135,4445.23,53118.9,43596.3,488.65,-13.4612,-225.017,7179390451427.332,12.856087573097579
341363,254,0,8.39129877719205,31.4319,15.4582,0.00762507,4377.03,53064.1,43218.3,201.414,124.554,-164.783,7179390451427.332,12.856087573097579
341364,254,0,8.533367991322946,36.044,9.9399,0.0104216,4043.62,53228.2,43495.9,504.271,87.6642,-4.9447,7179390451427.332,12.856087573097579
341365,254,0,8.457336938305046,34.6193,11.0757,0.00816175,4290.73,53201.5,43913.9,736.131,13.9579,-94.0716,7179390451427.332,12.856087573097579
349135,280,1,11.027852580318118,174.356,130.473,0.00992933,49894.8,68295.0,43691.3,-153.5,324.677,-176.181,7144546621416.676,12.853974674545569
349136,280,0,10.06543459787749,80.2698,22.9172,0.0142251,49962.1,68121.2,43923.1,-87.0773,499.824,22.1591,7144546621416.676,12.853974674545569
349137,280,0,9.820136081694328,73.3742,11.4556,0.0232807,49772.1,68432.7,43723.8,181.09,235.095,-201.871,7144546621416.676,12.853974674545569
349138,280,0,9.89746637586096,75.0415,5.3564,0.025936,49945.8,68265.3,43685.9,-78.6767,698.015,152.489,7144546621416.676,12.853974674545569
349139,280,0,8.893324139164047,44.2408,15.0275,0.0135064,50114.8,68328.1,43422.9,-307.114,342.183,-351.34,7144546621416.676,12.853974674545569
349140,280,0,9.104400007072114,43.5857,6.872,0.0102093,50028.1,68395.7,43705.9,-337.104,421.589,-462.467,7144546621416.676,12.853974674545569
349141,280,0,7.615536619913831,33.9524,12.3207,0.00252054,49726.4,68219.6,43732.7,-96.532,409.034,251.576,7144546621416.676,12.853974674545569
349142,280,0,6.799582682716412,22.4548,9.5626,0.0,49676.0,68198.9,43562.2,22.2157,653.742,-312.011,7144546621416.676,12.853974674545569
349143,280,0,6.06678189898183,20.2579,10.3548,0.0,49774.0,67939.6,43804.5,-215.32,238.969,-375.352,7144546621416.676,12.853974674545569
349144,280,0,6.925790915937236,23.386,10.6787,0.00060031,49638.2,68254.6,43558.6,192.353,384.14,-195.288,7144546621416.676,12.853974674545569
358016,312,1,11.15180181427582,162.372,159.108,0.0109533,56504.5,66355.6,24005.4,-79.7491,247.288,299.979,7108125554308.0625,12.85175509035746
358017,312,0,10.935585502155499,136.085,13.2434,0.015674,56440.5,66446.1,23922.5,-22.5785,158.07,333.799,7108125554308.0625,12.85175509035746
358018,312,0,9.243653087885427,56.4732,15.9811,0.0074641,56604.8,66525.4,23821.6,131.506,290.386,-19.5002,7108125554308.0625,12.85175509035746
358019,312,0,9.501009102322914,47.7346,4.3205,0.0,56519.1,66258.5,24171.7,32.8123,174.644,363.424,7108125554308.0625,12.85175509035746
358020,312,0,8.806374269922836,37.0255,7.2224,0.0103045,56460.6,66257.2,24164.6,-70.3779,433.168,386.291,7108125554308.0625,12.85175509035746
358021,312,0,8.88472363955217,40.3719,5.1781,0.0154814,56534.3,66274.9,23999.2,-173.858,564.253,213.885,7108125554308.0625,12.85175509035746
358022,312,0,8.55162212970722,37.7111,7.387,0.0,56625.2,66240.5,24049.5,151.545,194.354,124.235,7108125554308.0625,12.85175509035746
358023,312,0,8.73238663621237,36.9308,6.7712,0.0,56529.3,66221.9,23887.3,-253.788,514.728,465.352,7108125554308.0625,12.85175509035746
358024,312,0,9.348832962463318,36.8621,2.1771,0.0,56406.0,66434.3,23963.4,3.3946,213.605,110.878,7108125554308.0625,12.85175509035746
358025,312,0,7.604042928558704,30.4189,7.0782,0.0,56655.6,66388.7,23956.8,75.571,256.366,678.257,7108125554308.0625,12.85175509035746
345250,266,1,11.230226358112072,165.081,132.581,0.0157128,32545.9,33947.5,6750.01,-252.567,98.7614,-84.1757,7105761275447.714,12.851610612877867
345251,266,0,10.503576387689158,101.277,18.82,0.0254164,32782.1,34064.8,6668.15,-320.688,80.4649,115.799,7105761275447.714,12.851610612877867
345252,266,0,10.395911906781665,92.2524,18.5318,0.0140858,32613.5,34048.8,6960.25,-49.6515,191.436,10.8179,7105761275447.714,12.851610612877867
345253,266,0,9.50074809648377,52.4162,15.6241,0.0135259,32757.9,34428.1,6831.12,-170.725,-7.2661,-28.6149,7105761275447.714,12.851610612877867
345254,266,0,10.032831503380262,65.4291,2.4763,0.0216455,32514.7,33961.1,6778.64,-154.606,217.727,-12.4676,7105761275447.714,12.851610612877867
345255,266,0,9.772834948872886,52.0957,8.0507,0.0309394,32482.3,33912.1,7144.39,-233.376,104.414,-59.7969,7105761275447.714,12.851610612877867
345256,266,0,9.315351084283709,45.3377,9.6895,0.0140428,32698.3,34071.0,6872.55,-383.368,-129.59,-27.4987,7105761275447.714,12.851610612877867
345257,266,0,9.275427318801555,45.7374,6.3823,0.0222734,32505.2,34058.2,6704.03,-31.0415,55.398,-242.933,7105761275447.714,12.851610612877867
345258,266,0,8.622335497393482,36.7971,11.4019,0.00740073,32385.7,33806.6,6822.98,195.718,190.178,-335.05,7105761275447.714,12.851610612877867
345259,266,0,9.550212099012167,33.5191,0.329,0.0480577,32526.6,33958.0,6748.06,-140.382,263.568,-25.0231,7105761275447.714,12.851610612877867
360750,323,1,11.410235367189726,180.21,112.39,0.0185334,42230.2,1971.74,72937.4,-390.383,-356.098,-229.82,7078891930975.743,12.849965282276703
360751,323,0,9.472249301791079,47.1967,6.735,0.0170459,42563.7,2039.81,72873.8,-418.218,-331.927,-297.494,7078891930975.743,12.849965282276703
360752,323,0,8.346489263197089,34.4232,9.0875,0.00795334,42348.6,1995.51,73241.8,-246.667,-510.896,-87.8112,7078891930975.743,12.849965282276703
360753,323,0,7.58695853033127,27.9926,10.1937,0.0,42344.3,1786.21,73222.6,-333.742,-255.364,-1.7212,7078891930975.743,12.849965282276703
360754,323,0,8.911762121619978,37.3214,4.1232,0.0,42189.3,2013.38,72866.2,-41.2585,-498.148,-336.81,7078891930975.743,12.849965282276703
360755,323,0,8.729491924567048,32.3533,5.2703,0.0,42275.4,1904.85,72759.0,-319.569,-88.9921,-246.302,7078891930975.743,12.849965282276703
360756,323,0,6.743186075419107,26.0393,10.0126,0.0,42253.6,2040.48,72636.5,-412.478,-664.149,-84.7412,7078891930975.743,12.849965282276703
360757,323,0,9.152650290696192,19.412,0.2649,0.0,42208.8,1990.61,72953.0,-470.011,-517.167,-89.1084,7078891930975.743,12.849965282276703
360758,323,0,7.6792975070939615,24.8759,8.4352,0.0,42127.7,2244.04,73130.3,-436.962,-436.523,-31.138,7078891930975.743,12.849965282276703
360759,323,0,6.911879938996087,23.5138,12.5856,0.0,42186.1,1803.36,72688.6,82.2905,-399.166,-318.863,7078891930975.743,12.849965282276703
366565,346,1,11.054447032754675,174.653,124.004,0.00810832,2645.32,34722.1,71277.1,104.489,-47.0729,99.1145,7049897528694.272,12.848182804502596
366566,346,0,9.485110466613154,50.3201,8.5662,0.0137336,2523.75,34477.3,71252.6,23.9255,-71.8018,-8.3461,7049897528694.272,12.848182804502596
366567,346,0,9.077548668779166,43.917,6.2623,0.0200606,2543.9,34575.5,71228.0,223.283,203.526,129.117,7049897528694.272,12.848182804502596
366568,346,0,8.8619752985084,38.1514,5.5343,0.0102075,2746.26,34735.7,71374.5,406.038,-186.301,151.74,7049897528694.272,12.848182804502596
366569,346,0,7.813987136517024,30.3641,10.9798,0.0,2618.48,35114.4,71404.7,132.288,-17.3043,-22.3188,7049897528694.272,12.848182804502596
366570,346,0,7.878339937241634,29.0163,6.8133,0.0,2741.89,34589.9,71446.4,38.5782,-353.843,60.5838,7049897528694.272,12.848182804502596
366571,346,0,7.4701848033553695,26.1166,8.4803,0.0,2569.88,34852.6,71515.0,126.099,257.975,120.909,7049897528694.272,12.848182804502596
366572,346,0,7.138104488672731,23.5572,7.2977,0.0,2670.02,34465.4,71105.6,106.307,233.832,19.6542,7049897528694.272,12.848182804502596
366573,346,0,7.499365592262916,22.5393,7.899,0.0,2622.55,34738.6,71541.0,0.0374,255.302,112.773,7049897528694.272,12.848182804502596
366574,346,0,7.201773568542109,24.0622,6.7325,0.0,2528.34,35037.1,71518.3,134.492,-47.6858,-119.064,7049897528694.272,12.848182804502596
332389,228,1,11.213051273334484,173.557,154.719,0.0128126,57364.0,68885.7,28956.4,-51.9095,179.05,104.184,7011973108202.087,12.845840241851045
332390,228,0,10.501847709822925,110.096,39.4781,0.0,57321.3,69172.1,28731.6,289.826,293.945,150.828,7011973108202.087,12.845840241851045
332391,228,0,10.220793467772216,95.0199,17.5707,0.0157086,57308.3,69044.5,28720.6,-100.598,-14.0777,334.336,7011973108202.087,12.845840241851045
332392,228,0,10.63283731433313,120.327,3.8103,0.0,57338.3,68883.3,28939.1,152.701,236.164,119.487,7011973108202.087,12.845840241851045
332393,228,0,9.961682368077868,70.9971,12.0604,0.0118761,57493.6,68967.4,29059.6,64.1364,447.42,70.52,7011973108202.087,12.845840241851045
332394,228,0,9.885734044697747,67.5549,17.9606,0.0285662,57282.0,68647.5,28935.5,-134.543,162.912,-148.314,7011973108202.087,12.845840241851045
332395,228,0,9.293831803016861,46.7451,10.208,0.0169092,57182.1,69295.1,28672.0,336.785,381.972,156.469,7011973108202.087,12.845840241851045
332396,228,0,8.350340741819618,35.6674,20.1219,0.00697563,57475.5,69393.6,28736.4,-61.9444,277.27,216.031,7011973108202.087,12.845840241851045
332397,228,0,8.69199012135192,40.972,12.1607,0.0122046,57537.6,69108.9,29076.9,-244.691,-53.4463,67.9074,7011973108202.087,12.845840241851045
332398,228,0,8.224877074174964,35.8116,9.2305,0.00380061,57280.1,68948.8,29099.9,378.802,222.96,340.738,7011973108202.087,12.845840241851045
358886,315,1,11.449737730388666,178.035,110.714,0.0188853,46685.6,36192.0,72341.1,-323.327,204.441,-276.906,6963389610378.377,12.842820695176112
358887,315,0,9.699705386790729,55.0286,11.2115,0.0166497,46701.3,36025.2,72183.7,-177.79,85.0055,-261.833,6963389610378.377,12.842820695176112
358888,315,0,9.631492898771587,52.3887,3.3138,0.0,46524.3,36118.3,72161.7,-301.722,52.1218,-363.753,6963389610378.377,12.842820695176112
358889,315,0,8.904737740387162,41.4409,7.8601,0.0114031,46533.6,36276.0,72295.7,-283.937,-115.68,-508.638,6963389610378.377,12.842820695176112
358890,315,0,8.616173221939047,35.479,7.2817,0.00650222,46493.5,36184.9,72378.1,-553.437,155.818,-114.689,6963389610378.377,12.842820695176112
358891,315,0,9.180682961548928,43.8298,4.4603,0.0,46951.9,36202.3,72427.6,-364.06,94.5381,-340.797,6963389610378.377,12.842820695176112
358892,315,0,8.46406171829658,32.16,8.4314,0.00595238,46458.7,36392.3,72241.9,-333.578,409.715,-275.084,6963389610378.377,12.842820695176112
358893,315,0,8.532766787583533,33.6017,5.3633,0.0,46631.9,36070.4,72460.9,-518.796,312.353,-319.767,6963389610378.377,12.842820695176112
358894,315,0,8.504171168594976,32.2114,4.7589,0.00960656,46584.8,36392.4,72246.9,-281.593,208.465,-231.076,6963389610378.377,12.842820695176112
358895,315,0,9.082003666872568,17.9346,0.2774,0.0,46715.1,36188.1,72317.9,-158.396,-39.6102,-158.676,6963389610378.377,12.842820695176112
360087,320,1,11.286071229317306,164.365,140.121,0.00968338,13865.0,50446.3,69277.7,-163.891,218.715,-323.667,6947995217669.352,12.841859510848675
360088,320,0,9.672723521806375,57.4354,15.666,0.0141362,13728.4,50359.7,68995.0,-236.018,359.447,-296.392,6947995217669.352,12.841859510848675
360089,320,0,9.403935220252963,42.0742,4.1717,0.0156721,13961.6,50606.4,69292.5,-180.537,-8.8984,-438.076,6947995217669.352,12.841859510848675
360090,320,0,9.001235601653187,37.7733,4.7312,0.0,13842.6,50470.1,69120.5,-267.819,270.055,-110.383,6947995217669.352,12.841859510848675
360091,320,0,8.536529367565585,33.5679,7.1268,0.0,13939.7,50519.5,69455.0,-402.369,24.3763,-274.396,6947995217669.352,12.841859510848675
360092,320,0,9.009336206800862,35.076,4.4787,0.0,13737.6,50307.8,69286.8,-74.9206,220.923,-552.304,6947995217669.352,12.841859510848675
360093,320,0,8.353221313383049,37.3122,5.0108,0.0,13796.5,50350.2,69264.1,126.087,304.188,-172.14,6947995217669.352,12.841859510848675
360094,320,0,8.512563401495246,39.5838,4.2832,0.00868932,13871.2,50486.5,69311.0,-675.698,209.84,-447.689,6947995217669.352,12.841859510848675
360095,320,0,8.95290835802474,28.8758,2.1389,0.0,14033.8,50321.3,69289.0,-80.8785,99.2793,-487.722,6947995217669.352,12.841859510848675
360096,320,0,8.832299555528497,27.1681,2.8788,0.0,14000.0,50555.3,69130.6,-380.237,120.726,-196.118,6947995217669.352,12.841859510848675
354727,300,1,11.161303443315704,170.38,135.885,0.00774202,66626.2,11367.4,32039.5,113.657,244.464,108.305,6915995009641.645,12.839854671229144
354728,300,0,9.974015646584535,69.5102,29.3995,0.0277271,66620.1,11550.5,32360.1,-152.843,357.906,45.7206,6915995009641.645,12.839854671229144
354729,300,0,9.772871724890523,71.3327,16.191,0.0138846,66621.6,11447.5,32279.4,-128.263,369.069,-70.1869,6915995009641.645,12.839854671229144
354730,300,0,9.850178843521112,65.2096,11.9458,0.0174834,66398.4,11304.0,32019.5,351.821,390.04,168.583,6915995009641.645,12.839854671229144
354731,300,0,9.14561942163842,47.9638,12.3782,0.0139955,66851.8,11520.4,31949.4,359.683,84.0901,72.0181,6915995009641.645,12.839854671229144
354732,300,0,9.534751352633323,46.4058,5.2282,0.0191702,66708.5,11314.6,32184.6,-28.3568,164.732,-13.8103,6915995009641.645,12.839854671229144
354733,300,0,8.970572239276553,51.2298,5.4566,0.00829923,66631.3,11405.6,32093.5,-201.354,659.591,-141.042,6915995009641.645,12.839854671229144
354734,300,0,8.52800299778747,39.1521,9.9397,0.00477905,66577.4,11284.5,32160.2,169.1,278.24,485.314,6915995009641.645,12.839854671229144
354735,300,0,8.595356910534969,47.5575,5.2155,0.00417051,66587.4,11402.5,32063.8,-459.188,312.185,-22.3005,6915995009641.645,12.839854671229144
354736,300,0,9.127034939406501,42.4063,5.5208,0.0,66659.3,11306.0,32048.3,133.535,508.475,395.424,6915995009641.645,12.839854671229144
295674,147,1,11.099328239083334,167.708,164.337,0.00857794,16729.8,50561.3,62681.3,-79.0351,184.89,-132.098,6911889507878.238,12.83959678697918
295675,147,0,10.992979070143177,158.096,73.9648,0.00595915,16708.1,50886.3,62142.4,10.9891,-6.8581,99.4738,6911889507878.238,12.83959678697918
295676,147,0,10.66276619403188,108.419,55.8611,0.0158448,16446.7,51129.4,62779.4,273.126,-66.4444,39.1042,6911889507878.238,12.83959678697918
295677,147,0,10.580510153235792,108.894,37.0001,0.011328,17080.7,50415.5,62587.0,-110.846,429.087,29.688,6911889507878.238,12.83959678697918
295678,147,0,10.241047856242293,86.1845,31.0083,0.0246552,16348.0,51255.6,62936.0,137.389,-87.9078,-126.416,6911889507878.238,12.83959678697918
295679,147,0,9.692531837076567,60.9575,15.7842,0.0160763,16909.3,50878.0,62390.5,26.2053,87.9931,90.5969,6911889507878.238,12.83959678697918
295680,147,0,10.161049093932474,79.3928,3.0304,0.0373298,16656.4,50873.4,62093.0,-81.4211,-26.0845,3.1711,6911889507878.238,12.83959678697918
295681,147,0,9.348534225573145,56.1584,13.1823,0.0142303,16521.9,50536.7,62658.1,-18.1442,608.153,-126.677,6911889507878.238,12.83959678697918
295682,147,0,9.639490312442604,60.8827,6.4853,0.0239407,16765.4,50436.6,62595.9,78.8702,290.278,93.9518,6911889507878.238,12.83959678697918
295683,147,0,8.50401049730868,43.2119,14.7657,0.00544464,16794.0,50408.0,62838.8,126.659,475.236,-396.117,6911889507878.238,12.83959678697918
352578,292,1,11.053967158054531,164.73,144.886,0.0186768,653.455,30325.3,10341.8,27.3915,-143.97,307.007,6883393370158.418,12.837802589197427
352579,292,0,10.97618354033385,127.955,25.0301,0.016848,466.677,30427.4,10259.1,120.894,-126.803,187.231,6883393370158.418,12.837802589197427
352580,292,0,9.085761390506866,44.1374,11.1543,0.0115237,820.541,30546.6,10199.0,37.2456,-61.672,599.472,6883393370158.418,12.837802589197427
352581,292,0,8.988639517220223,41.7926,8.1943,0.0148916,778.804,30140.7,10253.1,182.324,-53.4326,271.879,6883393370158.418,12.837802589197427
352582,292,0,8.097755467535913,35.2595,13.6606,0.00371385,917.821,30185.8,10180.1,227.887,-116.982,582.024,6883393370158.418,12.837802589197427
352583,292,0,8.536007177203652,33.0725,12.3265,0.00379241,323.164,30336.2,10284.6,250.342,-363.487,264.639,6883393370158.418,12.837802589197427
352584,292,0,8.37641206640773,34.1809,8.9389,0.0,953.7,30314.5,10358.4,9.0227,-354.177,416.549,6883393370158.418,12.837802589197427
352585,292,0,8.313324107733054,32.1716,8.3554,0.0,761.966,30273.2,10553.2,-247.896,-43.1687,388.928,6883393370158.418,12.837802589197427
352586,292,0,7.552251737640483,28.077,10.7383,0.0,957.63,30247.6,10040.8,-63.4837,-349.715,462.645,6883393370158.418,12.837802589197427
352587,292,0,8.351426764385575,28.3996,7.8577,0.0,711.213,30308.2,10140.2,242.987,-292.953,482.491,6883393370158.418,12.837802589197427
353729,296,1,11.314167757923238,180.115,130.892,0.0153889,6402.03,41800.5,31031.7,199.543,-71.9977,-7.436,6876801951712.199,12.837386517068929
353730,296,0,10.602023125380782,125.422,4.385,0.0207098,6359.35,41804.4,31024.8,-1.8302,-255.204,35.0716,6876801951712.199,12.837386517068929
353731,296,0,9.400955599749288,53.3509,30.0802,0.016107,6096.18,41922.0,31378.8,337.285,60.9098,-262.67,6876801951712.199,12.837386517068929
353732,296,0,8.65627903653811,42.5789,13.6395,0.00673074,6521.81,41937.1,30768.1,298.082,-332.914,-110.85,6876801951712.199,12.837386517068929
353733,296,0,8.79792166492268,41.963,11.3362,0.0115689,6406.95,41362.5,31089.5,120.026,74.4425,105.618,6876801951712.199,12.837386517068929
353734,296,0,7.1695888851707075,28.4954,14.7924,0.00192023,6354.43,41465.5,31177.5,534.328,13.4237,15.165,6876801951712.199,12.837386517068929
353735,296,0,6.945129138820757,26.1943,10.6638,0.00117111,6426.26,41421.3,31137.8,448.768,78.1257,120.792,6876801951712.199,12.837386517068929
353736,296,0,8.183381237080617,33.4274,5.7293,0.0,6281.63,41887.3,31157.7,139.806,116.784,-126.068,6876801951712.199,12.837386517068929
353737,296,0,6.897508589712617,23.0997,8.5602,0.0,6553.34,41560.9,30766.2,178.943,-295.16,108.665,6876801951712.199,12.837386517068929
353738,296,0,8.26418460433984,29.4804,4.9418,0.0,6197.38,41823.0,30865.1,1.5574,-101.776,80.1669,6876801951712.199,12.837386517068929
356678,307,1,11.374342925906186,180.668,131.644,0.00951846,26614.7,49000.0,6203.81,-253.946,16.2411,-64.1686,6828189170709.007,12.834305544466277
356679,307,0,10.538671226483602,123.377,1.8088,0.0,26618.5,48986.2,6208.27,-278.087,13.8362,-76.7316,6828189170709.007,12.834305544466277
356680,307,0,9.189723242492752,20.0557,0.3013,0.0,26675.8,49001.0,6129.81,-115.829,-0.0741,-13.2758,6828189170709.007,12.834305544466277
356681,307,0,6.6021240985657945,22.205,11.021,0.0,26347.9,49027.6,5852.94,-461.066,153.369,-145.963,6828189170709.007,12.834305544466277
356682,307,0,8.323730924609274,26.2344,5.476,0.0,26379.6,49012.6,5992.66,-364.229,63.3928,-12.6251,6828189170709.007,12.834305544466277
356683,307,0,8.28406589177328,23.5795,6.3192,0.0,26755.4,48951.1,5773.83,-172.099,-128.456,-201.11,6828189170709.007,12.834305544466277
356684,307,0,,10.2885,5.3073,0.0,26571.1,48861.9,6137.91,-246.691,116.654,188.995,6828189170709.007,12.834305544466277
356685,307,0,6.823331349569349,19.9525,5.6031,0.0,26391.5,49170.3,6178.96,-109.693,-36.7303,123.348,6828189170709.007,12.834305544466277
356686,307,0,5.9886987432332575,15.6895,9.7808,0.0,26455.9,49164.1,5820.47,-161.311,-192.148,162.779,6828189170709.007,12.834305544466277
356687,307,0,6.5547610812897,17.3752,7.2158,0.0,26587.4,48752.8,5978.96,-243.198,-139.982,-198.543,6828189170709.007,12.834305544466277
364807,339,1,11.273143150045756,176.849,111.799,0.0157874,43230.4,74581.2,36075.4,-114.345,-121.921,347.831,6800731459584.671,12.832555626202875
364808,339,0,9.475697775752137,49.9439,18.0633,0.0184118,42825.8,74828.7,36098.5,-167.875,-253.09,224.451,6800731459584.671,12.832555626202875
364809,339,0,9.939613568033058,72.6704,4.5746,0.0338396,43214.4,74519.4,36047.1,165.302,-400.984,232.92,6800731459584.671,12.832555626202875
364810,339,0,9.608024533812497,29.4741,0.1943,0.0496403,43254.5,74551.6,36084.6,22.9097,42.8108,501.562,6800731459584.671,12.832555626202875
364811,339,0,8.678195952248204,41.9558,9.2278,0.00728937,43319.4,74613.6,36159.9,-204.946,-669.868,275.769,6800731459584.671,12.832555626202875
364812,339,0,7.469967601809506,30.3905,16.8985,0.00132395,43474.0,74332.1,35955.3,-35.4168,-30.5986,706.635,6800731459584.671,12.832555626202875
364813,339,0,9.467505645410546,32.5143,0.3777,0.0433368,43242.8,74604.9,36087.9,-364.876,13.3514,259.927,6800731459584.671,12.832555626202875
364814,339,0,9.20143099347424,41.6946,3.4359,0.0,43193.1,74692.9,36043.7,96.2999,27.2736,349.444,6800731459584.671,12.832555626202875
364815,339,0,9.437465943463495,48.1204,0.8361,0.0179904,43235.2,74588.2,36078.2,-423.225,80.8969,323.714,6800731459584.671,12.832555626202875
364816,339,0,7.514136221618647,27.7178,13.8707,0.00380922,43524.2,74291.7,35842.6,-15.645,-84.48,723.189,6800731459584.671,12.832555626202875
360294,321,1,11.242209298156922,168.239,129.669,0.00902515,24199.0,7956.01,74794.8,119.198,-445.127,168.991,6774168011710.677,12.830855963736717
360295,321,0,9.629694848818408,58.9465,16.3022,0.0240853,24162.7,7819.42,74387.9,21.1488,-662.777,163.773,6774168011710.677,12.830855963736717
360296,321,0,7.818197441777565,32.2455,10.5093,0.0,24022.5,8097.45,74571.2,353.669,-230.062,347.106,6774168011710.677,12.830855963736717
360297,321,0,9.241684093662274,43.4083,2.8405,0.0,24186.8,7939.56,74830.0,-83.2413,-86.6367,139.919,6774168011710.677,12.830855963736717
360298,321,0,7.121462817353514,25.9362,11.7363,0.0,24131.2,7774.0,74527.1,-117.998,-614.001,284.244,6774168011710.677,12.830855963736717
360299,321,0,7.474506177138013,25.2015,11.4818,0.0,24397.4,8199.35,74609.1,11.3335,-725.056,192.403,6774168011710.677,12.830855963736717
360300,321,0,9.04704998603155,18.2684,0.3105,0.0,24282.0,7997.25,74816.6,76.3524,-544.136,317.983,6774168011710.677,12.830855963736717
360301,321,0,6.567094816363426,12.7135,5.8385,0.00405461,24210.5,8055.12,74761.9,381.527,-586.331,210.208,6774168011710.677,12.830855963736717
360302,321,0,7.453811090479904,22.3064,5.6728,0.0,24352.2,7803.05,45.3545,172.568,-403.59,-58.5105,6774168011710.677,12.830855963736717
360303,321,0,7.898481617338249,25.9719,3.8264,0.0,24216.0,7709.57,74751.8,-82.463,-361.098,221.057,6774168011710.677,12.830855963736717
310509,176,1,11.167736694898553,173.167,159.519,0.0126471,21175.4,7887.81,5298.21,27.3699,-244.093,59.1014,6768434815678.514,12.830488250737831
310510,176,0,11.118895524077095,171.377,72.909,0.0175663,21666.2,7736.05,5237.06,-216.821,-88.2376,152.981,6768434815678.514,12.830488250737831
310511,176,0,10.753327666658612,153.423,12.8852,0.0126099,21579.7,7759.67,5191.71,-378.299,-199.825,163.016,6768434815678.514,12.830488250737831
310512,176,0,10.11193051085292,82.2953,28.8053,0.0179147,20784.7,8184.79,5000.79,140.02,-380.066,-125.723,6768434815678.514,12.830488250737831
310513,176,0,10.44567635197006,103.792,3.7439,0.0,21138.4,7862.12,5307.52,80.6396,-389.071,113.52,6768434815678.514,12.830488250737831
310514,176,0,9.454885349891246,57.821,15.5499,0.0102757,21500.6,7768.64,5432.95,-19.9946,-192.209,104.235,6768434815678.514,12.830488250737831
310515,176,0,8.86335623219226,45.9492,19.0494,0.0142529,21237.4,8228.23,5185.27,-120.024,-52.5956,267.574,6768434815678.514,12.830488250737831
310516,176,0,8.935024447125835,43.8943,13.9981,0.00995282,21702.7,8046.79,5186.69,158.815,-338.823,125.123,6768434815678.514,12.830488250737831
310517,176,0,8.691194554727664,38.1959,12.0113,0.0104036,21130.7,8086.47,5111.69,102.412,-269.625,-240.479,6768434815678.514,12.830488250737831
310518,176,0,8.546515706472501,37.0883,11.7889,0.0,21296.8,8060.54,5016.84,223.255,-257.602,147.636,6768434815678.514,12.830488250737831
335486,236,1,11.12378318519866,166.101,144.902,0.011368,65962.7,63920.5,38359.7,152.861,95.7655,345.12,6759637247541.15,12.8299233903768
335487,236,0,10.465438177432192,93.1972,13.0174,0.0218372,65870.6,63997.3,38158.2,112.145,113.05,318.232,6759637247541.15,12.8299233903768
335488,236,0,9.806062753471425,73.6357,38.5338,0.012997,65503.5,64084.2,38554.7,158.193,305.462,277.315,6759637247541.15,12.8299233903768
335489,236,0,9.997766375000413,74.674,28.8348,0.0182178,66386.0,63889.4,38100.1,23.4596,163.662,187.213,6759637247541.15,12.8299233903768
335490,236,0,9.394838765249299,52.213,27.5603,0.0108727,65437.2,63628.5,38366.2,78.7826,22.829,244.457,6759637247541.15,12.8299233903768
335491,236,0,9.75918478513341,59.2493,12.0066,0.0163375,65902.6,63700.6,38454.2,132.65,277.631,220.422,6759637247541.15,12.8299233903768
335492,236,0,9.239621213096916,50.1366,12.1293,0.00902448,65911.2,64107.9,38195.8,371.567,237.721,141.268,6759637247541.15,12.8299233903768
335493,236,0,8.751899773382666,45.3392,16.2404,0.00882887,65694.9,64060.3,38494.7,285.282,145.163,138.531,6759637247541.15,12.8299233903768
335494,236,0,8.441530244991934,41.5341,14.4193,0.00381948,66147.6,64022.7,38012.1,47.0228,213.414,-48.2655,6759637247541.15,12.8299233903768
335495,236,0,9.41353337575346,47.3853,9.5786,0.0219883,66116.2,64030.8,38161.8,-156.229,271.056,160.687,6759637247541.15,12.8299233903768
349897,283,1,11.17460988602186,166.686,142.192,0.012665,48513.0,6557.03,45123.7,15.8277,-212.277,-224.375,6707720873381.91,12.826574982128419
349898,283,0,10.150617772758954,82.5917,22.184,0.0241509,48200.7,6243.97,45171.5,134.552,38.6813,-318.018,6707720873381.91,12.826574982128419
349899,283,0,10.179242654689913,81.1469,12.1412,0.023838,48289.3,6340.44,45078.4,2.1137,-144.032,-128.858,6707720873381.91,12.826574982128419
349900,283,0,9.360197605947729,55.6677,37.3969,0.010882,48251.6,6082.71,44828.8,112.322,-27.637,-161.412,6707720873381.91,12.826574982128419
349901,283,0,9.250113020816453,52.6911,8.2299,0.01101,48594.6,6493.29,45001.0,-153.426,-211.474,81.2867,6707720873381.91,12.826574982128419
349902,283,0,8.185477661705178,33.5002,13.5773,0.00353302,48700.0,6729.09,44894.5,-190.048,-367.895,-10.5543,6707720873381.91,12.826574982128419
349903,283,0,9.192666531650657,43.9866,5.6869,0.0176673,48625.1,6641.29,45154.4,-166.439,-354.675,-84.3811,6707720873381.91,12.826574982128419
349904,283,0,9.55060383265599,50.7334,1.495,0.0,48518.9,6570.69,45098.2,-183.563,-261.596,-314.407,6707720873381.91,12.826574982128419
349905,283,0,9.552251737640482,53.0449,1.2901,0.0,48518.9,6546.9,45106.8,154.538,-580.021,-535.625,6707720873381.91,12.826574982128419
349906,283,0,8.104561297443738,30.6321,15.1013,0.0,48785.4,6479.94,45234.4,132.228,-450.895,-164.654,6707720873381.91,12.826574982128419
342343,257,1,11.313049802035065,169.36,137.427,0.0197943,70667.3,73153.4,47688.7,-214.247,-92.7662,-151.149,6698286283463.195,12.825963705262872
342344,257,0,10.074978201496513,78.5965,33.959,0.0218713,71149.8,73404.2,47841.0,-387.148,-224.23,-391.809,6698286283463.195,12.825963705262872
342345,257,0,9.743704602888048,66.8164,10.4469,0.0172895,70648.9,73329.1,47494.0,-138.665,-55.4802,142.016,6698286283463.195,12.825963705262872
342346,257,0,8.837671179523156,45.9619,18.8843,0.00886442,70380.8,73367.2,47743.6,-78.9408,-317.237,-16.0095,6698286283463.195,12.825963705262872
342347,257,0,8.982682423458494,48.5549,13.3142,0.00698477,70649.9,73329.7,47862.9,-249.882,-0.6045,104.237,6698286283463.195,12.825963705262872
342348,257,0,8.81251864212894,41.3977,16.8938,0.00903792,70953.6,73283.6,47885.7,125.979,40.66,-139.499,6698286283463.195,12.825963705262872
342349,257,0,9.057660040739034,41.328,9.6278,0.0102569,70737.8,72823.3,47724.7,-35.1967,-134.815,-157.472,6698286283463.195,12.825963705262872
342350,257,0,9.709245166967362,42.7523,0.408,0.0,70673.5,73154.3,47684.3,-640.392,65.1558,-276.219,6698286283463.195,12.825963705262872
342351,257,0,9.712783371905386,37.0054,0.2691,0.0,70655.4,73138.9,47715.2,-217.374,-293.124,6.4386,6698286283463.195,12.825963705262872
342352,257,0,9.546583095849506,28.9249,0.2836,0.0161603,70648.4,73139.7,47731.2,77.0404,-207.997,-52.6665,6698286283463.195,12.825963705262872
355232,302,1,10.894660527876704,150.075,145.895,0.0137883,43669.1,36627.9,56076.8,-362.534,91.7162,-43.5974,6692492719030.254,12.825587907376834
355233,302,0,10.69992678246582,118.066,29.6949,0.00629018,43605.5,36790.9,56089.0,-483.342,-25.2249,129.171,6692492719030.254,12.825587907376834
355234,302,0,10.584959200999492,116.713,16.7999,0.0228719,43705.2,36665.0,55947.0,-689.863,-133.145,139.309,6692492719030.254,12.825587907376834
355235,302,0,8.76731036488335,49.6629,18.3867,0.00335099,43423.0,36788.3,55915.3,-285.457,292.392,144.397,6692492719030.254,12.825587907376834
355236,302,0,9.431992555851131,56.2808,16.1113,0.0104141,43385.4,36922.2,56068.3,-483.456,51.7053,-40.7324,6692492719030.254,12.825587907376834
355237,302,0,10.0524146896821,79.1348,5.076,0.0300575,43596.6,36817.9,56124.3,-420.4,-46.3368,-27.6506,6692492719030.254,12.825587907376834
355238,302,0,9.154540859517512,51.9997,16.9974,0.0107288,43770.0,36775.4,56175.7,-135.504,143.236,-154.391,6692492719030.254,12.825587907376834
355239,302,0,7.616777905451674,30.274,10.6579,0.0,43810.2,36551.3,56269.2,-190.286,-21.8947,-119.798,6692492719030.254,12.825587907376834
355240,302,0,7.38900119371575,26.7618,12.8173,0.00203817,43345.7,36589.1,56300.4,-216.94,205.74,-51.6776,6692492719030.254,12.825587907376834
355241,302,0,7.397041512305062,29.6015,8.232,0.00283893,43610.3,36724.0,55949.0,-114.951,88.1204,285.141,6692492719030.254,12.825587907376834
367456,349,1,11.142267414515048,174.314,109.855,0.0111499,3409.89,53471.5,42196.1,116.378,-128.456,423.702,6643970941138.683,12.822427724301525
367457,349,0,10.214442571984312,76.3593,10.7268,0.0229398,3313.03,53598.5,42133.8,-15.4371,-118.156,243.559,6643970941138.683,12.822427724301525
367458,349,0,8.494608893747644,39.1838,19.753,0.00596194,3125.82,53707.3,42428.3,220.018,-347.393,519.775,6643970941138.683,12.822427724301525
367459,349,0,9.15099152895694,49.9806,8.5038,0.0132645,3296.48,53586.9,42344.3,5.221,-354.587,421.728,6643970941138.683,12.822427724301525
367460,349,0,8.750820074409004,35.9182,12.4552,0.00660746,3088.7,53432.1,42239.5,-24.9225,-133.702,257.409,6643970941138.683,12.822427724301525
367461,349,0,9.142185627216453,48.4677,6.5312,0.00919717,3503.15,53483.7,42232.6,-181.13,-77.9682,602.221,6643970941138.683,12.822427724301525
367462,349,0,9.465894567370803,46.4816,5.0092,0.0206909,3275.01,53587.5,42087.6,133.057,-108.258,387.906,6643970941138.683,12.822427724301525
367463,349,0,8.59259729876665,37.5451,12.1215,0.00746674,3567.44,53325.6,42176.0,-40.2937,-51.7391,768.495,6643970941138.683,12.822427724301525
367464,349,0,9.421505319238067,30.6198,0.6702,0.0410941,3462.58,53505.3,42188.0,122.286,-162.841,718.054,6643970941138.683,12.822427724301525
367465,349,0,9.42971033111168,26.4611,0.2718,0.0523277,3448.91,53499.6,42194.2,122.041,-171.871,711.585,6643970941138.683,12.822427724301525
339181,247,1,11.445850929790636,174.506,135.823,0.0215376,10222.0,25423.2,25337.5,-136.348,-262.13,22.3931,6630675476632.852,12.82155777287408
339182,247,0,10.378133324967642,93.15,48.3432,0.0178604,9746.35,25214.8,25245.6,-199.28,-105.161,341.658,6630675476632.852,12.82155777287408
339183,247,0,9.669627307657874,56.8003,15.0445,0.0222317,9923.2,25436.7,25579.9,-224.993,-378.105,-18.556,6630675476632.852,12.82155777287408
339184,247,0,8.613230846692957,37.8516,19.6814,0.00748438,9964.37,25804.4,25633.4,-23.6465,-170.921,-223.168,6630675476632.852,12.82155777287408
339185,247,0,8.97058596041084,40.7502,9.1622,0.0130738,10165.2,25787.1,25489.6,-167.299,-309.945,-112.355,6630675476632.852,12.82155777287408
339186,247,0,8.475279478427918,35.5639,12.8091,0.00881535,10252.5,25667.8,25150.7,57.5835,-394.195,-172.76,6630675476632.852,12.82155777287408
339187,247,0,8.281122644897462,32.9606,12.8158,0.0,10000.7,25179.2,25023.8,5.8353,-132.845,1.2706,6630675476632.852,12.82155777287408
339188,247,0,8.38902737101493,34.2435,8.9834,0.00633307,10306.0,25235.1,25368.0,-34.9382,-42.2357,317.922,6630675476632.852,12.82155777287408
339189,247,0,8.31642910760323,34.483,7.5712,0.00536235,9825.7,25168.4,25262.5,-306.149,-57.5787,458.641,6630675476632.852,12.82155777287408
339190,247,0,7.561323957181124,30.6453,11.2183,0.0,10575.9,25455.1,25276.1,-183.004,-98.211,164.14,6630675476632.852,12.82155777287408
353423,295,1,11.289356797274841,167.748,141.431,0.00908514,21641.2,18101.2,43974.6,-24.2192,110.424,18.9773,6606482614765.556,12.819970296463127
353424,295,0,9.925736150307987,71.9151,9.285,0.0163275,21707.3,18175.7,43902.4,-4.4908,129.942,-350.302,6606482614765.556,12.819970296463127
353425,295,0,9.50093021012252,53.6591,8.375,0.0195384,21593.7,18213.1,44001.0,-81.9326,181.092,-174.324,6606482614765.556,12.819970296463127
353426,295,0,8.7911925895039,32.6914,9.4281,0.0,21692.0,17618.4,43800.7,-26.8337,-18.0403,40.0069,6606482614765.556,12.819970296463127
353427,295,0,7.564655931997015,28.3671,12.5008,0.00378413,21664.9,17577.5,43972.2,101.224,330.756,160.82,6606482614765.556,12.819970296463127
353428,295,0,7.352424651374193,29.4465,15.1522,0.0,21409.2,18202.0,44113.6,-191.589,421.077,57.9468,6606482614765.556,12.819970296463127
353429,295,0,6.824293242502771,26.6918,13.748,0.0,21562.2,18062.5,43602.5,78.2353,346.571,-116.405,6606482614765.556,12.819970296463127
353430,295,0,9.202115873596913,37.6143,2.6086,0.0,21619.2,18126.8,43862.0,82.0023,148.896,42.1232,6606482614765.556,12.819970296463127
353431,295,0,8.75609075810545,31.0022,7.6434,0.0,21403.0,17466.1,44023.9,-65.4313,14.8063,-4.1484,6606482614765.556,12.819970296463127
353432,295,0,7.38452796047481,25.7907,7.6258,0.0,21308.0,18091.2,44159.6,68.8984,125.664,153.694,6606482614765.556,12.819970296463127
371704,367,1,11.294909251401018,179.952,103.4,0.0130262,13718.8,24586.4,27952.7,-141.766,-87.1226,-161.691,6603124960355.08,12.819749516124919
371705,367,0,9.91724898592908,71.6481,11.4176,0.0236514,13745.4,24438.8,27925.2,-473.763,-68.0518,-338.427,6603124960355.08,12.819749516124919
371706,367,0,8.935478407042012,46.9772,8.0911,0.00879412,13705.7,24637.8,27858.2,-312.128,-479.072,-279.677,6603124960355.08,12.819749516124919
371707,367,0,9.584368621406277,43.7706,2.5637,0.0233114,13657.2,24503.3,27800.3,-179.292,-55.3333,-167.986,6603124960355.08,12.819749516124919
371708,367,0,8.094054071705672,32.1315,12.6302,0.00600303,13476.8,24467.6,27764.1,-193.685,202.995,-146.169,6603124960355.08,12.819749516124919
371709,367,0,7.624608776470017,29.9146,11.0802,0.0,13944.7,24474.8,27696.3,-126.351,-200.227,58.3355,6603124960355.08,12.819749516124919
371710,367,0,9.172998625070774,44.5052,2.6582,0.018415,13677.4,24551.0,27921.7,257.592,176.009,-105.937,6603124960355.08,12.819749516124919
371711,367,0,7.877745652841733,28.8708,7.6934,0.0,13294.1,24510.4,27900.7,-78.811,-8.1642,-286.537,6603124960355.08,12.819749516124919
371712,367,0,7.221848749616356,23.7123,7.3294,0.0,13680.8,24843.0,27901.3,73.239,-38.2852,-32.1658,6603124960355.08,12.819749516124919
371713,367,0,8.828823855248833,27.2024,1.0811,0.0,13710.8,24587.7,28046.8,-203.062,-86.9246,-101.343,6603124960355.08,12.819749516124919
343988,262,1,10.917297076261285,177.139,118.206,0.00892168,38319.7,63902.2,41913.5,250.944,389.542,142.046,6602467665603.317,12.819706283005136
343989,262,0,10.817466994849132,121.059,38.3079,0.018976,38178.9,63539.3,41649.2,-66.6071,681.074,401.918,6602467665603.317,12.819706283005136
343990,262,0,10.755421336084416,141.125,6.7331,0.0,38275.2,63866.4,41902.2,115.1,353.268,502.899,6602467665603.317,12.819706283005136
343991,262,0,9.416921919275424,62.4874,18.3988,0.0128224,38086.0,63886.0,41791.8,264.434,229.746,479.523,6602467665603.317,12.819706283005136
343992,262,0,9.541348526967123,59.5516,12.9616,0.00807364,38124.2,63757.9,41747.3,-79.2876,588.24,443.593,6602467665603.317,12.819706283005136
343993,262,0,9.622220755435976,59.1448,11.3117,0.0189606,38173.0,63834.3,41885.5,126.579,214.525,13.9292,6602467665603.317,12.819706283005136
343994,262,0,9.345847871273868,44.3852,11.0397,0.00878317,38636.9,63976.5,42096.5,234.837,342.958,80.1073,6602467665603.317,12.819706283005136
343995,262,0,8.976561287217756,46.8728,14.2672,0.0118359,38351.2,63969.5,42082.1,36.3452,364.428,437.689,6602467665603.317,12.819706283005136
343996,262,0,9.050351096180698,49.2606,7.6484,0.0137743,38202.4,63875.5,41995.3,-66.5826,654.515,63.1896,6602467665603.317,12.819706283005136
343997,262,0,8.3524531287672,37.8352,14.1636,0.00910171,38342.6,64114.5,41953.7,-79.9861,270.465,312.739,6602467665603.317,12.819706283005136
347508,274,1,11.188586833871673,166.492,140.949,0.0100486,68045.1,52648.9,54856.8,280.401,540.001,72.1165,6599494747120.193,12.819510687521095
347509,274,0,9.48791704465776,62.3914,25.89,0.0114277,68211.4,53014.2,55167.6,210.336,240.905,-492.423,6599494747120.193,12.819510687521095
347510,274,0,9.756072770334972,65.131,21.8254,0.014484,67599.4,52642.8,55050.6,165.684,529.368,-74.6482,6599494747120.193,12.819510687521095
347511,274,0,10.044053904203476,74.336,16.7049,0.0233477,68069.1,52658.9,55109.0,300.909,664.818,-137.418,6599494747120.193,12.819510687521095
347512,274,0,9.751157910905558,64.3455,22.0029,0.0218701,68230.9,52910.9,55027.7,304.432,394.154,247.191,6599494747120.193,12.819510687521095
347513,274,0,9.367358122289781,53.7427,23.9662,0.018053,68141.5,52337.6,54831.3,300.71,876.197,44.9913,6599494747120.193,12.819510687521095
347514,274,0,9.489384204410658,52.4534,8.7058,0.0164416,67951.5,52590.5,54818.6,-15.1149,714.135,-85.0565,6599494747120.193,12.819510687521095
347515,274,0,9.589371384792337,42.503,4.1278,0.0164801,68022.9,52781.3,54857.4,248.52,309.957,78.1232,6599494747120.193,12.819510687521095
347516,274,0,8.318034976819618,38.4692,14.0286,0.00606719,68095.8,52875.3,54795.7,-42.2124,611.234,240.816,6599494747120.193,12.819510687521095
347517,274,0,8.611775660347726,35.44,7.9098,0.0112498,67898.0,52723.1,54680.8,547.268,522.67,150.647,6599494747120.193,12.819510687521095
328677,218,1,11.03915935307924,156.261,191.665,0.0109512,43260.7,32600.1,36902.1,-72.9381,33.8244,-48.2675,6544367134447.889,12.815867654965283
328678,218,0,10.682216513358252,110.513,24.0745,0.0279441,43303.3,32749.4,36633.1,-201.046,156.701,-67.1657,6544367134447.889,12.815867654965283
328679,218,0,10.851310718719638,128.815,10.5536,0.0151711,43338.1,32570.1,36814.4,-242.524,69.7483,-12.385,6544367134447.889,12.815867654965283
328680,218,0,10.618335346907953,122.205,13.8846,0.00698181,43194.1,32621.9,36992.0,83.4752,301.495,-129.95,6544367134447.889,12.815867654965283
328681,218,0,10.11279521807805,79.5002,31.1,0.0221393,43349.0,32489.5,36481.0,-178.691,-226.45,193.439,6544367134447.889,12.815867654965283
328682,218,0,10.098367266723018,74.5202,10.5702,0.0254971,43296.2,32543.3,37013.0,-265.924,85.2897,-157.732,6544367134447.889,12.815867654965283
328683,218,0,9.208390412999737,47.9449,23.5009,0.0142959,43508.9,32632.9,37325.8,-350.742,72.5429,17.136,6544367134447.889,12.815867654965283
328684,218,0,8.530523730434986,37.1911,18.3295,0.00425877,43458.3,33006.3,36765.0,-380.854,63.4288,50.7092,6544367134447.889,12.815867654965283
328685,218,0,8.803712681876462,38.2797,10.3499,0.0129893,43510.0,32692.3,36761.6,-30.1405,-12.1106,-185.484,6544367134447.889,12.815867654965283
328686,218,0,7.773812779739259,32.4505,14.785,0.00193303,43633.7,32531.1,37054.1,-305.946,196.047,160.48,6544367134447.889,12.815867654965283
357465,310,1,11.134097642888241,170.497,134.527,0.0145329,53895.4,13673.1,15411.1,124.884,47.2143,41.3246,6504872234514.55,12.81323877078381
357466,310,0,9.032596636305097,47.2198,21.0769,0.00610705,53751.6,13440.5,15605.5,297.689,235.014,172.868,6504872234514.55,12.81323877078381
357467,310,0,8.959348457573453,44.6771,18.5561,0.00800498,53705.0,13297.2,15585.6,347.424,97.7377,252.061,6504872234514.55,12.81323877078381
357468,310,0,9.873142218903586,67.2428,3.6802,0.0264311,53955.3,13684.6,15441.4,-54.1776,27.5975,-232.022,6504872234514.55,12.81323877078381
357469,310,0,9.146517112586398,50.1343,12.3226,0.0114437,53624.5,13726.7,15177.9,231.375,202.206,9.5809,6504872234514.55,12.81323877078381
357470,310,0,9.303335103909033,46.8809,12.5612,0.0123726,54142.0,13503.6,15504.7,163.64,-86.6447,-56.137,6504872234514.55,12.81323877078381
357471,310,0,8.933308514658584,45.8888,13.3173,0.0080117,54091.3,13763.3,15232.4,-161.575,90.0876,-39.9079,6504872234514.55,12.81323877078381
357472,310,0,8.54527533330084,41.11,16.4291,0.00754755,53751.4,13826.7,15093.2,331.391,89.7908,239.024,6504872234514.55,12.81323877078381
357473,310,0,8.393195546319083,34.1112,12.2035,0.00837932,54173.7,13537.0,15687.0,131.564,44.1962,224.75,6504872234514.55,12.81323877078381
357474,310,0,8.994600400111437,42.9539,6.428,0.0146114,53943.5,13540.0,15426.7,222.017,197.801,-246.307,6504872234514.55,12.81323877078381
361752,327,1,10.848449124580803,149.102,138.289,0.00765489,11143.0,29055.2,26511.2,-196.995,-79.116,-14.2336,6498838998520.308,12.81283577793948
361753,327,0,10.613624317089533,118.393,24.1131,0.0127029,11051.8,28983.7,26625.1,-52.4121,-272.139,-46.581,6498838998520.308,12.81283577793948
361754,327,0,10.565352410629076,106.499,21.0393,0.0239074,11082.8,29213.6,26640.1,-336.894,-184.004,275.923,6498838998520.308,12.81283577793948
361755,327,0,10.246533615629033,101.166,8.0544,0.0166304,11023.7,29036.6,26633.6,-85.881,-226.99,156.257,6498838998520.308,12.81283577793948
361756,327,0,9.33556419805883,57.5195,20.4675,0.0103084,11448.2,29063.9,26699.2,-104.057,-245.134,-188.181,6498838998520.308,12.81283577793948
361757,327,0,9.737575971088834,56.9913,2.5269,0.0,11114.6,29043.7,26494.6,-74.7639,118.488,-65.4156,6498838998520.308,12.81283577793948
361758,327,0,8.477996568952705,34.7457,7.9782,0.00295545,10950.4,28900.3,26594.8,-138.587,-198.651,105.801,6498838998520.308,12.81283577793948
361759,327,0,8.703053908487982,37.0444,5.7286,0.00793652,10953.8,29042.1,26655.9,34.8217,-405.987,294.558,6498838998520.308,12.81283577793948
361760,327,0,6.540222669963125,30.1422,11.5993,0.0,11001.7,28947.1,26471.7,-418.633,36.5556,431.548,6498838998520.308,12.81283577793948
361761,327,0,7.455835777046318,24.7044,10.5989,0.00135113,10824.6,29131.9,27004.9,-46.8239,-69.6043,29.9919,6498838998520.308,12.81283577793948
363104,332,1,11.312325800891568,173.639,119.261,0.0115489,74950.3,32914.3,66209.2,205.507,85.0657,36.5789,6490311286144.634,12.812265526786947
363105,332,0,10.158269876042196,79.1149,16.4741,0.0206927,74753.7,32712.4,66082.2,203.567,240.454,37.1137,6490311286144.634,12.812265526786947
363106,332,0,9.328300735545437,45.406,8.768,0.0205324,193.841,32898.5,66126.0,73.096,-37.4095,77.9992,6490311286144.634,12.812265526786947
363107,332,0,9.312010233248502,47.0822,5.0743,0.0149231,74974.2,32897.5,66151.6,-208.775,-105.036,-132.614,6490311286144.634,12.812265526786947
363108,332,0,8.526803840609857,46.9645,5.0413,0.00403055,74970.8,32903.3,66127.1,-55.3527,83.2377,513.513,6490311286144.634,12.812265526786947
363109,332,0,8.313822401922568,33.7105,12.2631,0.00479577,74770.6,32876.3,66320.2,121.117,-234.584,132.747,6490311286144.634,12.812265526786947
363110,332,0,7.0067432459268995,28.029,11.712,0.0,74892.1,32748.3,66032.8,43.1055,-12.1032,367.86,6490311286144.634,12.812265526786947
363111,332,0,9.105703734640528,29.5633,0.6145,0.0,74957.4,32911.3,66210.7,-125.759,278.723,-80.8451,6490311286144.634,12.812265526786947
363112,332,0,6.67021406990914,22.0244,9.6506,0.0,74920.3,32721.1,65942.3,-49.9302,31.6307,257.31,6490311286144.634,12.812265526786947
363113,332,0,8.750022785600418,34.0412,2.5736,0.0,74929.3,32898.1,66232.1,-266.614,209.236,292.474,6490311286144.634,12.812265526786947
363524,334,1,11.31210711503482,171.182,120.747,0.0156486,21845.1,23262.1,3089.48,-244.808,21.9673,-63.1626,6466790585874.068,12.810688797413503
363525,334,0,10.109118610160817,68.0293,0.3387,0.0542283,21841.7,23265.6,3080.6,-328.649,107.798,120.071,6466790585874.068,12.810688797413503
363526,334,0,8.987855657344799,51.1064,11.3652,0.0072725,21944.1,23288.8,3157.49,-307.659,479.36,-86.7125,6466790585874.068,12.810688797413503
363527,334,0,9.008003898428644,44.4193,13.3389,0.00906028,21646.2,23749.5,3119.0,-307.832,28.7834,-164.759,6466790585874.068,12.810688797413503
363528,334,0,9.868334959705011,59.6697,1.5964,0.0,21839.1,23285.7,3073.79,-393.882,57.3324,3.792,6466790585874.068,12.810688797413503
363529,334,0,8.95015579329442,44.3828,11.641,0.0125002,21820.9,23343.8,3365.19,-218.243,66.4918,-246.977,6466790585874.068,12.810688797413503
363530,334,0,8.25147332979943,38.2682,11.1483,0.00564512,21664.5,23178.1,2989.15,-228.038,-321.823,56.4383,6466790585874.068,12.810688797413503
363531,334,0,9.51250824948782,55.0794,2.5658,0.0270857,21862.8,23257.7,3105.27,-486.672,293.038,-416.183,6466790585874.068,12.810688797413503
363532,334,0,9.642492851259018,48.541,0.6234,0.0235168,21841.9,23268.0,3075.22,-423.631,173.444,49.419,6466790585874.068,12.810688797413503
363533,334,0,9.513138141156167,29.8349,0.2858,0.0723843,21817.9,23278.6,3092.14,-226.879,-77.3976,212.34,6466790585874.068,12.810688797413503
361418,326,1,10.90555688802647,168.237,145.186,0.00661375,66265.6,32732.1,70438.6,276.476,2.5751,260.573,6458536333343.713,12.81013410710108
361419,326,0,10.243510388538397,88.55,13.3352,0.0209555,66236.5,32897.2,70511.2,15.2075,11.7609,245.579,6458536333343.713,12.81013410710108
361420,326,0,9.024146675191792,42.8217,9.6951,0.0110015,66274.9,32563.5,70636.6,341.514,-130.149,105.935,6458536333343.713,12.81013410710108
361421,326,0,8.564848055194973,44.8612,11.127,0.00406277,66482.3,32467.9,70247.8,459.431,41.5585,178.802,6458536333343.713,12.81013410710108
361422,326,0,8.677469009267568,41.3557,9.1077,0.00551057,66357.0,32523.2,70490.4,453.539,-104.362,421.497,6458536333343.713,12.81013410710108
361423,326,0,8.43761576637619,38.1899,13.8801,0.00834343,66039.4,32990.3,70409.2,546.002,-143.358,337.909,6458536333343.713,12.81013410710108
361424,326,0,9.546092918353636,58.6435,3.9078,0.0111399,66269.2,32741.9,70409.0,812.945,-3.071,138.78,6458536333343.713,12.81013410710108
361425,326,0,8.575013207009025,36.6288,14.9379,0.00737984,66297.2,32787.8,70702.3,6.658,130.329,350.888,6458536333343.713,12.81013410710108
361426,326,0,7.624608776470017,34.4842,18.892,0.00209104,66275.8,32999.9,70271.7,494.383,-207.38,255.42,6458536333343.713,12.81013410710108
361427,326,0,9.158426599333081,46.323,8.6118,0.0142952,66172.6,32802.8,70481.4,-95.6094,-13.9489,179.227,6458536333343.713,12.81013410710108
352061,290,1,10.971465266514343,158.539,155.923,0.00550697,63881.1,18773.9,48919.0,9.0552,-206.831,-124.009,6454775472077.29,12.80988114002865
352062,290,0,10.261612270174583,76.3008,11.5372,0.0304835,63849.6,18761.1,48800.4,54.9298,-159.238,117.245,6454775472077.29,12.80988114002865
352063,290,0,9.735988111174718,63.571,20.4949,0.0168789,63947.4,18667.0,49163.0,-4.7295,-239.498,90.7157,6454775472077.29,12.80988114002865
352064,290,0,10.121556839685715,78.8851,6.7852,0.0390579,63798.3,18730.7,48923.4,255.2,-67.0894,-172.006,6454775472077.29,12.80988114002865
352065,290,0,9.49688145933353,57.4719,15.0455,0.0151452,63805.5,18558.3,48928.6,-253.599,-368.279,-137.91,6454775472077.29,12.80988114002865
352066,290,0,9.865529546508112,74.9559,5.3537,0.0165554,63902.6,18815.9,48933.6,312.677,115.891,-218.339,6454775472077.29,12.80988114002865
352067,290,0,8.932178269770386,38.3927,10.3018,0.0152373,63649.0,18598.3,48709.9,188.372,-43.5628,-70.3253,6454775472077.29,12.80988114002865
352068,290,0,9.530903413817965,42.6074,3.5135,0.0,63801.7,18722.0,48867.8,-177.229,-246.632,-287.068,6454775472077.29,12.80988114002865
352069,290,0,8.418206336496473,36.502,9.048,0.00884789,63906.5,18780.6,48567.6,127.263,-87.7752,-181.303,6454775472077.29,12.80988114002865
352070,290,0,7.989815942334984,30.1925,10.2664,0.00173878,64053.5,18964.2,49168.6,-199.541,-428.173,-270.303,6454775472077.29,12.80988114002865
370529,362,1,11.072119917067768,172.775,115.543,0.00452603,16909.2,21367.3,32521.3,-158.501,52.5297,-32.3688,6436948322918.974,12.80868002254186
370530,362,0,9.438462230629428,51.4177,7.3134,0.0142907,16974.4,21209.9,32673.2,-64.3507,75.2064,127.49,6436948322918.974,12.80868002254186
370531,362,0,8.554921901318163,37.1341,11.2934,0.0113131,17061.7,21676.6,32649.7,-82.1656,-22.9563,-218.577,6436948322918.974,12.80868002254186
370532,362,0,8.196830523596281,40.7458,9.4571,0.00603901,16947.6,21238.7,32438.3,-599.764,56.421,162.2,6436948322918.974,12.80868002254186
370533,362,0,8.857788164639926,33.9245,4.2827,0.0156863,16974.3,21407.5,32696.7,-250.445,145.571,-29.1965,6436948322918.974,12.80868002254186
370534,362,0,8.60665169382121,36.7932,4.7576,0.0,16863.0,21368.0,32601.8,-325.502,-270.289,-217.939,6436948322918.974,12.80868002254186
370535,362,0,7.363946565413313,27.5969,9.1304,0.0,16848.0,21598.7,32299.1,-181.605,0.4941,223.559,6436948322918.974,12.80868002254186
370536,362,0,7.911015201756652,25.4947,8.4965,0.0,16859.1,21072.9,32652.7,-282.588,24.3548,144.718,6436948322918.974,12.80868002254186
370537,362,0,8.309662850729568,27.4041,4.3587,0.0,17010.0,21601.3,32416.5,-253.119,160.038,-33.2109,6436948322918.974,12.80868002254186
370538,362,0,6.93927010247849,21.1596,7.3599,0.0,16578.3,21466.5,32442.0,-56.0618,-41.824,-140.375,6436948322918.974,12.80868002254186
357765,311,1,11.335984395254608,171.265,119.807,0.0191317,45917.6,37210.5,71523.9,-284.822,225.165,-418.232,6436019820874.16,12.808617372916585
357766,311,0,10.290783582040435,88.9005,22.6699,0.021217,46191.0,37245.0,71768.3,-300.618,38.9752,-270.003,6436019820874.16,12.808617372916585
357767,311,0,9.272660917879845,47.434,24.2844,0.0100461,45926.8,37269.9,72028.3,-76.5603,223.891,-536.034,6436019820874.16,12.808617372916585
357768,311,0,9.312588078647215,49.7549,11.9664,0.0145879,45755.8,37338.4,71470.4,-343.528,258.365,-152.131,6436019820874.16,12.808617372916585
357769,311,0,9.378969971465823,46.1233,4.7079,0.0,45889.1,37234.5,71440.7,12.073,202.417,-510.39,6436019820874.16,12.808617372916585
357770,311,0,9.036469057439964,38.5596,4.1076,0.0,45854.6,37356.0,71495.0,-300.97,300.718,-241.221,6436019820874.16,12.808617372916585
357771,311,0,8.377515532669767,33.6541,7.7614,0.0,45816.5,37046.9,71561.5,-156.438,269.159,-744.834,6436019820874.16,12.808617372916585
357772,311,0,7.1643510992885675,26.5371,7.2247,0.0,45660.4,37363.4,71377.7,-167.909,62.5536,-625.902,6436019820874.16,12.808617372916585
357773,311,0,6.580774513654618,22.4592,10.2628,0.0,46178.5,37200.0,71381.1,-336.226,407.766,-42.7237,6436019820874.16,12.808617372916585
357774,311,0,8.789249201723878,27.5304,3.1069,0.00982114,45944.3,37238.1,71615.3,-212.173,376.231,-718.071,6436019820874.16,12.808617372916585
354986,301,1,10.996770886335517,159.684,132.61,0.0054032,27472.8,73278.3,66647.2,53.2215,102.295,176.896,6427702046369.852,12.808055737005974
354987,301,0,10.014789180292427,70.2295,40.7237,0.028583,27469.0,72765.2,66710.9,109.547,310.192,94.6694,6427702046369.852,12.808055737005974
354988,301,0,10.398337321088203,99.1323,7.5921,0.0159767,27467.9,73147.7,66527.0,87.4824,189.465,193.227,6427702046369.852,12.808055737005974
354989,301,0,10.13772040442722,76.4502,5.4283,0.0220511,27496.2,73295.3,66714.6,55.9832,-63.7248,-54.9875,6427702046369.852,12.808055737005974
354990,301,0,9.410606649592335,52.8963,6.9334,0.0151644,27396.1,73315.1,66765.4,299.981,-58.4923,23.9563,6427702046369.852,12.808055737005974
354991,301,0,9.333537408654557,50.1006,7.2652,0.0190856,27662.0,73091.7,66560.0,17.3489,219.539,207.973,6427702046369.852,12.808055737005974
354992,301,0,9.516445783547491,50.0758,4.0381,0.0236675,27450.2,73245.5,66698.3,199.744,-152.148,231.067,6427702046369.852,12.808055737005974
354993,301,0,8.495388228595628,37.1415,5.9845,0.00450842,27594.6,73165.8,66623.5,-191.161,196.793,-23.0457,6427702046369.852,12.808055737005974
354994,301,0,9.114800619710755,44.4944,3.8324,0.0,27494.5,73263.5,66574.1,340.171,208.762,60.5288,6427702046369.852,12.808055737005974
354995,301,0,7.53351816230712,28.0792,6.6585,0.0,27360.3,73546.5,66671.0,68.0489,141.743,465.562,6427702046369.852,12.808055737005974
351071,287,1,10.887790999067128,164.639,142.672,0.0044149,6665.87,16900.6,22062.2,-298.854,277.621,196.479,6420904294135.896,12.807596196650893
351072,287,0,10.321124960707618,102.542,27.1796,0.0108782,6450.65,16752.1,21969.5,-192.565,143.768,479.534,6420904294135.896,12.807596196650893
351073,287,0,9.759462637913902,62.0957,17.9032,0.0268523,6894.95,16783.4,22271.2,-291.472,440.169,99.7406,6420904294135.896,12.807596196650893
351074,287,0,9.511091596611793,55.3284,15.7993,0.011002,6769.33,16654.6,22033.9,-311.262,80.261,272.227,6420904294135.896,12.807596196650893
351075,287,0,9.608841110122224,61.3794,12.9495,0.0104076,6633.98,17027.5,21993.8,-87.7732,-98.5888,240.276,6420904294135.896,12.807596196650893
351076,287,0,8.370770390005331,41.6667,12.9025,0.00550322,6417.08,16661.0,21861.5,-494.357,377.902,412.306,6420904294135.896,12.807596196650893
351077,287,0,8.612746326140336,40.8274,11.8363,0.00570893,6302.3,17056.1,22022.7,-307.381,385.263,85.6964,6420904294135.896,12.807596196650893
351078,287,0,8.671062649104396,45.6865,7.3076,0.00589376,6484.55,16819.8,21938.4,-123.846,184.689,229.121,6420904294135.896,12.807596196650893
351079,287,0,9.44837673692721,48.8731,3.345,0.0173252,6693.99,16939.3,22096.4,-279.843,515.701,175.21,6420904294135.896,12.807596196650893
351080,287,0,8.248082641372108,34.9046,10.6725,0.00626712,6627.47,16736.7,22008.4,-480.448,153.75,530.981,6420904294135.896,12.807596196650893
359639,318,1,11.296450783183964,167.63,123.969,0.0122352,58213.1,11337.8,41323.5,-5.4131,-257.45,-371.512,6407487642318.055,12.80668777726311
359640,318,0,10.118578483052813,74.2304,23.035,0.0261639,58147.1,11016.4,41044.6,-88.3779,-252.446,-253.739,6407487642318.055,12.80668777726311
359641,318,0,9.942556505027712,65.0283,7.6145,0.0398868,58256.4,11324.5,41490.7,181.909,-390.074,-322.601,6407487642318.055,12.80668777726311
359642,318,0,10.034583345029626,75.4496,1.6364,0.0187264,58231.7,11358.6,41355.4,7.9952,-239.624,-177.908,6407487642318.055,12.80668777726311
359643,318,0,8.594411799853168,42.3859,19.8214,0.00469776,58121.3,11670.5,41187.9,-113.286,-493.48,-180.371,6407487642318.055,12.80668777726311
359644,318,0,9.453675775170536,38.0102,5.0752,0.0,58253.3,11476.7,41231.9,169.512,-128.684,-455.025,6407487642318.055,12.80668777726311
359645,318,0,9.213066974792643,39.9575,4.3661,0.0,58273.6,11172.6,41385.7,76.5499,-255.83,-439.472,6407487642318.055,12.80668777726311
359646,318,0,9.163405953144256,24.1579,0.4503,0.035692,58196.0,11313.3,41326.8,-31.3612,-359.438,-641.017,6407487642318.055,12.80668777726311
359647,318,0,8.58907752872899,31.6297,5.8927,0.0,58243.4,11162.0,41224.3,29.4069,-134.316,-141.107,6407487642318.055,12.80668777726311
359648,318,0,9.20183399492468,20.4622,0.3004,0.0,58228.4,11279.0,41202.5,24.6447,-129.4,-365.865,6407487642318.055,12.80668777726311
362370,329,1,11.359648985657358,170.074,117.51,0.0140826,39783.7,48240.0,52078.3,-220.525,-117.154,-67.7484,6343956207644.81,12.802360176383342
362371,329,0,10.174047697994627,90.6208,7.5308,0.0179514,39794.3,48280.0,51999.1,-241.175,178.901,-90.0274,6343956207644.81,12.802360176383342
362372,329,0,9.895794008168865,72.5323,1.3761,0.0307009,39781.6,48237.5,52065.0,-358.986,92.0433,-168.05,6343956207644.81,12.802360176383342
362373,329,0,9.559131998941847,52.3731,5.4868,0.018117,39709.0,48355.8,52133.1,-288.582,-56.8135,-224.268,6343956207644.81,12.802360176383342
362374,329,0,9.424383881174887,46.9895,7.1867,0.0222379,39661.4,48276.9,52201.2,-306.432,-264.981,201.255,6343956207644.81,12.802360176383342
362375,329,0,9.131415200875317,42.3921,10.2724,0.0138886,39882.9,48181.8,52376.7,-304.898,7.3583,47.1188,6343956207644.81,12.802360176383342
362376,329,0,8.522840276394897,37.9978,14.9658,0.00897698,40103.7,48354.0,52085.0,-440.894,2.5275,-213.739,6343956207644.81,12.802360176383342
362377,329,0,8.301958625693388,35.0981,13.1287,0.00536417,39619.5,48057.5,52347.0,-48.781,-309.018,-130.252,6343956207644.81,12.802360176383342
362378,329,0,8.365524460858998,36.8256,12.9456,0.0104429,39969.8,48171.0,51945.5,-428.549,61.752,-194.403,6343956207644.81,12.802360176383342
362379,329,0,7.745035123372035,32.2694,11.0892,0.0,39549.2,48241.6,52294.5,-87.3536,161.977,-116.105,6343956207644.81,12.802360176383342
378115,396,1,10.732150303564868,146.166,105.705,0.00792247,3887.42,22814.1,18676.1,35.1256,259.341,350.59,6336308342184.963,12.80183630305921
378116,396,0,10.582431095760748,151.533,21.8159,0.0,3781.8,22751.4,18785.4,-349.729,207.795,358.097,6336308342184.963,12.80183630305921
378117,396,0,9.854055798537061,64.096,3.9332,0.0211671,3904.29,22839.3,18632.1,-81.5501,231.961,498.093,6336308342184.963,12.80183630305921
378118,396,0,8.54851472217902,39.7191,14.3407,0.00391507,3734.73,22483.4,18619.9,-324.938,255.86,719.82,6336308342184.963,12.80183630305921
378119,396,0,9.411907369047746,49.2523,5.3869,0.0253816,3841.58,22834.7,18723.3,276.186,341.836,341.101,6336308342184.963,12.80183630305921
378120,396,0,8.512583096943512,39.8961,5.5047,0.0,3746.31,22770.1,18864.8,-519.822,-62.8522,472.854,6336308342184.963,12.80183630305921
378121,396,0,8.546005393538998,39.7784,4.345,0.007004,3848.55,22760.4,18696.2,211.356,-29.3306,202.546,6336308342184.963,12.80183630305921
378122,396,0,8.741491922140334,35.4461,5.5465,0.00878286,3809.05,22672.7,18770.2,-525.276,115.824,379.967,6336308342184.963,12.80183630305921
378123,396,0,7.562203274108167,30.7614,6.064,0.0,3867.12,22820.8,18524.5,-90.0012,98.8513,274.733,6336308342184.963,12.80183630305921
378124,396,0,7.682372407759328,27.0177,7.4037,0.0,3859.59,23037.0,18662.5,-159.441,2.4017,515.356,6336308342184.963,12.80183630305921
354483,299,1,10.983950919852589,177.456,128.538,0.0100802,29156.2,71912.5,71192.7,-154.922,239.258,-55.6682,6314269370796.197,12.800323105233579
354484,299,0,10.342198230939156,92.4854,27.9361,0.00722857,28959.6,71623.7,71473.4,-15.1985,307.89,-276.432,6314269370796.197,12.800323105233579
354485,299,0,10.651779743687452,114.402,12.9141,0.0135673,29060.5,71943.1,71269.2,-415.452,200.08,82.0094,6314269370796.197,12.800323105233579
354486,299,0,9.8695893865113,73.9525,24.9607,0.0136981,28955.6,71784.2,71800.5,-49.4447,279.797,-75.487,6314269370796.197,12.800323105233579
354487,299,0,10.008271316304501,66.6088,19.0802,0.0152654,29102.3,71579.2,71336.9,-67.8004,467.576,-91.7152,6314269370796.197,12.800323105233579
354488,299,0,8.98954676306185,44.8672,26.2184,0.0088111,28749.1,71767.1,71970.2,39.4512,407.615,-9.5331,6314269370796.197,12.800323105233579
354489,299,0,9.424740856709946,53.7739,4.4728,0.0111968,29048.8,71966.0,71238.1,-114.367,51.2278,-10.7421,6314269370796.197,12.800323105233579
354490,299,0,8.389105893446706,39.8317,8.4882,0.00515888,28952.7,72050.4,71292.8,-332.655,107.535,-92.7122,6314269370796.197,12.800323105233579
354491,299,0,9.711412418679222,46.8403,0.4282,0.047175,29065.4,71938.0,71269.4,-525.327,98.6554,109.277,6314269370796.197,12.800323105233579
354492,299,0,8.715833166993747,39.4827,8.9727,0.00997831,28916.5,71958.1,70974.3,-139.981,157.337,89.0947,6314269370796.197,12.800323105233579
318210,193,1,11.272585627666722,172.457,159.675,0.0185922,47784.2,74834.9,34798.8,56.5775,-1.4571,271.72,6297843759658.944,12.79919188221992
318211,193,0,10.995562010122903,134.464,51.2733,0.0179256,47299.7,74779.5,34857.6,260.8,-64.5724,212.456,6297843759658.944,12.79919188221992
318212,193,0,10.56252992620686,92.2931,96.0632,0.0293452,48424.6,74991.4,34716.7,-136.764,22.9239,209.895,6297843759658.944,12.79919188221992
318213,193,0,10.714355502784707,130.762,4.2314,0.0108096,47773.4,74857.8,34817.5,-275.438,208.814,174.657,6297843759658.944,12.79919188221992
318214,193,0,10.116884983860983,83.4079,15.857,0.0184311,48316.1,170.128,34538.6,-168.349,-19.8827,297.97,6297843759658.944,12.79919188221992
318215,193,0,9.53363450911476,58.0286,24.4513,0.0158899,47936.3,99.14,34984.7,-159.915,-124.886,251.248,6297843759658.944,12.79919188221992
318216,193,0,9.631898605903046,48.7409,16.6793,0.014739,47659.3,74348.3,34935.4,252.283,74.4987,174.023,6297843759658.944,12.79919188221992
318217,193,0,9.182847129638674,52.2472,21.088,0.0122979,48616.5,74936.0,34611.7,-50.2551,292.423,62.7876,6297843759658.944,12.79919188221992
318218,193,0,9.448358470168069,50.17,9.094,0.0120257,47688.4,74471.0,34904.7,271.122,74.8224,160.207,6297843759658.944,12.79919188221992
318219,193,0,9.797860401770947,44.1235,0.4204,0.0518798,47304.5,74790.2,34873.9,450.625,-184.155,236.079,6297843759658.944,12.79919188221992
363981,336,1,11.341015769443212,177.521,117.711,0.0173938,35087.7,20167.1,16255.5,-120.14,-20.8954,1.5541,6257911864585.64,12.796429442320296
363982,336,0,9.672520518382253,65.277,28.674,0.0188686,35339.4,20403.9,15893.6,-306.201,-2.2421,177.913,6257911864585.64,12.796429442320296
363983,336,0,7.848400953105248,35.0238,18.1673,0.00406397,35432.4,20312.7,15759.3,-203.525,123.547,232.577,6257911864585.64,12.796429442320296
363984,336,0,7.8638477340228725,35.3709,16.0243,0.002577,35562.9,20330.0,15727.6,-360.551,49.8178,129.053,6257911864585.64,12.796429442320296
363985,336,0,8.3721876947061,36.8716,14.2287,0.00723209,35237.6,20148.7,16459.3,14.7756,68.0422,-306.019,6257911864585.64,12.796429442320296
363986,336,0,9.055831619197605,36.2006,7.7332,0.0148825,35347.1,20381.6,16043.5,-94.0398,-43.5822,-61.7584,6257911864585.64,12.796429442320296
363987,336,0,8.417348845632246,32.2941,6.9963,0.0,35166.9,20151.3,16415.0,113.937,125.473,-10.0143,6257911864585.64,12.796429442320296
363988,336,0,9.060480362709393,30.159,4.9739,0.0,35030.0,20096.8,16257.9,-405.282,-271.246,8.6579,6257911864585.64,12.796429442320296
363989,336,0,7.613668014025431,24.4,10.6549,0.0,35351.3,20389.2,15736.8,-168.583,-41.7286,-6.3028,6257911864585.64,12.796429442320296
363990,336,0,7.714585637156739,26.6442,6.3177,0.0,35081.1,19925.6,16382.8,-118.188,104.243,-167.49,6257911864585.64,12.796429442320296
353973,297,1,11.230799510018565,157.543,139.832,0.0106965,12290.6,56497.2,72218.3,295.243,5.2388,-345.833,6247334780156.665,12.795694779401916
353974,297,0,9.985651967673835,74.397,19.7956,0.0161679,11900.5,56582.1,72218.8,209.296,-69.5013,-534.109,6247334780156.665,12.795694779401916
353975,297,0,10.18251455788852,84.8918,3.2894,0.0188186,12323.5,56493.9,72170.9,305.336,-152.966,-68.2627,6247334780156.665,12.795694779401916
353976,297,0,9.811076863144494,61.9446,10.4545,0.0157972,12388.5,56492.7,72307.0,1.7695,190.014,-272.931,6247334780156.665,12.795694779401916
353977,297,0,9.824507454420468,55.1423,5.2529,0.0383849,12388.7,56538.4,72180.4,200.894,96.4502,-318.429,6247334780156.665,12.795694779401916
353978,297,0,9.441896583674055,53.3951,5.5691,0.0167855,12354.5,56495.3,72125.5,552.379,19.2446,-173.105,6247334780156.665,12.795694779401916
353979,297,0,9.410080780273958,58.1389,5.697,0.0158282,12204.3,56483.9,72250.9,-29.4174,273.393,-572.447,6247334780156.665,12.795694779401916
353980,297,0,8.041544196109209,35.1564,15.5981,0.00535589,12433.0,56255.8,72279.3,199.113,-179.815,-647.739,6247334780156.665,12.795694779401916
353981,297,0,7.166541192088702,25.6394,19.3417,0.00122683,12082.9,56370.3,72640.6,380.886,-122.37,-595.062,6247334780156.665,12.795694779401916
353982,297,0,8.408404221168112,34.9127,7.2606,0.0,12087.5,56781.6,72440.8,358.079,-63.8379,-417.664,6247334780156.665,12.795694779401916
366792,347,1,11.022875524340803,188.896,114.85,0.0163067,21217.2,13496.0,64616.5,-33.0835,-97.3776,-10.8173,6224385777651.683,12.794096501705491
366793,347,0,10.52337084630041,126.037,4.7155,0.0053578,21190.1,13446.8,64638.1,-307.52,-110.377,-260.759,6224385777651.683,12.794096501705491
366794,347,0,8.771670568987968,50.3226,15.1102,0.0079926,21385.7,13424.7,64800.3,-406.718,-70.5288,54.1903,6224385777651.683,12.794096501705491
366795,347,0,8.818460452787686,47.1019,22.9018,0.00862246,21147.6,13193.8,64711.2,163.524,208.281,-94.7879,6224385777651.683,12.794096501705491
366796,347,0,8.395213118118502,40.4937,24.6979,0.00573625,21420.3,13732.3,64920.8,-108.96,-241.807,-239.458,6224385777651.683,12.794096501705491
366797,347,0,9.012530873097438,45.7993,7.07,0.00975493,21135.9,13524.1,64573.8,-105.132,-501.088,-38.3043,6224385777651.683,12.794096501705491
366798,347,0,8.336590301733425,40.6016,10.9708,0.00718729,21104.8,13618.9,64548.1,91.8794,181.828,-149.567,6224385777651.683,12.794096501705491
366799,347,0,9.64396381424576,38.7394,0.3231,0.0,21213.5,13496.1,64613.4,200.333,121.791,97.4096,6224385777651.683,12.794096501705491
366800,347,0,8.225068031607536,37.6587,9.5385,0.00484378,21446.0,13381.7,64763.6,100.452,160.617,14.1878,6224385777651.683,12.794096501705491
366801,347,0,8.064079785050932,31.6416,10.5361,0.00166692,20871.0,13592.5,64398.1,-56.2868,-32.2729,105.889,6224385777651.683,12.794096501705491
364263,337,1,11.18346108646231,171.251,153.061,0.0107371,12680.1,22623.0,2414.84,-45.0077,88.7728,77.9195,6217005515401.259,12.793581252651615
364264,337,0,10.624727453209353,133.304,2.2027,0.0096371,12678.1,22617.4,2440.57,-98.318,76.3306,148.156,6217005515401.259,12.793581252651615
364265,337,0,9.803669359072858,71.6929,5.4923,0.0188256,12664.7,22648.6,2364.47,149.24,57.5498,-98.9671,6217005515401.259,12.793581252651615
364266,337,0,9.604302916852674,50.4054,2.3612,0.0350183,12652.9,22590.0,2314.31,117.393,56.8949,220.376,6217005515401.259,12.793581252651615
364267,337,0,8.300773472040515,39.0929,11.5039,0.00412023,12611.9,22671.8,2280.79,277.229,-182.615,91.8668,6217005515401.259,12.793581252651615
364268,337,0,9.535078740146465,44.8019,2.7319,0.0,12643.3,22618.4,2354.73,-177.677,262.459,335.357,6217005515401.259,12.793581252651615
364269,337,0,9.159680129275692,41.5794,4.4001,0.0,12483.3,22504.5,2289.37,-54.4066,86.8076,-0.0478,6217005515401.259,12.793581252651615
364270,337,0,9.456710218333724,26.8592,0.2633,0.0703901,12691.1,22613.6,2386.01,112.182,7.0036,46.4178,6217005515401.259,12.793581252651615
364271,337,0,6.4680078841010955,24.1422,9.2241,0.0,12908.8,22768.4,2412.19,-139.152,45.4391,353.762,6217005515401.259,12.793581252651615
364272,337,0,7.527850907265199,27.7894,6.2432,0.0,12647.5,22641.7,2245.22,-349.457,-60.2308,-65.6467,6217005515401.259,12.793581252651615
369789,359,1,11.262860092599547,171.558,110.437,0.0195182,37880.0,67155.5,38465.6,336.364,162.097,390.552,6195927032299.509,12.792106294552585
369790,359,0,9.017762616761171,47.5808,15.1394,0.00761233,37880.5,67086.5,38786.9,572.11,213.499,214.214,6195927032299.509,12.792106294552585
369791,359,0,9.556827545233494,48.7003,6.91,0.0213866,37760.0,67169.3,38284.7,254.612,56.9332,415.099,6195927032299.509,12.792106294552585
369792,359,0,8.63791555506185,42.8561,10.248,0.00631733,37859.3,67109.0,38730.1,643.587,273.396,235.488,6195927032299.509,12.792106294552585
369793,359,0,8.52153030269191,37.6185,12.6507,0.0106381,38045.0,67295.1,38306.7,572.619,37.5665,259.682,6195927032299.509,12.792106294552585
369794,359,0,9.50338331070825,32.5609,0.288,0.0641922,37878.8,67171.6,38456.6,472.602,256.177,603.115,6195927032299.509,12.792106294552585
369795,359,0,9.425297442250505,25.968,0.2305,0.0498377,37880.1,67136.5,38473.9,172.977,22.6578,182.114,6195927032299.509,12.792106294552585
369796,359,0,7.918813839786289,34.8453,8.0309,0.0,37844.0,67065.3,38663.2,672.385,216.951,328.975,6195927032299.509,12.792106294552585
369797,359,0,8.935656884228868,39.4471,4.5428,0.00832825,37826.1,67088.6,38706.2,430.084,138.513,298.868,6195927032299.509,12.792106294552585
369798,359,0,8.033547212841977,27.3529,8.8387,0.0,37808.9,66854.2,38626.8,457.28,192.592,542.808,6195927032299.509,12.792106294552585
356176,305,1,11.301545790602813,163.261,125.095,0.0138223,19873.3,641.963,12341.2,-372.512,184.27,-256.498,6171341325316.698,12.790379567092101
356177,305,0,10.42909731995207,89.3604,10.4514,0.0401397,19911.0,472.522,12377.4,-344.08,132.136,-252.445,6171341325316.698,12.790379567092101
356178,305,0,10.015699119177754,65.8417,19.3792,0.0240789,20036.4,606.958,12710.8,-256.284,209.427,-337.376,6171341325316.698,12.790379567092101
356179,305,0,9.549174193635553,53.2442,7.2015,0.0253889,19929.9,622.515,12484.7,-594.16,266.958,-331.025,6171341325316.698,12.790379567092101
356180,305,0,8.901805850982726,41.3194,13.9692,0.0142565,19619.8,593.973,12405.6,-264.899,155.389,7.42,6171341325316.698,12.790379567092101
356181,305,0,9.70688199884643,41.9911,0.3241,0.0281863,19857.0,650.29,12327.0,-296.939,270.301,-317.153,6171341325316.698,12.790379567092101
356182,305,0,9.452195834162952,47.7146,3.0936,0.0,19813.9,621.832,12413.2,-412.732,186.187,-231.546,6171341325316.698,12.790379567092101
356183,305,0,7.453811090479904,30.4154,17.4317,0.00189324,19665.1,466.098,12126.1,-55.2418,79.9056,-303.711,6171341325316.698,12.790379567092101
356184,305,0,8.210152500114878,29.6491,15.4364,0.0,20205.1,913.51,12382.4,-329.26,272.384,-436.392,6171341325316.698,12.790379567092101
356185,305,0,8.921441475632326,27.9374,1.6889,0.0168811,19858.2,654.123,12311.2,-215.418,290.082,-292.052,6171341325316.698,12.790379567092101
349624,282,1,11.079955775546583,165.15,142.097,0.015002,13728.1,43718.2,32218.8,48.7672,-219.403,54.8775,6160927776182.37,12.78964611764111
349625,282,0,10.477044313540986,100.004,16.225,0.0140277,13963.9,43861.6,32147.7,179.282,-201.504,66.9316,6160927776182.37,12.78964611764111
349626,282,0,10.583031012606172,109.451,9.5097,0.0111723,13663.1,43687.1,32162.4,63.3039,-225.328,-46.7337,6160927776182.37,12.78964611764111
349627,282,0,9.313921992190162,65.4805,26.8485,0.00709859,13521.1,43897.3,31980.2,154.827,-493.601,356.633,6160927776182.37,12.78964611764111
349628,282,0,9.863580110040184,68.6551,13.9528,0.0187996,13567.1,43868.1,32337.7,2.6497,2.1124,-58.072,6160927776182.37,12.78964611764111
349629,282,0,8.070176980939468,33.1194,9.4421,0.006437,13946.7,44063.2,32078.1,376.171,57.122,121.102,6160927776182.37,12.78964611764111
349630,282,0,8.61621976595787,38.5368,6.4583,0.00507086,13667.6,43752.1,32190.4,-78.0423,-296.559,-395.338,6160927776182.37,12.78964611764111
349631,282,0,8.657874696880553,33.4143,7.3866,0.0144282,13896.3,43865.1,32156.6,246.953,78.0418,107.487,6160927776182.37,12.78964611764111
349632,282,0,8.55210790770643,41.539,2.9242,0.00603755,13506.8,43882.5,31965.5,35.0861,-455.326,323.901,6160927776182.37,12.78964611764111
349633,282,0,9.220727909522331,29.3342,2.4185,0.0,13644.5,43676.7,32261.1,-236.983,-257.673,-23.8407,6160927776182.37,12.78964611764111
372175,369,1,11.198794216224991,165.634,115.039,0.0157271,27241.9,62092.9,28413.3,62.6393,-93.7696,225.197,6154305723025.309,12.789179066582381
372176,369,0,10.056392215530112,88.9058,11.5085,0.0163605,27280.6,62132.3,28289.9,30.1049,259.999,266.951,6154305723025.309,12.789179066582381
372177,369,0,9.409184588803923,51.7873,15.0612,0.0167371,26868.4,61976.0,28267.0,132.357,-58.5816,385.945,6154305723025.309,12.789179066582381
372178,369,0,9.164662766076914,46.4925,4.9218,0.0211203,27097.3,61985.8,28254.9,-2.1722,-58.6533,276.914,6154305723025.309,12.789179066582381
372179,369,0,9.509404537212705,47.132,0.6961,0.0340486,27226.3,62080.8,28417.7,221.442,-319.207,148.818,6154305723025.309,12.789179066582381
372180,369,0,9.490517076815037,29.401,0.2661,0.0544978,27223.5,62090.0,28420.2,72.3804,-385.434,198.326,6154305723025.309,12.789179066582381
372181,369,0,9.36030948417185,24.417,0.2502,0.0395248,27223.6,62067.0,28423.5,292.695,-278.85,174.311,6154305723025.309,12.789179066582381
372182,369,0,6.938532133767527,27.5848,13.8645,0.0,27329.1,61920.8,28089.0,-23.2249,-136.185,-92.8173,6154305723025.309,12.789179066582381
372183,369,0,9.049310746155637,19.2347,0.3736,0.0467584,27232.9,62128.3,28416.6,-186.351,-207.315,266.506,6154305723025.309,12.789179066582381
372184,369,0,7.887157975958406,23.5915,6.5487,0.0,27465.6,62234.2,28544.3,190.714,-157.115,324.826,6154305723025.309,12.789179066582381
352816,293,1,11.220855160615603,152.37,153.408,0.0161253,47735.0,30973.2,29754.5,81.7639,195.976,-76.3459,6143128108161.722,12.788389572146455
352817,293,0,9.940880417809764,78.9174,20.0491,0.023302,47844.7,31086.1,29907.3,-236.49,-63.7744,-380.685,6143128108161.722,12.788389572146455
352818,293,0,10.085294371197733,72.5338,15.6556,0.0234466,47676.3,30870.0,29946.0,217.73,41.1565,-213.203,6143128108161.722,12.788389572146455
352819,293,0,9.570855114993424,61.0051,13.5123,0.0220622,47848.1,30769.7,29916.4,184.09,264.799,-205.306,6143128108161.722,12.788389572146455
352820,293,0,9.235965083317222,50.8788,13.4783,0.00587019,47649.8,31102.0,29573.7,-195.549,83.3879,-170.795,6143128108161.722,12.788389572146455
352821,293,0,9.171385684682985,48.0286,13.2863,0.0116531,47788.3,31274.5,29866.0,-8.1856,156.87,50.6186,6143128108161.722,12.788389572146455
352822,293,0,9.306163752060511,48.1938,7.7708,0.016753,47733.0,31037.8,29598.2,41.0123,304.422,141.133,6143128108161.722,12.788389572146455
352823,293,0,8.064356282470282,35.9418,14.7888,0.0,47905.3,31028.3,29453.6,-189.796,161.426,-88.1785,6143128108161.722,12.788389572146455
352824,293,0,8.221617885174718,32.8281,11.2001,0.00600513,47465.0,31060.1,29985.9,95.377,305.414,-336.361,6143128108161.722,12.788389572146455
352825,293,0,8.940095141432995,36.0476,9.1406,0.0,47915.2,30951.9,29526.8,87.2878,132.191,72.4826,6143128108161.722,12.788389572146455
376356,388,1,11.168448505131916,163.097,135.64,0.00771376,24637.9,52788.9,12811.9,-90.848,29.6427,-65.8986,6135871285775.576,12.787876240695859
376357,388,0,9.545930618789116,48.8984,7.9846,0.0230051,24449.3,52777.8,12761.2,-76.5571,44.7278,-234.057,6135871285775.576,12.787876240695859
376358,388,0,9.478420781493208,51.3063,4.826,0.0128933,24635.2,52747.8,12861.9,113.534,-255.446,-394.147,6135871285775.576,12.787876240695859
376359,388,0,8.644898614439514,45.734,6.8007,0.00712382,24716.4,52832.4,12740.1,-52.0272,-370.389,223.626,6135871285775.576,12.787876240695859
376360,388,0,8.276025352170043,30.6044,7.0868,0.0,24493.3,52789.2,13055.6,-3.1197,179.135,-114.522,6135871285775.576,12.787876240695859
376361,388,0,6.87244618581005,25.967,9.5785,0.0006819,24578.9,52887.4,12608.7,115.372,-291.039,-14.4122,6135871285775.576,12.787876240695859
376362,388,0,8.131476780420973,26.7451,5.227,0.0,24529.4,52855.8,12896.7,-360.994,25.163,112.651,6135871285775.576,12.787876240695859
376363,388,0,6.04996839997218,20.3063,10.4054,0.0,24793.9,52548.1,13154.6,-225.001,-149.973,99.8096,6135871285775.576,12.787876240695859
376364,388,0,6.88682531069365,23.3286,8.2398,0.0,24571.9,52754.3,12993.2,-378.926,-122.684,155.579,6135871285775.576,12.787876240695859
376365,388,0,7.684631249073765,26.1525,2.5416,0.0,24708.4,52852.7,12850.1,-212.633,74.7813,76.1221,6135871285775.576,12.787876240695859
352359,291,1,11.380176513006235,164.699,134.172,0.0178699,68161.4,27558.0,20423.1,409.318,-282.612,-79.9645,6133113711289.259,12.787681016819834
352360,291,0,10.50390000130834,130.899,1.2932,0.0,68168.7,27551.2,20419.0,356.246,-426.181,-89.3369,6133113711289.259,12.787681016819834
352361,291,0,9.66867006261936,63.8797,13.4252,0.0162445,68324.5,27348.2,20639.6,258.18,-257.723,90.0282,6133113711289.259,12.787681016819834
352362,291,0,9.591293048570295,55.7846,6.3025,0.0264902,68256.9,27262.3,20420.0,195.449,-233.858,-87.7483,6133113711289.259,12.787681016819834
352363,291,0,8.44531778801053,38.594,16.1923,0.00602993,67739.7,27854.3,20436.6,569.369,-311.317,-213.688,6133113711289.259,12.787681016819834
352364,291,0,7.592400681628196,29.7125,15.1959,0.00322144,68273.4,27899.7,20114.6,265.277,-596.706,-225.574,6133113711289.259,12.787681016819834
352365,291,0,8.763580509052053,35.2346,6.2847,0.0,67853.6,27657.1,20396.8,434.541,-316.73,-176.14,6133113711289.259,12.787681016819834
352366,291,0,7.769037879765077,30.9147,9.9891,0.0,68556.9,27670.9,20283.3,330.863,-54.01,-113.727,6133113711289.259,12.787681016819834
352367,291,0,7.570555348472933,17.8057,5.5716,0.00634339,68242.8,27583.9,20394.3,383.972,-578.547,-105.067,6133113711289.259,12.787681016819834
352368,291,0,8.434656577730614,32.3485,5.7464,0.0,68271.0,27304.2,20433.6,177.341,-373.48,-174.344,6133113711289.259,12.787681016819834
377398,393,1,11.33975971484519,168.934,114.214,0.0136633,38761.3,65472.9,42015.1,86.8486,629.528,306.746,6093564750101.491,12.784871430296914
377399,393,0,8.173433179891552,29.719,15.8344,0.00521747,38888.7,65454.8,42235.1,2.7355,720.723,606.1,6093564750101.491,12.784871430296914
377400,393,0,7.802522252808395,34.9932,7.0364,0.0,38736.1,65403.7,42082.6,197.185,1054.88,450.798,6093564750101.491,12.784871430296914
377401,393,0,9.269045985704768,33.2605,0.9283,0.0,38778.3,65487.5,42033.0,293.741,641.077,467.284,6093564750101.491,12.784871430296914
377402,393,0,8.664060415507729,29.2146,3.3474,0.0,38782.2,65284.1,41878.0,145.795,701.38,441.409,6093564750101.491,12.784871430296914
377403,393,0,8.937304330371347,27.6306,0.8003,0.0,38788.6,65447.7,42014.6,295.366,880.494,57.1128,6093564750101.491,12.784871430296914
377404,393,0,,15.7129,6.0611,0.0,38897.9,65459.3,42307.8,-58.1749,699.287,461.946,6093564750101.491,12.784871430296914
377405,393,0,6.244701769083919,17.8533,5.6619,0.0,38617.1,65621.1,42028.8,-253.453,729.255,265.525,6093564750101.491,12.784871430296914
377406,393,0,,17.0099,4.9088,0.0,38942.4,65455.4,42193.6,249.917,370.989,396.751,6093564750101.491,12.784871430296914
377407,393,0,6.975334781675276,20.2307,3.1933,0.0,38899.9,65445.7,42257.7,66.2002,619.652,508.864,6093564750101.491,12.784871430296914
373951,377,1,10.944363903058669,158.754,139.513,0.00879047,73245.9,70949.9,4998.88,190.117,-100.932,-26.89,6070184609092.439,12.783201899228633
373952,377,0,10.326085389135724,110.993,16.2338,0.00685694,73303.5,70858.6,4910.71,378.451,4.5509,294.501,6070184609092.439,12.783201899228633
373953,377,0,8.92686960702423,40.6836,15.0147,0.00979078,73211.3,70977.9,4601.75,146.11,45.1283,15.4924,6070184609092.439,12.783201899228633
373954,377,0,9.540394505694964,45.477,2.4963,0.0210428,73262.2,70887.7,4954.28,270.282,-107.159,-123.7,6070184609092.439,12.783201899228633
373955,377,0,7.189930295884946,30.1674,14.9069,0.00090569,73341.0,70904.8,4597.03,251.06,-104.235,301.333,6070184609092.439,12.783201899228633
373956,377,0,7.838657641795732,30.2212,12.4163,0.00246059,73506.9,70956.4,4964.41,-96.1369,98.9791,-30.6771,6070184609092.439,12.783201899228633
373957,377,0,7.191583178876875,25.9733,15.5282,0.00075352,73203.6,71014.9,5525.35,378.775,-14.3325,-158.163,6070184609092.439,12.783201899228633
373958,377,0,8.068756466837511,29.1096,10.7599,0.0,72982.6,71051.4,5194.74,87.8879,-157.377,116.367,6070184609092.439,12.783201899228633
373959,377,0,8.158960458628215,30.2282,8.019,0.00473022,73104.6,71059.2,5233.59,89.6709,-170.751,-55.5096,6070184609092.439,12.783201899228633
373960,377,0,7.13857072004537,22.0502,12.528,0.0,73287.2,70841.1,5322.21,194.475,-99.499,191.687,6070184609092.439,12.783201899228633
367688,350,1,10.999747325350453,165.859,153.249,0.00651198,19676.7,34587.2,4060.9,-202.103,-51.5271,-35.1063,6035768313502.224,12.780732560775741
367689,350,0,10.752786526342497,135.575,4.5894,0.0124012,19661.8,34559.2,4066.35,-85.1916,273.027,-157.432,6035768313502.224,12.780732560775741
367690,350,0,9.849151094425618,72.569,14.6093,0.0314061,19760.5,34755.8,3990.88,-200.005,-3.5367,-405.438,6035768313502.224,12.780732560775741
367691,350,0,8.993872753495257,43.9159,23.897,0.0101235,19756.5,34983.7,3884.97,-374.448,-189.001,121.66,6035768313502.224,12.780732560775741
367692,350,0,8.466959074216675,40.7319,22.1192,0.00433323,19742.3,34246.0,4077.98,-228.038,144.205,-304.178,6035768313502.224,12.780732560775741
367693,350,0,9.049207718838556,41.3941,5.9356,0.018267,19680.8,34715.4,4039.97,-156.962,-2.3375,-344.421,6035768313502.224,12.780732560775741
367694,350,0,7.9853297981201905,31.6764,10.6904,0.00373895,19572.0,34827.5,3846.51,-51.665,221.113,-113.554,6035768313502.224,12.780732560775741
367695,350,0,9.180923957923522,29.6851,2.9371,0.0,19776.8,34303.9,4185.03,-265.723,-58.351,-52.9887,6035768313502.224,12.780732560775741
367696,350,0,8.226973002123488,31.4274,6.7876,0.00545078,19728.4,34651.7,3927.95,-175.783,-329.756,136.534,6035768313502.224,12.780732560775741
367697,350,0,8.382460013854182,31.9101,4.5072,0.0,19581.1,34697.9,4054.96,59.2285,23.8044,29.7751,6035768313502.224,12.780732560775741
370781,363,1,10.751597728142572,156.671,129.673,0.00624074,36995.0,38154.3,16803.0,-36.7838,-59.4257,-31.0728,6008198875785.402,12.778744299699625
370782,363,0,10.78047761563628,141.261,26.718,0.00721716,37177.5,38188.8,16841.8,-275.934,133.596,-0.4191,6008198875785.402,12.778744299699625
370783,363,0,9.023485145007673,53.1865,10.6174,0.0107621,36966.4,38100.7,16895.3,178.6,-301.357,-313.577,6008198875785.402,12.778744299699625
370784,363,0,9.66041281885446,57.3283,4.3341,0.0196468,36953.8,38089.3,16779.5,23.9754,-50.7377,-132.441,6008198875785.402,12.778744299699625
370785,363,0,8.551388042661944,33.6353,13.6878,0.00745524,37314.7,38134.4,17036.5,-289.475,39.5594,136.769,6008198875785.402,12.778744299699625
370786,363,0,9.245081154806043,43.2208,4.084,0.0207378,37056.0,38116.2,16797.3,-80.2535,-14.7951,147.01,6008198875785.402,12.778744299699625
370787,363,0,8.38526790500657,35.3139,8.5437,0.00473738,37340.9,38192.0,16742.8,-114.469,121.312,-130.297,6008198875785.402,12.778744299699625
370788,363,0,7.381608768731664,30.948,12.3115,0.0017979,37276.4,38049.3,16939.5,-336.639,-48.0747,-255.35,6008198875785.402,12.778744299699625
370789,363,0,8.305938770874754,31.8515,8.2757,0.00472387,37350.6,38340.3,16841.2,-342.543,79.4846,55.8887,6008198875785.402,12.778744299699625
370790,363,0,7.890305651441072,27.133,9.5462,0.00513391,37150.9,38231.1,17034.2,-122.491,-208.728,-164.804,6008198875785.402,12.778744299699625
369366,357,1,10.890427784747573,125.035,69.0989,0.0159252,17200.5,42088.9,37759.4,-6.831,-12.1726,-83.3343,6006665788711.895,12.778633468445422
369367,357,0,10.885113049172721,142.556,31.5198,0.0227248,17055.6,42028.3,37705.9,204.65,83.1789,282.055,6006665788711.895,12.778633468445422
369368,357,0,10.803256063980992,133.971,17.3484,0.0170693,17150.4,42184.3,37760.1,96.5836,27.694,224.865,6006665788711.895,12.778633468445422
369369,357,0,8.99474967677318,46.8503,10.7288,0.00885432,17126.6,41959.9,37769.5,223.301,37.4608,557.278,6006665788711.895,12.778633468445422
369370,357,0,9.420079566885317,26.0067,0.223,0.0484665,17052.8,42033.8,37718.1,14.126,86.083,233.623,6006665788711.895,12.778633468445422
369371,357,0,8.435974262600514,36.7417,6.2281,0.011928,17147.3,42116.4,37703.4,-31.9495,379.524,286.335,6006665788711.895,12.778633468445422
369372,357,0,9.269073589533125,23.9614,0.2959,0.0461248,17057.1,42033.8,37722.8,-41.5187,119.255,321.764,6006665788711.895,12.778633468445422
369373,357,0,9.191054940436256,23.3708,0.3143,0.0387234,17064.0,42028.3,37709.0,110.022,168.224,472.795,6006665788711.895,12.778633468445422
369374,357,0,9.144563637048716,21.2012,0.3058,0.0488136,17064.7,42030.4,37715.1,51.6874,160.448,421.245,6006665788711.895,12.778633468445422
369375,357,0,7.370278704898768,20.3168,8.793,0.0,16792.9,42348.4,37701.1,101.509,-16.1055,86.7229,6006665788711.895,12.778633468445422
368884,355,1,11.097539392728123,167.212,117.291,0.0145607,25412.4,52833.6,41681.9,-183.91,-10.2294,367.538,5995469702919.711,12.777823212688476
368885,355,0,9.340860789068344,60.91,14.71,0.0130683,25465.2,52633.6,41691.0,-226.039,-197.073,-21.8555,5995469702919.711,12.777823212688476
368886,355,0,9.886357485058719,57.3298,9.1019,0.0240593,25211.4,52779.8,41721.7,-217.471,-15.8179,359.646,5995469702919.711,12.777823212688476
368887,355,0,9.692682772021794,54.6748,5.6916,0.019762,25441.1,52886.4,41777.2,-123.325,-178.94,587.845,5995469702919.711,12.777823212688476
368888,355,0,8.863961753153813,44.6026,11.4831,0.00833101,25589.6,52987.8,41426.3,-231.025,-168.972,609.433,5995469702919.711,12.777823212688476
368889,355,0,8.152916367977554,30.3962,23.3468,0.00441114,25167.7,53092.4,41830.5,-101.301,8.0322,150.668,5995469702919.711,12.777823212688476
368890,355,0,9.68217786420995,31.701,0.1876,0.0458992,25407.6,52856.3,41682.7,-202.822,-66.7951,553.649,5995469702919.711,12.777823212688476
368891,355,0,8.866174801456017,36.8683,10.3199,0.00705881,25574.1,53039.3,41679.6,31.4016,8.3743,403.93,5995469702919.711,12.777823212688476
368892,355,0,8.381422336240327,38.1373,10.5533,0.00314258,25447.2,52531.4,41734.1,-310.819,164.683,134.12,5995469702919.711,12.777823212688476
368893,355,0,9.54956686416604,27.8437,0.21,0.0432462,25401.6,52856.5,41684.5,-144.453,22.3241,537.546,5995469702919.711,12.777823212688476
371259,365,1,11.197770788785602,170.966,108.287,0.0174273,5698.73,52289.5,27350.0,-6.4404,-145.437,228.12,5987813277761.247,12.777268248968559
371260,365,0,9.217192428353705,47.4156,14.0668,0.0124867,5338.15,52421.3,27359.9,-139.503,-163.351,359.951,5987813277761.247,12.777268248968559
371261,365,0,9.805479185965979,57.328,3.4863,0.0301837,5658.42,52229.7,27374.8,-142.507,-122.033,452.896,5987813277761.247,12.777268248968559
371262,365,0,9.16486895774446,44.9271,11.6188,0.0205406,5509.48,52351.4,27281.8,-204.297,-90.7025,23.9845,5987813277761.247,12.777268248968559
371263,365,0,9.797754191831704,39.6862,0.2305,0.0520182,5708.03,52276.3,27342.7,-239.387,-339.625,279.439,5987813277761.247,12.777268248968559
371264,365,0,8.542655285659263,33.6997,6.2528,0.0,5690.65,52431.3,27554.5,-102.493,-213.928,-24.727,5987813277761.247,12.777268248968559
371265,365,0,7.577225093578574,28.0553,10.0675,0.0,5780.55,52405.3,27602.7,-179.865,32.0184,307.008,5987813277761.247,12.777268248968559
371266,365,0,8.325249438330816,35.2417,5.2482,0.0,5805.98,52207.1,27287.8,-282.257,5.8834,52.7021,5987813277761.247,12.777268248968559
371267,365,0,7.019188065381157,24.1541,10.4321,0.0,5850.19,52522.5,27169.7,-95.269,-405.779,322.854,5987813277761.247,12.777268248968559
371268,365,0,7.221463907338712,27.3369,8.225,0.00104575,5746.18,52330.4,27175.4,-370.148,50.4253,171.061,5987813277761.247,12.777268248968559
360916,324,1,10.84725599087016,146.024,174.921,0.012606,29936.3,63279.8,2337.81,-328.517,223.481,-168.697,5981904382652.19,12.776839466799878
360917,324,0,10.69429294560258,115.709,16.3703,0.0118833,29793.7,63234.7,2244.37,-164.122,266.737,-83.6688,5981904382652.19,12.776839466799878
360918,324,0,10.387608907885205,104.518,18.7184,0.0189294,29921.4,63387.3,2380.52,-632.764,266.149,-359.383,5981904382652.19,12.776839466799878
360919,324,0,9.61008434517438,55.4951,2.7806,0.0230012,29855.1,63316.0,2272.72,-299.459,143.11,-171.526,5981904382652.19,12.776839466799878
360920,324,0,8.39919478884933,33.9646,10.0286,0.0,29613.6,62983.4,2161.54,-440.663,166.247,-167.126,5981904382652.19,12.776839466799878
360921,324,0,7.061249410381869,16.5938,10.1961,0.00552188,29721.4,63196.4,2090.25,-150.908,183.435,-207.042,5981904382652.19,12.776839466799878
360922,324,0,7.4126889095234505,28.1544,11.3038,0.0,29806.7,63497.2,2239.76,-532.223,331.566,-105.879,5981904382652.19,12.776839466799878
360923,324,0,7.135296540430421,23.4923,10.4524,0.0,29901.9,63020.0,2414.6,-84.633,52.6006,-229.626,5981904382652.19,12.776839466799878
360924,324,0,8.473451410709744,24.4751,5.1195,0.0,30157.1,63516.2,2328.23,-304.244,169.79,-88.196,5981904382652.19,12.776839466799878
360925,324,0,7.726782296118215,28.7534,5.5132,0.0,29979.2,63335.8,2321.81,-256.759,473.29,144.482,5981904382652.19,12.776839466799878
377212,392,1,11.230531881885277,172.545,101.384,0.0126555,32212.0,2674.59,34779.7,265.992,-28.2303,132.478,5978123698925.811,12.776564897187887
377213,392,0,8.732778261381421,46.9036,31.3483,0.00442279,32093.9,2182.84,34927.5,27.8456,-146.755,-45.9273,5978123698925.811,12.776564897187887
377214,392,0,9.555511065779358,56.253,9.8661,0.0237844,32200.6,2892.69,34842.6,81.7045,45.5075,121.226,5978123698925.811,12.776564897187887
377215,392,0,8.106472055453883,34.2123,14.5357,0.0066948,32272.6,3020.76,34900.9,283.248,7.4181,445.622,5978123698925.811,12.776564897187887
377216,392,0,8.590017828242365,36.2106,10.9268,0.00997791,32359.3,2728.88,34916.7,327.635,-299.266,-67.8231,5978123698925.811,12.776564897187887
377217,392,0,7.933256184167617,30.1917,9.107,0.0,32295.7,2367.7,34763.3,6.0339,-29.0343,-3.5393,5978123698925.811,12.776564897187887
377218,392,0,7.663170182448532,30.0131,9.5035,0.0,32424.2,2657.2,34665.0,-11.7065,-58.5515,-102.464,5978123698925.811,12.776564897187887
377219,392,0,7.669253999607111,27.1536,9.1109,0.0,32179.5,2484.81,34778.6,143.693,240.264,-240.968,5978123698925.811,12.776564897187887
377220,392,0,8.06330465445931,29.3529,6.3314,0.0,32238.0,2411.35,34617.7,133.79,-122.653,94.3751,5978123698925.811,12.776564897187887
377221,392,0,8.431344767604394,28.0195,4.317,0.0,32116.4,2783.88,34570.6,150.209,0.2171,172.081,5978123698925.811,12.776564897187887
320734,199,1,11.135214838432423,163.652,127.607,0.0079853,52683.5,31299.5,23942.5,189.416,-24.6095,121.877,5973742935275.271,12.77624652991968
320735,199,0,10.971856030530107,140.434,128.025,0.0120951,53474.4,31828.7,24048.1,25.5265,-56.5175,84.4588,5973742935275.271,12.77624652991968
320736,199,0,9.597987476980848,65.0296,23.9622,0.0114328,52748.2,31451.8,23589.8,-38.8118,91.0161,336.497,5973742935275.271,12.77624652991968
320737,199,0,10.369375833883264,105.567,1.6924,0.0,53465.8,31842.1,24039.9,23.0898,-141.281,103.27,5973742935275.271,12.77624652991968
320738,199,0,9.684274602167429,64.1416,16.5072,0.0188594,53291.7,32044.2,24003.4,-110.089,-98.9333,-97.9403,5973742935275.271,12.77624652991968
320739,199,0,9.627343779740206,59.6517,14.6295,0.0146341,53459.2,31849.4,24219.9,322.472,-27.5448,62.1048,5973742935275.271,12.77624652991968
320740,199,0,9.342335246608405,44.7551,19.4173,0.0107207,53827.1,31778.0,23954.6,136.067,-42.2446,97.514,5973742935275.271,12.77624652991968
320741,199,0,9.261749144823026,51.9989,9.4443,0.0078008,52742.1,31172.6,23952.7,459.48,93.0102,-117.606,5973742935275.271,12.77624652991968
320742,199,0,8.183339205192668,39.9891,14.9292,0.00392319,52420.2,31191.3,24129.7,499.825,-187.192,129.115,5973742935275.271,12.77624652991968
320743,199,0,9.081376864223804,47.2509,10.7841,0.00763077,52802.4,31187.0,23888.9,498.051,-202.68,113.009,5973742935275.271,12.77624652991968
348038,276,1,11.150982019151328,152.847,152.257,0.0205293,70093.4,27317.2,19214.2,488.886,-370.776,-59.13,5966124803505.36,12.775692333991982
348039,276,0,10.348108745395853,92.2111,24.6334,0.0169155,69742.3,27126.1,19246.9,491.43,-330.255,-182.434,5966124803505.36,12.775692333991982
348040,276,0,10.465482081927055,106.69,13.9406,0.0237135,70215.7,27348.9,19149.6,421.6,-665.014,123.655,5966124803505.36,12.775692333991982
348041,276,0,10.11095236301148,80.3805,8.3858,0.0188774,69995.6,27379.6,19166.0,760.972,-470.18,-15.6582,5966124803505.36,12.775692333991982
348042,276,0,9.900039590588722,70.0467,14.9786,0.0212327,70373.1,27414.0,19118.7,387.337,-603.097,24.2579,5966124803505.36,12.775692333991982
348043,276,0,9.47547258879582,59.4193,17.6354,0.0137517,69925.2,27047.3,19438.6,540.746,-149.915,-69.1555,5966124803505.36,12.775692333991982
348044,276,0,8.5531137183705,42.4932,18.2611,0.00590165,70288.8,27639.6,18967.2,279.534,-147.549,17.2755,5966124803505.36,12.775692333991982
348045,276,0,9.509275560166879,65.5969,4.8706,0.014138,70055.2,27344.6,19231.8,573.282,130.752,-395.014,5966124803505.36,12.775692333991982
348046,276,0,9.019886790723982,44.2692,10.8845,0.00889646,69992.8,27488.1,19213.2,404.699,-376.659,132.439,5966124803505.36,12.775692333991982
348047,276,0,8.911062413665663,46.6768,7.8804,0.0133629,70191.4,27416.2,19202.7,397.856,-424.349,153.285,5966124803505.36,12.775692333991982
355911,304,1,10.963940414899275,178.395,116.427,0.00507442,74268.6,53617.8,54642.4,351.743,28.0277,13.8558,5946237470042.856,12.774242249280263
355912,304,0,10.641101867398385,128.226,7.5665,0.0,74269.5,53598.0,54580.7,483.878,154.959,-132.565,5946237470042.856,12.774242249280263
355913,304,0,9.991795513696268,74.776,26.6169,0.0190702,73894.4,53526.4,55010.2,268.985,167.432,-129.989,5946237470042.856,12.774242249280263
355914,304,0,9.780734743001306,58.1117,28.073,0.0184652,74169.0,53877.4,54301.4,167.805,-14.4494,-124.715,5946237470042.856,12.774242249280263
355915,304,0,9.837448450301052,70.0666,7.3454,0.0217226,74207.7,53570.8,54580.8,264.142,-177.239,-305.835,5946237470042.856,12.774242249280263
355916,304,0,9.091817996778971,48.7157,12.9192,0.0159923,74492.8,53778.4,54961.9,171.892,57.1623,63.2883,5946237470042.856,12.774242249280263
355917,304,0,8.831818217265425,38.7246,14.1355,0.0117253,74402.1,53381.4,54798.4,293.628,-95.2135,85.3378,5946237470042.856,12.774242249280263
355918,304,0,7.663448576356721,30.0695,20.3102,0.00314289,73825.4,53680.4,55101.7,373.094,163.733,-60.3868,5946237470042.856,12.774242249280263
355919,304,0,8.600952649329695,32.506,9.0979,0.0,74388.3,53267.1,54670.3,252.904,35.4794,-38.04,5946237470042.856,12.774242249280263
355920,304,0,7.473860705904154,27.7942,12.5289,0.0,74487.0,53610.9,54812.0,262.715,67.4826,298.391,5946237470042.856,12.774242249280263
365010,340,1,10.805108785532521,159.217,131.461,0.00442087,4735.56,39407.4,30880.6,312.457,26.9746,-102.434,5917123231980.735,12.772110614132838
365011,340,0,10.579466295198994,119.393,42.7911,0.0156602,5075.13,39721.2,31059.1,292.619,-114.843,-306.546,5917123231980.735,12.772110614132838
365012,340,0,9.612206465344766,58.1858,16.0034,0.0184422,4697.29,39693.6,30712.5,336.822,-149.421,-140.409,5917123231980.735,12.772110614132838
365013,340,0,9.070852823998427,45.2412,17.0274,0.00923858,4619.19,38944.9,30635.5,330.328,62.9528,-224.3,5917123231980.735,12.772110614132838
365014,340,0,9.31104335739725,52.1248,4.6337,0.0138657,5047.26,39705.6,31085.8,374.132,-234.858,-72.1368,5917123231980.735,12.772110614132838
365015,340,0,8.71633856914147,37.6725,7.1223,0.0,4774.7,39354.1,31155.3,328.894,147.11,-0.5363,5917123231980.735,12.772110614132838
365016,340,0,8.579881440705579,30.7938,3.6456,0.0,4795.54,39452.2,30899.8,431.587,-241.501,-295.14,5917123231980.735,12.772110614132838
365017,340,0,8.440112992783487,24.8572,5.3911,0.00605432,4579.98,39482.4,30718.4,347.348,13.8973,-39.6075,5917123231980.735,12.772110614132838
365018,340,0,7.432554139025391,24.5108,6.5915,0.0,4536.41,39100.7,30956.7,398.834,-37.126,-38.5928,5917123231980.735,12.772110614132838
365019,340,0,7.191170547509109,22.8871,6.129,0.0,4721.27,39447.3,30735.6,286.604,-331.426,-60.6677,5917123231980.735,12.772110614132838
365743,343,1,10.93269285849566,163.131,135.115,0.0119955,20574.9,54029.7,53839.5,-27.9902,-279.434,-181.06,5884480145535.78,12.769708101861264
365744,343,0,9.883241361514031,73.1884,23.6672,0.0170644,20703.4,54262.2,54270.0,28.5001,-110.453,-342.535,5884480145535.78,12.769708101861264
365745,343,0,10.223633800051841,87.0131,6.4806,0.0208521,20523.7,54004.8,53881.0,-120.545,-56.1628,105.32,5884480145535.78,12.769708101861264
365746,343,0,8.921164820670153,47.3001,15.825,0.00750332,20301.6,54207.6,53944.6,-132.135,-483.599,-170.41,5884480145535.78,12.769708101861264
365747,343,0,8.71312357338495,40.2415,13.4095,0.00987899,20501.5,54302.5,53809.9,-237.824,-521.006,-183.383,5884480145535.78,12.769708101861264
365748,343,0,8.6190649724836,40.5783,14.1479,0.0100034,20775.0,54143.4,53695.0,-74.7234,-17.4453,-97.0471,5884480145535.78,12.769708101861264
365749,343,0,8.979662874070582,41.2863,12.3572,0.0110717,20711.9,53948.3,54002.1,189.11,-170.391,-311.327,5884480145535.78,12.769708101861264
365750,343,0,9.493546337478124,50.5767,4.6571,0.0200379,20642.6,53986.7,53814.2,-74.4435,-79.9938,97.8866,5884480145535.78,12.769708101861264
365751,343,0,8.29281048212951,32.6562,12.4966,0.0,20550.7,53952.7,53480.4,115.362,-106.189,-206.246,5884480145535.78,12.769708101861264
365752,343,0,7.723886184367355,29.3693,7.2665,0.0,20552.4,54294.0,53786.0,60.5387,-256.148,77.9139,5884480145535.78,12.769708101861264
367139,348,1,10.928342019059144,163.315,140.08,0.0137017,3007.43,55622.4,37602.9,14.3744,-114.241,330.944,5878136507839.026,12.769239667465216
367140,348,0,9.952608859612383,82.6275,25.2459,0.00923673,2896.71,55802.1,37737.0,182.727,-410.089,356.154,5878136507839.026,12.769239667465216
367141,348,0,9.557716003991901,54.4762,16.7001,0.0115784,3230.5,55660.5,37762.7,-40.4275,-122.026,173.84,5878136507839.026,12.769239667465216
367142,348,0,8.909746428472236,46.667,25.7792,0.00715236,2947.46,55476.6,37268.2,-3.8719,-360.819,517.302,5878136507839.026,12.769239667465216
367143,348,0,9.24782183429555,43.7611,5.2648,0.0175563,3105.66,55617.3,37495.0,188.476,-237.006,209.076,5878136507839.026,12.769239667465216
367144,348,0,7.873734257387688,30.2292,12.6217,0.00555777,2750.27,55953.7,37821.4,138.865,-392.013,506.5,5878136507839.026,12.769239667465216
367145,348,0,8.573286931386702,35.8081,6.2255,0.00458057,2920.73,55538.5,37663.0,-221.72,-398.034,197.479,5878136507839.026,12.769239667465216
367146,348,0,8.606810259116301,30.4146,6.445,0.00760449,2731.43,55697.0,37692.4,0.1458,-64.3443,305.948,5878136507839.026,12.769239667465216
367147,348,0,7.3978117658003235,23.419,14.4116,0.00229787,3106.55,55348.8,37697.3,198.329,-53.8333,491.56,5878136507839.026,12.769239667465216
367148,348,0,7.152781094815923,24.0487,8.3719,0.00234698,3212.32,55648.4,37447.4,-146.071,-179.771,631.0,5878136507839.026,12.769239667465216
363315,333,1,11.304433790062623,164.941,119.788,0.0177626,11047.3,14491.0,26646.5,-61.0797,-39.3668,8.7511,5870805801738.494,12.768697714745187
363316,333,0,9.729036307526572,57.0811,22.1145,0.0157416,11014.7,14874.2,26796.0,-175.945,-1.0554,138.522,5870805801738.494,12.768697714745187
363317,333,0,9.730702187904042,62.1839,17.5049,0.0191558,10859.6,14313.8,26860.8,145.806,81.3815,96.8494,5870805801738.494,12.768697714745187
363318,333,0,10.205040615733125,86.6146,1.9353,0.0,11069.5,14476.6,26659.5,-272.93,156.933,-111.492,5870805801738.494,12.768697714745187
363319,333,0,9.174283819772327,47.2681,11.9049,0.0104405,11014.3,14179.7,26312.0,-95.071,-4.5589,-38.1317,5870805801738.494,12.768697714745187
363320,333,0,8.673299316999755,40.7394,12.693,0.0090578,11300.3,14683.2,26646.3,-40.287,-171.255,163.146,5870805801738.494,12.768697714745187
363321,333,0,9.349555973857361,31.3213,0.3714,0.0498095,11055.3,14478.3,26645.4,58.2699,70.0368,261.11,5870805801738.494,12.768697714745187
363322,333,0,6.647721303285232,23.2555,19.3105,0.00027599,10853.7,14073.5,26476.7,180.88,88.9505,-99.4091,5870805801738.494,12.768697714745187
363323,333,0,8.471420782194361,31.7199,8.7674,0.0,11108.9,14339.7,26739.4,-373.883,-155.676,-19.1429,5870805801738.494,12.768697714745187
363324,333,0,8.427097238264524,35.4651,6.3039,0.0,10997.2,14357.3,26760.9,32.8827,173.665,199.277,5870805801738.494,12.768697714745187
382256,416,1,10.844681112148189,178.927,114.0,0.0197996,39283.3,61761.3,29583.5,-2.7819,35.1467,272.467,5864648224859.065,12.768241967247054
382257,416,0,10.409314513859023,111.841,5.6952,0.0115196,39232.5,61837.5,29622.9,36.833,91.6136,218.524,5864648224859.065,12.768241967247054
382258,416,0,9.84167474254046,89.9349,3.1635,0.0132035,39222.8,61848.3,29639.7,-254.655,95.7066,689.423,5864648224859.065,12.768241967247054
382259,416,0,10.066521794157943,67.3829,3.389,0.0514449,39241.1,61805.3,29588.2,61.3139,61.1627,184.329,5864648224859.065,12.768241967247054
382260,416,0,9.209333721880766,45.6752,8.915,0.0121375,39136.1,61807.7,29836.8,145.964,-25.6509,226.678,5864648224859.065,12.768241967247054
382261,416,0,7.24360552664598,31.2434,14.0467,0.00198128,39051.1,61876.4,29447.9,142.092,35.1225,585.907,5864648224859.065,12.768241967247054
382262,416,0,6.9807298135619815,28.8664,16.0917,0.00030875,38907.2,61933.4,29424.4,165.72,18.5162,516.182,5864648224859.065,12.768241967247054
382263,416,0,7.348131754984558,28.7609,11.0672,0.00075991,39118.9,61980.9,29606.3,53.9363,-236.023,58.7029,5864648224859.065,12.768241967247054
382264,416,0,7.2351077880052586,27.6909,9.5192,0.00093208,39394.5,61900.9,29737.2,-263.057,-179.703,275.723,5864648224859.065,12.768241967247054
382265,416,0,7.152781094815923,26.4336,9.9836,0.0,38994.2,61973.6,29426.5,-8.7937,2.4758,440.172,5864648224859.065,12.768241967247054
362042,328,1,11.344283762950973,165.084,123.62,0.0215075,14691.1,19383.4,3842.11,56.4229,81.1962,117.191,5825608790994.289,12.765341316951965
362043,328,0,9.220361372311741,47.7931,17.4062,0.0142763,15139.2,19349.5,4052.99,-84.2592,109.442,53.6331,5825608790994.289,12.765341316951965
362044,328,0,9.702272008479884,48.4777,3.9665,0.0,14628.7,19368.7,3777.15,257.163,125.092,246.4,5825608790994.289,12.765341316951965
362045,328,0,8.578665259960705,37.5448,11.3162,0.00400961,14518.3,19496.8,3870.34,371.878,-14.1344,309.622,5825608790994.289,12.765341316951965
362046,328,0,8.054346348298237,28.0784,15.5768,0.0,14679.1,19626.5,3462.94,-17.8811,234.831,33.877,5825608790994.289,12.765341316951965
362047,328,0,7.66107652027754,19.1865,4.9938,0.00445775,14809.1,19382.3,3802.21,20.3958,346.197,146.042,5825608790994.289,12.765341316951965
362048,328,0,9.009825369024798,25.4429,2.1466,0.0238588,14739.8,19431.2,3834.86,-171.656,275.553,202.876,5825608790994.289,12.765341316951965
362049,328,0,7.342341076103662,26.04,11.9503,0.0,14637.1,19625.7,3346.61,31.5502,106.875,211.523,5825608790994.289,12.765341316951965
362050,328,0,7.895229677906759,27.5917,10.1548,0.0,14355.4,19546.3,3853.33,83.8839,63.8914,258.487,5825608790994.289,12.765341316951965
362051,328,0,7.739464193127268,29.9206,6.8789,0.0,14880.3,19543.1,3725.49,254.826,223.175,237.714,5825608790994.289,12.765341316951965
372343,370,1,11.092059239072304,165.319,125.598,0.0138919,22212.7,48917.1,70373.0,-322.088,24.9544,-163.028,5824225273391.368,12.765238164570555
372344,370,0,10.034921272041242,74.832,3.8957,0.0219148,22200.7,48891.6,70420.7,-205.482,-66.1294,188.977,5824225273391.368,12.765238164570555
372345,370,0,9.569103552919607,46.6671,11.5858,0.0166243,22402.9,49086.8,70162.8,-247.864,13.1679,-181.648,5824225273391.368,12.765238164570555
372346,370,0,8.777980251471343,34.8575,14.0864,0.00908844,22101.7,48580.9,70487.2,-315.904,31.8072,-300.523,5824225273391.368,12.765238164570555
372347,370,0,8.583191743356306,38.907,9.0883,0.00803865,22112.2,49110.8,70569.0,-404.469,-81.1478,-332.882,5824225273391.368,12.765238164570555
372348,370,0,7.819947847343319,31.4885,14.5577,0.00298493,22238.8,48781.0,70170.8,-99.1618,-181.742,70.7944,5824225273391.368,12.765238164570555
372349,370,0,8.125995297850622,31.7634,10.9713,0.00410886,22695.0,48688.0,70340.8,-262.402,57.9407,-122.57,5824225273391.368,12.765238164570555
372350,370,0,8.259941735640655,24.4912,7.8134,0.00519397,22059.9,48647.3,70538.1,-312.582,41.9308,-332.204,5824225273391.368,12.765238164570555
372351,370,0,8.864829072090687,30.7994,4.7057,0.0,22392.9,48961.9,70315.4,-349.542,40.7929,-59.8105,5824225273391.368,12.765238164570555
372352,370,0,7.743880391285462,22.1715,12.0974,0.00524933,22449.1,48859.3,70177.6,-324.285,-57.5661,135.583,5824225273391.368,12.765238164570555
381608,413,1,11.202059512496827,169.391,116.298,0.00721321,30943.2,40051.1,39221.3,-324.937,3.0155,268.249,5823707186369.76,12.76519953070389
381609,413,0,8.036268587523365,29.0155,10.5791,0.00488259,30850.0,40260.4,39123.0,-44.129,-54.6658,86.3811,5823707186369.76,12.76519953070389
381610,413,0,7.848945978671743,30.11,9.2175,0.0,31038.4,40102.5,39526.7,-232.31,179.345,363.236,5823707186369.76,12.76519953070389
381611,413,0,8.172916828519634,28.9946,7.8265,0.00831376,31375.7,40243.5,38963.1,-287.224,-18.2488,243.303,5823707186369.76,12.76519953070389
381612,413,0,7.037799246086214,20.2914,10.018,0.0,31390.6,40232.7,39192.9,-247.381,129.081,254.019,5823707186369.76,12.76519953070389
381613,413,0,7.180725251288667,20.7898,6.7527,0.0,31353.1,40148.8,38953.5,-484.246,83.9417,220.745,5823707186369.76,12.76519953070389
381614,413,0,8.376977606692897,24.3526,3.4216,0.0,30927.7,40186.0,38869.0,-195.797,-29.2169,208.85,5823707186369.76,12.76519953070389
381615,413,0,7.267798533508445,22.5674,5.1435,0.0,30987.5,40206.8,39093.3,-442.066,40.1552,487.728,5823707186369.76,12.76519953070389
381616,413,0,,18.168,7.7164,0.0,30642.2,40128.6,39072.3,-502.269,136.457,458.592,5823707186369.76,12.76519953070389
381617,413,0,6.48721814265415,17.3727,8.3981,0.0,30625.2,40037.8,39397.7,-217.418,210.044,85.8775,5823707186369.76,12.76519953070389
374593,380,1,11.2010921830173,169.858,105.61,0.0128622,52779.9,21014.7,2605.04,-0.0478,19.1595,153.415,5783759072920.127,12.76221019378153
374594,380,0,10.110716424774768,80.9899,19.455,0.0253612,52983.0,21214.5,2750.17,48.0392,204.536,-25.3994,5783759072920.127,12.76221019378153
374595,380,0,9.043160902350513,53.8612,14.517,0.00720617,52682.7,21089.5,2392.81,-154.826,-49.112,437.965,5783759072920.127,12.76221019378153
374596,380,0,9.06132735367879,45.5689,9.0762,0.0167043,52840.8,20996.6,2716.8,-66.021,-267.442,-122.361,5783759072920.127,12.76221019378153
374597,380,0,7.403672091204075,31.4335,13.7661,0.0,52774.7,21124.7,2121.91,-70.6399,-50.86,353.347,5783759072920.127,12.76221019378153
374598,380,0,8.06672692151712,29.0551,11.5797,0.0,52619.0,21143.2,2199.75,3.6728,-131.64,222.971,5783759072920.127,12.76221019378153
374599,380,0,9.34946422957777,27.0798,0.454,0.0,52754.3,21012.1,2575.13,212.074,-159.427,343.75,5783759072920.127,12.76221019378153
374600,380,0,9.344304074509111,25.7758,0.4074,0.0,52801.0,20973.2,2644.33,171.777,277.906,299.257,5783759072920.127,12.76221019378153
374601,380,0,7.281424576108659,25.4678,11.842,0.00128432,52810.0,21245.4,2255.51,-202.622,-46.6786,334.466,5783759072920.127,12.76221019378153
374602,380,0,9.17974730561743,20.1657,0.3173,0.0,52775.9,20928.1,2602.81,123.479,96.4823,381.487,5783759072920.127,12.76221019378153
384355,426,1,11.107475852740775,170.397,110.75,0.00665235,32567.5,13438.6,9672.52,-174.951,-106.415,-27.2026,5753748319055.3955,12.759950861023896
384356,426,0,9.329764379075682,56.86,4.414,0.0101213,32513.5,13425.5,9666.59,-516.959,235.058,150.926,5753748319055.3955,12.759950861023896
384357,426,0,8.560866007812761,35.1584,16.7774,0.0060895,32775.6,13670.2,9744.65,-410.377,-162.755,95.9389,5753748319055.3955,12.759950861023896
384358,426,0,8.887016624355303,42.8223,11.6993,0.0132437,32747.3,13329.9,9681.92,-125.281,-143.142,286.552,5753748319055.3955,12.759950861023896
384359,426,0,7.847855242689692,28.7908,8.9001,0.002714,32677.7,13396.8,9777.83,-339.286,-267.058,-362.142,5753748319055.3955,12.759950861023896
384360,426,0,7.88947952510883,28.7291,8.0587,0.00564065,32643.8,13798.6,9782.53,-213.14,-81.7728,38.0154,5753748319055.3955,12.759950861023896
384361,426,0,8.573492393002315,29.9473,4.9748,0.0,32685.3,13590.2,9851.9,-132.103,-173.361,-95.6117,5753748319055.3955,12.759950861023896
384362,426,0,8.07548984949648,29.1956,5.7499,0.00513566,32573.6,13564.0,9324.69,-167.658,-70.3251,-6.7223,5753748319055.3955,12.759950861023896
384363,426,0,7.772082520550578,22.3717,12.9892,0.0,32727.8,13248.0,9792.2,-103.962,-231.615,58.4139,5753748319055.3955,12.759950861023896
384364,426,0,7.3293231006499004,25.2116,9.8004,0.0,32434.4,13499.1,9514.25,-160.753,-32.403,-323.768,5753748319055.3955,12.759950861023896
374228,378,1,11.248393955809881,165.348,117.512,0.0133666,12072.5,18442.9,67464.5,-79.8693,85.8366,-41.5624,5731700787968.012,12.758283510837982
374229,378,0,10.055356094788118,69.7584,15.7478,0.0241632,11817.3,18599.7,67084.4,-46.5544,49.238,-106.499,5731700787968.012,12.758283510837982
374230,378,0,9.028431240319414,45.2564,11.3172,0.0119909,12412.9,18217.8,67486.1,-87.5439,16.1902,-184.486,5731700787968.012,12.758283510837982
374231,378,0,9.71386265468198,50.951,3.2768,0.0,12122.8,18476.0,67486.2,31.0723,303.876,223.193,5731700787968.012,12.758283510837982
374232,378,0,9.487512444461911,49.589,5.1239,0.0122518,12212.5,18384.9,67553.2,76.084,12.1022,26.2342,5731700787968.012,12.758283510837982
374233,378,0,7.506014628608198,32.161,14.7836,0.00108761,12107.5,18803.8,67413.6,-25.9387,-220.784,-142.662,5731700787968.012,12.758283510837982
374234,378,0,8.035560306069444,35.0534,9.8734,0.0,11806.3,18515.4,67558.7,104.143,124.65,-6.1409,5731700787968.012,12.758283510837982
374235,378,0,8.247575372605388,32.9138,4.7752,0.0,11963.1,18646.5,67475.2,13.3563,220.008,62.8646,5731700787968.012,12.758283510837982
374236,378,0,7.544452545908728,26.1286,6.5045,0.0,11794.7,18730.2,67389.2,-123.311,23.2496,9.994,5731700787968.012,12.758283510837982
374237,378,0,7.238082419373461,20.5205,6.1537,0.0,11795.5,18486.2,67498.9,160.514,165.934,-59.0342,5731700787968.012,12.758283510837982
356906,308,1,10.782207631833238,151.411,176.467,0.0104803,72498.5,19169.4,26068.9,243.491,-476.257,-570.767,5722209433732.146,12.757563749003966
356907,308,0,10.632501226836617,115.94,16.6744,0.0117517,72471.6,19186.8,26205.6,312.383,-444.228,-644.976,5722209433732.146,12.757563749003966
356908,308,0,9.677784167298638,68.2948,36.1918,0.0155223,72987.3,18959.7,26359.4,3.265,-319.435,-786.219,5722209433732.146,12.757563749003966
356909,308,0,10.32195666155799,91.7761,17.3062,0.0227513,72655.2,19326.5,25901.2,176.054,-363.027,-584.556,5722209433732.146,12.757563749003966
356910,308,0,9.71782056294962,58.2793,8.4646,0.0218804,72593.5,19297.2,25941.8,145.456,-523.15,-657.549,5722209433732.146,12.757563749003966
356911,308,0,9.44189194840606,60.4917,6.3086,0.0130372,72492.3,19112.1,26087.8,-67.8383,-293.442,-577.788,5722209433732.146,12.757563749003966
356912,308,0,8.2247624594001,35.206,20.5436,0.00376565,72069.4,19457.9,26334.8,458.739,-547.633,-434.756,5722209433732.146,12.757563749003966
356913,308,0,8.978310339438568,45.7209,10.3753,0.0118862,72669.5,19213.4,26091.5,132.648,-196.421,-561.135,5722209433732.146,12.757563749003966
356914,308,0,9.140713598038618,41.0415,6.3834,0.0159868,72631.2,19226.7,25984.7,344.774,-678.002,-563.74,5722209433732.146,12.757563749003966
356915,308,0,8.605587810351485,33.9846,11.4644,0.0,72651.1,18866.0,25983.8,207.147,-277.855,-487.58,5722209433732.146,12.757563749003966
373510,375,1,11.226531792788972,163.641,113.507,0.0105239,17537.1,14514.4,6413.11,-10.8964,-113.995,35.8738,5707568294501.495,12.756451116789114
373511,375,0,9.988363680845938,75.5127,6.0518,0.0308973,17620.9,14566.7,6433.58,54.8574,-33.5,317.266,5707568294501.495,12.756451116789114
373512,375,0,9.760927071939959,74.1825,2.3178,0.0,17624.1,14559.1,6422.58,229.874,-180.837,-148.521,5707568294501.495,12.756451116789114
373513,375,0,8.589457192870078,37.0002,7.8825,0.00633409,17493.0,14472.7,6271.46,217.969,-330.634,280.743,5707568294501.495,12.756451116789114
373514,375,0,7.200967079021759,28.6354,12.6459,0.0,17538.9,14780.2,6504.61,177.933,-335.09,-110.239,5707568294501.495,12.756451116789114
373515,375,0,7.948390439367252,30.0805,8.3872,0.0,17581.2,14248.7,6620.29,-90.3563,52.9511,-22.9319,5707568294501.495,12.756451116789114
373516,375,0,6.731447672147863,22.8847,13.3363,0.00093951,17351.2,14787.4,6375.86,-15.181,-244.512,384.613,5707568294501.495,12.756451116789114
373517,375,0,7.638829580243186,28.1085,6.7264,0.0,17688.0,14710.5,6540.74,-187.148,-134.28,86.4519,5707568294501.495,12.756451116789114
373518,375,0,8.661761560565505,28.9689,3.3456,0.0,17531.2,14435.7,6430.59,-253.491,-164.743,8.6449,5707568294501.495,12.756451116789114
373519,375,0,8.713148395176853,32.2126,2.576,0.0,17550.4,14524.3,6443.13,373.826,-332.073,226.765,5707568294501.495,12.756451116789114
378298,397,1,10.90143274020819,155.862,123.027,0.00649836,72767.7,55015.5,47473.8,252.041,259.194,126.271,5700737655004.429,12.75593105545677
378299,397,0,10.143653604961028,82.5471,11.6686,0.0197401,72843.6,54835.9,47596.9,245.213,186.926,98.8593,5700737655004.429,12.75593105545677
378300,397,0,9.986601176159343,75.4787,15.9994,0.0233582,72745.6,55168.3,47280.6,485.178,217.081,211.731,5700737655004.429,12.75593105545677
378301,397,0,9.286810499287803,52.2343,11.7781,0.0101762,72723.7,54948.9,47330.6,553.706,304.719,-65.3687,5700737655004.429,12.75593105545677
378302,397,0,8.313822401922568,32.7702,21.9711,0.00707342,72876.4,54801.3,47879.7,252.891,274.556,-97.6337,5700737655004.429,12.75593105545677
378303,397,0,9.370519153832882,43.399,2.6842,0.0202878,72743.6,55102.3,47406.5,306.831,275.482,29.9919,5700737655004.429,12.75593105545677
378304,397,0,9.047929293649643,34.8055,5.5563,0.00707013,72696.5,54990.7,47497.0,-3.7963,140.824,-138.289,5700737655004.429,12.75593105545677
378305,397,0,7.645986436203649,29.5774,11.4949,0.00205115,72979.5,55175.4,47689.0,293.596,111.011,-99.2863,5700737655004.429,12.75593105545677
378306,397,0,7.639271160842393,27.0826,11.576,0.00322167,72956.9,54972.6,47711.4,205.44,253.208,-154.304,5700737655004.429,12.75593105545677
378307,397,0,8.037858009969925,28.5729,8.0174,0.00510727,72738.8,54815.2,47173.8,148.029,314.171,249.296,5700737655004.429,12.75593105545677
325335,210,1,11.041909353312606,155.894,178.721,0.0172656,44594.2,4510.91,74991.9,-212.746,-188.576,-92.1949,5673599355791.676,12.753858664608899
325336,210,0,10.934233722329266,126.455,32.1427,0.00889633,44689.4,4486.14,352.935,-96.2534,-135.405,-118.187,5673599355791.676,12.753858664608899
325337,210,0,10.714626454714198,111.879,31.5668,0.0177154,44580.1,4467.78,628.509,-6.5746,-59.6406,-26.3333,5673599355791.676,12.753858664608899
325338,210,0,9.771115985784286,62.4692,11.8946,0.0184664,44446.1,4562.43,683.254,-208.64,-102.879,32.4626,5673599355791.676,12.753858664608899
325339,210,0,9.256907839313012,48.3574,12.5775,0.0179837,44712.7,4312.78,74909.5,-63.428,-107.762,-192.979,5673599355791.676,12.753858664608899
325340,210,0,8.693252209054839,41.1478,16.939,0.00834739,44572.7,4187.19,257.795,-64.5457,-92.8887,-305.493,5673599355791.676,12.753858664608899
325341,210,0,8.744665943044286,41.6505,13.721,0.00953535,45031.2,4521.68,74837.9,-283.377,55.521,-242.643,5673599355791.676,12.753858664608899
325342,210,0,9.063010850781676,53.1274,5.8741,0.00716906,44607.8,4489.88,671.003,-213.943,64.2978,243.259,5673599355791.676,12.753858664608899
325343,210,0,6.978040675051201,24.0033,24.5691,0.00102567,45221.8,4507.67,74756.4,-494.556,-28.0135,47.0211,5673599355791.676,12.753858664608899
325344,210,0,7.95384340719281,31.5688,11.1882,0.00398042,44498.2,4273.6,622.34,36.8243,-130.248,283.119,5673599355791.676,12.753858664608899
350183,284,1,11.10149308788865,160.556,138.612,0.0224234,28710.8,22387.1,26510.6,-201.609,-119.483,131.162,5628586603822.981,12.75039935271573
350184,284,0,10.241220799106134,92.2361,41.6205,0.020931,29038.5,22636.7,26396.9,-364.649,-227.393,278.086,5628586603822.981,12.75039935271573
350185,284,0,10.141568723002335,92.6825,29.1535,0.0189974,29015.7,22319.3,26575.6,-454.985,-194.597,-63.4239,5628586603822.981,12.75039935271573
350186,284,0,9.784836628607293,75.1058,18.6418,0.0222839,28954.2,22737.2,26381.4,-536.282,-230.436,293.868,5628586603822.981,12.75039935271573
350187,284,0,9.844774612108772,67.63,18.3885,0.0186346,28714.3,22308.5,26739.9,-278.168,-4.8389,402.603,5628586603822.981,12.75039935271573
350188,284,0,9.662898576458423,58.0486,13.2643,0.0141287,28630.7,22133.4,26502.1,-115.04,-250.694,222.215,5628586603822.981,12.75039935271573
350189,284,0,7.672809326934348,35.598,10.4511,0.00372446,28690.9,22492.6,26410.9,-336.633,-432.401,-91.9259,5628586603822.981,12.75039935271573
350190,284,0,8.383972173560847,35.9001,6.2629,0.0,28760.1,22315.8,26709.8,-216.298,78.4438,146.135,5628586603822.981,12.75039935271573
350191,284,0,7.3802753489494375,28.2422,9.0125,0.0,28489.2,22462.7,26569.1,-220.294,-339.363,-92.5621,5628586603822.981,12.75039935271573
350192,284,0,7.449049787703027,30.7034,6.7586,0.0,29025.8,22408.6,26544.9,-489.211,-134.956,74.2831,5628586603822.981,12.75039935271573
371859,368,1,11.0783956986699,165.111,132.772,0.0107572,28488.1,622.508,68246.8,167.154,-9.2987,197.282,5623797677701.506,12.750029688071805
371860,368,0,8.208846469340415,35.3716,28.1854,0.00503123,28999.8,775.48,68264.9,56.7359,-110.79,85.0218,5623797677701.506,12.750029688071805
371861,368,0,8.67299994432295,35.9327,17.9597,0.00809751,28446.3,352.745,68382.8,102.603,-302.078,120.116,5623797677701.506,12.750029688071805
371862,368,0,8.092295163716589,35.5827,15.1018,0.0043866,29042.3,901.233,68211.1,70.3076,-80.3826,89.8909,5623797677701.506,12.750029688071805
371863,368,0,8.798921075010707,35.2299,8.4641,0.00816537,28848.4,833.094,68401.2,187.213,55.2292,301.022,5623797677701.506,12.750029688071805
371864,368,0,8.052532297439727,32.9106,10.1786,0.00462938,28364.6,365.159,68365.2,267.017,61.8398,525.01,5623797677701.506,12.750029688071805
371865,368,0,8.127527540169996,30.1851,14.7843,0.00664222,28601.8,587.389,68603.7,279.895,84.2652,417.112,5623797677701.506,12.750029688071805
371866,368,0,7.968564287306515,34.0781,9.1835,0.00249787,28402.9,501.966,68095.8,115.649,200.322,510.685,5623797677701.506,12.750029688071805
371867,368,0,7.8173195862653895,27.1725,10.4425,0.00362827,28794.3,780.079,68433.7,265.286,-39.6782,410.496,5623797677701.506,12.750029688071805
371868,368,0,7.315282843369626,25.7778,7.3055,0.00339317,28453.0,408.933,68418.2,40.9315,-382.129,163.505,5623797677701.506,12.750029688071805
351779,289,1,11.03280772515177,158.98,148.781,0.0110945,24688.3,43947.9,10123.0,-145.73,13.4174,-61.8293,5610651782666.261,12.749013315654205
351780,289,0,10.9469497905102,141.233,38.9724,0.0183758,25010.9,43888.4,10287.3,-281.002,238.85,-181.047,5610651782666.261,12.749013315654205
351781,289,0,7.94184316237353,35.1594,12.6979,0.00179816,24898.9,43667.9,10103.5,-351.369,-49.2784,-145.957,5610651782666.261,12.749013315654205
351782,289,0,7.6498801866798765,24.0473,15.2293,0.00253269,24856.1,43608.0,10207.0,-434.55,31.5931,-228.71,5610651782666.261,12.749013315654205
351783,289,0,8.215532895739662,26.5888,7.928,0.0,24709.6,43948.3,10423.2,-105.238,-97.7001,71.0709,5610651782666.261,12.749013315654205
351784,289,0,8.136515547657337,25.1955,10.1277,0.0,24702.6,44187.2,9924.27,-178.81,84.9125,-257.459,5610651782666.261,12.749013315654205
351785,289,0,7.049396583586869,26.8745,7.9998,0.0,24679.9,44107.3,10206.8,181.353,119.176,-86.6879,5610651782666.261,12.749013315654205
351786,289,0,8.480272650353895,30.1014,4.4797,0.0,24811.4,44025.3,10194.4,-48.2129,-183.868,-142.069,5610651782666.261,12.749013315654205
351787,289,0,6.686350705641363,23.7991,8.7565,0.0,24867.2,43546.6,10264.3,-203.848,298.661,124.89,5610651782666.261,12.749013315654205
351788,289,0,6.854000169335801,20.7308,10.0601,0.0,24442.6,43991.8,9877.68,-176.866,-236.52,-13.4372,5610651782666.261,12.749013315654205
345456,267,1,10.892845214429382,162.026,138.956,0.0223286,56037.1,43741.5,25853.3,-99.4185,13.7997,25.4218,5605816904478.5205,12.748638908858942
345457,267,0,10.905420603521245,130.782,54.6107,0.0214511,56264.3,43978.7,26150.8,-362.377,-110.513,-14.5216,5605816904478.5205,12.748638908858942
345458,267,0,9.917460698633295,70.4433,20.7961,0.0191587,56141.6,44167.7,25952.9,-27.6599,35.7438,-84.056,5605816904478.5205,12.748638908858942
345459,267,0,9.648100604208585,61.7633,16.0101,0.0190052,56150.6,44120.0,26261.9,39.9127,235.498,-65.5657,5605816904478.5205,12.748638908858942
345460,267,0,9.1745584181498,49.9247,10.9558,0.0190798,56350.7,43827.2,26072.6,-121.796,-20.3644,39.4563,5605816904478.5205,12.748638908858942
345461,267,0,8.286956215688717,37.2539,12.5435,0.0067187,55999.3,43882.8,25729.3,-268.162,109.64,-257.32,5605816904478.5205,12.748638908858942
345462,267,0,8.684021191680642,32.5929,7.8351,0.0100222,55853.1,43813.3,25776.0,-238.005,191.809,108.745,5605816904478.5205,12.748638908858942
345463,267,0,7.501795218078851,26.843,9.6926,0.0,56026.7,43875.7,25451.3,-82.1969,-159.429,104.196,5605816904478.5205,12.748638908858942
345464,267,0,9.176919649973064,23.3682,0.3951,0.0292194,56247.9,43970.5,26155.6,-300.46,-110.396,201.695,5605816904478.5205,12.748638908858942
345465,267,0,9.209911378019333,24.0576,0.4216,0.0379616,56289.0,43990.3,26162.9,-311.226,-74.9022,-201.149,5605816904478.5205,12.748638908858942
365263,341,1,11.292359423253684,154.766,140.803,0.0153062,57961.1,68823.1,25919.3,-225.973,87.581,405.953,5583654493225.476,12.746918537063527
365264,341,0,8.652442487896483,43.5424,17.1944,0.00758136,57855.9,68541.1,25851.1,-371.69,370.867,436.736,5583654493225.476,12.746918537063527
365265,341,0,8.648902822461139,38.496,14.9379,0.00843566,57713.4,69124.5,26158.5,-100.623,-76.7949,342.658,5583654493225.476,12.746918537063527
365266,341,0,8.186855778915506,37.669,12.7882,0.00300052,58066.1,69025.3,25984.7,-270.877,137.516,751.042,5583654493225.476,12.746918537063527
365267,341,0,6.9997434763765325,27.0819,17.3487,0.00181003,58106.3,68365.0,25855.2,-393.807,196.342,244.431,5583654493225.476,12.746918537063527
365268,341,0,7.59874560991469,31.5757,11.2963,0.0,58123.8,68913.9,26046.3,-153.197,-48.4485,680.461,5583654493225.476,12.746918537063527
365269,341,0,8.997363422159333,32.9854,4.2403,0.0,57911.9,68913.6,25850.7,-300.407,-65.1959,416.852,5583654493225.476,12.746918537063527
365270,341,0,7.7668499936169,29.9966,8.0536,0.0,58037.6,68821.5,25760.8,-117.211,-260.002,461.688,5583654493225.476,12.746918537063527
365271,341,0,9.021653099867544,34.7017,4.0356,0.0188729,57892.4,68780.1,25940.7,-319.826,153.833,234.228,5583654493225.476,12.746918537063527
365272,341,0,7.704828611117138,30.0126,7.9588,0.0,57860.3,68663.0,26253.2,-275.103,268.326,458.05,5583654493225.476,12.746918537063527
338817,246,1,11.063325711994365,162.009,171.592,0.0200673,36393.6,74729.9,49068.9,36.018,-156.162,-144.325,5573902743947.446,12.74615938667089
338818,246,0,10.278814334361421,84.8308,23.9006,0.0194508,36264.6,49.169,49202.3,150.18,-414.354,-353.664,5573902743947.446,12.74615938667089
338819,246,0,10.343095335315194,119.739,9.4788,0.00852408,36390.6,74751.6,49010.3,114.647,-384.131,-40.0471,5573902743947.446,12.74615938667089
338820,246,0,9.923899027246224,65.2886,18.6586,0.0145342,36564.0,74990.2,49269.2,-73.7152,-138.657,-288.629,5573902743947.446,12.74615938667089
338821,246,0,10.332635224172067,101.975,4.06,0.027951,36410.9,74724.5,49098.5,40.9583,-208.918,-533.88,5573902743947.446,12.74615938667089
338822,246,0,9.701972861558556,66.9971,15.1511,0.015923,36329.7,74933.0,49343.1,244.267,-72.7697,-114.981,5573902743947.446,12.74615938667089
338823,246,0,10.076495213571468,90.1189,7.914,0.0181451,36228.9,44.2005,49232.3,153.929,-46.6254,-107.008,5573902743947.446,12.74615938667089
338824,246,0,10.184426521511917,80.6211,4.7504,0.032311,36416.9,74801.6,49054.2,-185.454,-84.4048,-114.018,5573902743947.446,12.74615938667089
338825,246,0,8.926034235213525,51.0653,20.2138,0.00963405,36413.3,74423.1,49048.3,-16.4243,29.843,94.7834,5573902743947.446,12.74615938667089
338826,246,0,9.424086982136954,53.388,9.6787,0.0153638,36309.8,74776.0,49103.6,277.418,-414.712,-396.278,5573902743947.446,12.74615938667089
373291,374,1,10.626144501311709,146.522,131.752,0.00655453,1306.24,25051.6,58800.9,224.79,147.791,67.576,5545437691448.922,12.743935829922371
373292,374,0,10.742899925871427,124.162,18.734,0.0139623,1367.62,25220.8,58788.7,289.24,114.209,-15.9815,5545437691448.922,12.743935829922371
373293,374,0,9.916774778421384,75.0443,15.0203,0.0113762,1486.03,25057.3,58807.5,547.53,175.546,130.89,5545437691448.922,12.743935829922371
373294,374,0,10.282790704329267,89.3622,3.7452,0.0226946,1294.45,25075.0,58829.2,363.514,149.486,30.6235,5545437691448.922,12.743935829922371
373295,374,0,9.355738246626865,53.1933,11.4109,0.0209857,1151.31,25018.6,58834.1,329.444,317.616,141.627,5545437691448.922,12.743935829922371
373296,374,0,9.541731759435697,51.302,3.8412,0.0200118,1280.16,25008.0,58800.1,-30.4866,-21.3775,49.867,5545437691448.922,12.743935829922371
373297,374,0,9.375840392041008,42.5708,3.6585,0.0223442,1357.82,25074.3,58768.9,328.865,23.4465,-74.3425,5545437691448.922,12.743935829922371
373298,374,0,9.218303027424806,40.0994,3.6256,0.0,1253.36,24997.4,58822.0,180.14,104.172,134.837,5545437691448.922,12.743935829922371
373299,374,0,8.480102888021271,20.345,3.2659,0.0145809,1290.59,24983.7,58775.9,-74.1313,193.406,159.957,5545437691448.922,12.743935829922371
373300,374,0,6.74779401765946,23.5937,14.3859,0.00057333,1135.29,24850.9,58740.6,508.114,288.315,8.9963,5545437691448.922,12.743935829922371
372568,371,1,11.29126250858381,169.526,98.7234,0.0201899,70032.0,24867.4,14765.4,267.39,26.963,266.627,5527160482347.486,12.742502074602784
372569,371,0,9.088096834700334,42.3598,20.5895,0.0114643,70295.1,25095.1,14949.9,443.331,-49.8569,134.998,5527160482347.486,12.742502074602784
372570,371,0,9.855916164344155,47.3707,0.3147,0.0644601,70019.8,24872.2,14750.3,50.9625,-25.6731,474.963,5527160482347.486,12.742502074602784
372571,371,0,9.68063709631739,41.5687,0.5392,0.0487011,70000.7,24869.1,14763.6,249.566,-56.9687,559.48,5527160482347.486,12.742502074602784
372572,371,0,9.671014789572805,36.9275,0.2586,0.0608823,70023.3,24866.7,14770.0,412.053,-59.1468,487.263,5527160482347.486,12.742502074602784
372573,371,0,9.32780371903915,24.6183,0.2913,0.0347215,70027.1,24878.6,14732.1,-38.6348,41.9698,265.975,5527160482347.486,12.742502074602784
372574,371,0,8.25845925953926,31.5251,7.8112,0.0,69847.8,24971.8,14840.0,286.782,210.758,448.964,5527160482347.486,12.742502074602784
372575,371,0,7.558498118943467,25.0943,12.3917,0.0,69386.1,24741.3,14625.5,618.46,299.778,296.09,5527160482347.486,12.742502074602784
372576,371,0,7.961756588856355,28.9388,8.1995,0.0,69850.5,24527.3,14593.0,153.677,66.1181,234.207,5527160482347.486,12.742502074602784
372577,371,0,9.231243935942913,24.1962,0.3327,0.0278205,70022.7,24865.6,14772.9,476.997,-3.5029,430.395,5527160482347.486,12.742502074602784
380276,407,1,11.157936651145029,166.996,120.472,0.013427,41424.9,16420.5,63583.0,-70.7225,41.2044,-114.346,5521283573480.634,12.742040053105578
380277,407,0,9.560329946213084,59.6465,15.6151,0.017699,41356.6,16303.3,63773.5,-230.015,-2.1117,57.2245,5521283573480.634,12.742040053105578
380278,407,0,10.107803601217348,96.6862,1.7921,0.0333496,41420.3,16411.3,63575.4,34.0744,420.28,138.406,5521283573480.634,12.742040053105578
380279,407,0,9.787246854874073,64.7098,5.0657,0.0193302,41379.1,16480.8,63529.1,-208.801,237.314,-167.258,5521283573480.634,12.742040053105578
380280,407,0,8.185770355248566,36.5611,14.0762,0.00605699,41395.9,16438.2,63294.2,-206.294,175.301,97.8324,5521283573480.634,12.742040053105578
380281,407,0,7.788769813434195,28.8973,7.8075,0.00408132,41512.1,16579.1,63823.6,-226.852,-169.932,-205.466,5521283573480.634,12.742040053105578
380282,407,0,8.678532088301504,36.5622,2.8188,0.00917941,41460.0,16415.8,63590.4,-54.454,545.459,10.7445,5521283573480.634,12.742040053105578
380283,407,0,9.038885092908618,20.2702,0.521,0.0536079,41430.2,16437.6,63610.7,-268.67,46.4542,152.499,5521283573480.634,12.742040053105578
380284,407,0,9.030091428391483,19.6886,0.3544,0.0605955,41424.6,16406.2,63570.9,137.965,415.757,272.187,5521283573480.634,12.742040053105578
380285,407,0,,19.9748,7.4554,0.0,41576.2,16351.1,63585.3,-43.6655,332.138,140.312,5521283573480.634,12.742040053105578
359334,317,1,11.159629080849902,153.503,133.65,0.00798209,61476.2,2128.23,39564.0,-98.5959,-181.817,-520.502,5519144549847.071,12.741871768658278
359335,317,0,9.706626328130742,57.4815,22.707,0.0171383,61924.2,2143.09,40034.0,-252.211,-151.397,-599.242,5519144549847.071,12.741871768658278
359336,317,0,9.995595041810999,67.488,8.3496,0.0389248,61660.4,2026.79,39822.2,-191.305,-82.5467,-515.227,5519144549847.071,12.741871768658278
359337,317,0,9.111758056533546,51.3615,13.9784,0.0126069,61617.9,1945.08,39798.8,-212.206,-240.825,-611.252,5519144549847.071,12.741871768658278
359338,317,0,9.490626887096694,52.2288,10.9059,0.0220669,61547.4,2337.35,39561.7,-259.335,-288.765,-617.14,5519144549847.071,12.741871768658278
359339,317,0,8.888444652384717,44.1542,16.4004,0.00789273,61696.2,2289.42,39442.3,-213.798,11.9642,-726.466,5519144549847.071,12.741871768658278
359340,317,0,8.452591732219165,39.3065,14.9973,0.00553418,61795.3,1950.85,39864.6,-480.687,142.137,-38.2134,5519144549847.071,12.741871768658278
359341,317,0,8.461632401359173,31.9071,16.5873,0.00731549,61876.8,2125.61,39427.0,-358.817,64.3583,8.4723,5519144549847.071,12.741871768658278
359342,317,0,8.736145863920603,43.1725,8.3427,0.010065,61354.0,2066.53,39344.3,-249.126,-283.732,-489.298,5519144549847.071,12.741871768658278
359343,317,0,7.995812599567258,31.8045,13.4723,0.00452618,61885.2,2023.23,39973.8,-472.319,77.7545,-26.501,5519144549847.071,12.741871768658278
358582,314,1,11.164644335672774,155.728,135.127,0.0173292,65676.6,15652.7,30207.0,248.346,-97.9105,-268.982,5516078375700.058,12.7416304282602
358583,314,0,10.320996394234504,98.2197,9.1139,0.0219602,65613.6,15622.6,30176.6,90.8053,-255.833,-2.4664,5516078375700.058,12.7416304282602
358584,314,0,9.905739330725611,65.2957,27.6311,0.024175,65972.4,15927.7,30153.1,181.673,86.532,-285.124,5516078375700.058,12.7416304282602
358585,314,0,10.23813799958153,81.7895,7.5189,0.0286498,65740.6,15618.1,30250.6,48.4332,36.3068,-206.382,5516078375700.058,12.7416304282602
358586,314,0,8.80786365230904,44.7679,17.0376,0.00812839,65537.6,15343.8,30235.7,461.425,-24.0808,-353.548,5516078375700.058,12.7416304282602
358587,314,0,8.133225778249344,37.0352,24.5877,0.00213211,65724.7,16057.3,30341.8,559.863,-200.537,-143.388,5516078375700.058,12.7416304282602
358588,314,0,8.819627467347281,46.316,14.7419,0.0153336,65931.0,15683.0,30485.7,46.1215,92.8085,-331.728,5516078375700.058,12.7416304282602
358589,314,0,9.371536854003939,54.1274,8.7987,0.0149754,65691.4,15739.2,30222.2,355.037,-115.521,35.2061,5516078375700.058,12.7416304282602
358590,314,0,8.970531073272456,47.3917,9.6302,0.0109842,65731.6,15653.1,30068.8,355.93,242.212,-292.986,5516078375700.058,12.7416304282602
358591,314,0,8.843004785034339,38.2961,11.3924,0.00823369,65516.6,15791.3,30517.4,135.871,-156.714,-437.16,5516078375700.058,12.7416304282602
375020,382,1,11.316311522474425,165.274,119.758,0.0131309,71009.2,13723.1,54602.3,105.289,19.213,-125.66,5508850385982.94,12.741060977596709
375021,382,0,8.725155610300032,37.3875,19.5434,0.00744134,71437.9,13814.4,54416.4,-115.806,-63.6273,-159.196,5508850385982.94,12.741060977596709
375022,382,0,7.5715881539107,38.4613,17.6062,0.00055651,71243.1,13784.9,54476.8,-47.4213,-209.614,119.352,5508850385982.94,12.741060977596709
375023,382,0,7.742606629726874,37.7441,12.806,0.00115893,71146.1,13840.4,54448.5,68.6286,-239.587,161.503,5508850385982.94,12.741060977596709
375024,382,0,8.698957181752812,36.2028,10.111,0.0100386,70803.6,13261.3,54488.2,24.2735,-1.2755,-105.996,5508850385982.94,12.741060977596709
375025,382,0,9.17181322280211,38.8986,4.7396,0.0118423,71022.4,13648.3,54475.3,270.829,176.718,79.1003,5508850385982.94,12.741060977596709
375026,382,0,9.512177190280907,32.3915,0.3503,0.0,71013.8,13728.1,54621.5,-41.2696,214.587,-259.614,5508850385982.94,12.741060977596709
375027,382,0,9.349664895022915,26.0786,0.3651,0.0,71022.0,13688.5,54617.3,109.99,-10.0347,-150.424,5508850385982.94,12.741060977596709
375028,382,0,9.358928569549109,25.7698,0.3187,0.0,71060.6,13737.6,54580.0,313.754,123.076,-82.2332,5508850385982.94,12.741060977596709
375029,382,0,7.024673963359189,26.6912,12.4174,0.0,71055.2,14007.5,54445.1,343.252,102.744,-6.7256,5508850385982.94,12.741060977596709
365493,342,1,11.12900723884752,164.156,104.213,0.0153496,27141.4,16248.2,32254.3,-360.889,233.087,-4.2386,5497501126636.542,12.740165327035463
365494,342,0,9.943849104537312,74.3232,39.7112,0.013038,27070.2,15918.2,32315.8,-391.816,470.704,-7.1198,5497501126636.542,12.740165327035463
365495,342,0,9.259913545225904,54.75,22.8393,0.0117061,26816.7,15993.0,32502.3,-512.941,-16.4174,-26.6505,5497501126636.542,12.740165327035463
365496,342,0,8.608534876517451,43.8763,21.2967,0.00657247,27331.8,16242.7,32524.0,-694.421,-5.7665,66.4828,5497501126636.542,12.740165327035463
365497,342,0,8.105266239366243,30.2286,18.3718,0.00887215,26985.9,15579.2,32383.4,-296.366,29.1458,-64.97,5497501126636.542,12.740165327035463
365498,342,0,9.632392129210706,37.165,0.3879,0.0373892,27092.1,16257.6,32248.8,-304.333,405.332,-183.952,5497501126636.542,12.740165327035463
365499,342,0,9.470631896458288,29.0357,0.4115,0.0357825,27135.5,16216.8,32290.6,-623.922,269.39,-12.9654,5497501126636.542,12.740165327035463
365500,342,0,9.53119031730947,34.5995,0.3956,0.0368438,27180.6,16241.2,32258.6,-437.565,33.4324,238.997,5497501126636.542,12.740165327035463
365501,342,0,9.516738493999972,31.2481,0.2814,0.0544989,27142.3,16233.6,32270.4,-612.474,234.025,14.4983,5497501126636.542,12.740165327035463
365502,342,0,8.987671013935092,37.7992,5.1645,0.0,27352.0,16320.2,32177.7,-505.012,214.728,-16.8843,5497501126636.542,12.740165327035463
370003,360,1,11.056028896400582,157.131,136.684,0.00931873,65875.0,19675.9,28858.4,180.331,-430.412,-508.182,5456727678035.965,12.736932280541923
370004,360,0,10.461966686068553,96.347,4.0379,0.0123537,65854.2,19758.7,28876.4,143.325,-342.276,-509.141,5456727678035.965,12.736932280541923
370005,360,0,10.124140771632064,75.1195,3.062,0.0279771,65844.4,19706.0,28894.6,324.493,-464.427,-587.855,5456727678035.965,12.736932280541923
370006,360,0,9.950118398997997,65.9767,5.7297,0.0250697,65770.2,19743.9,28988.7,298.939,-504.659,-663.101,5456727678035.965,12.736932280541923
370007,360,0,8.737497361186815,42.7413,21.5062,0.00593048,65955.5,19864.7,29168.0,-28.9645,-688.298,-458.82,5456727678035.965,12.736932280541923
370008,360,0,8.923793595380221,42.1453,8.2473,0.0117914,65849.4,19732.1,28704.8,270.763,-490.333,-278.692,5456727678035.965,12.736932280541923
370009,360,0,9.465306437310481,41.6209,4.2238,0.0,65855.9,19912.8,29108.2,230.826,-525.24,-536.062,5456727678035.965,12.736932280541923
370010,360,0,7.501189084718907,28.8377,12.8116,0.00207095,65811.9,19539.0,29171.6,124.514,-185.482,-696.743,5456727678035.965,12.736932280541923
370011,360,0,7.95069477629733,31.8438,9.2574,0.0033384,65922.3,19812.5,29159.1,-87.1813,-648.89,-456.922,5456727678035.965,12.736932280541923
370012,360,0,9.113504209952387,39.8881,3.76,0.0227672,65859.2,19748.6,28922.4,28.3479,-182.18,-465.204,5456727678035.965,12.736932280541923
379949,405,1,11.063644221198834,153.661,129.133,0.00808016,73980.2,33810.2,65965.8,339.319,-49.6809,120.849,5361244690463.998,12.729265629141588
379950,405,0,10.454146941259475,90.383,7.2501,0.0129438,73937.7,33782.9,66109.3,397.2,-19.2264,11.7256,5361244690463.998,12.729265629141588
379951,405,0,10.191954212203077,105.43,0.8529,0.0,73976.7,33807.6,65966.6,577.494,-15.5926,267.887,5361244690463.998,12.729265629141588
379952,405,0,8.96952128533934,44.6729,12.6564,0.0110943,73823.8,34182.6,65943.1,410.686,-111.412,68.911,5361244690463.998,12.729265629141588
379953,405,0,9.804301644573089,56.0123,2.8237,0.0289539,74025.1,33764.2,65951.8,317.697,66.7308,87.7074,5361244690463.998,12.729265629141588
379954,405,0,8.095342856798595,38.1674,9.7329,0.00323426,73833.9,33857.4,66057.6,230.335,299.483,38.7325,5361244690463.998,12.729265629141588
379955,405,0,6.775536172801994,23.462,7.7746,0.0,73933.0,33870.3,65595.0,207.289,-145.282,14.6227,5361244690463.998,12.729265629141588
379956,405,0,7.867603345706717,25.375,4.4751,0.0,73919.0,33723.8,65808.8,83.9782,-15.8997,6.9974,5361244690463.998,12.729265629141588
379957,405,0,6.950910182343858,19.7851,5.6862,0.0,73996.5,33645.0,66057.7,515.652,133.433,-171.775,5361244690463.998,12.729265629141588
379958,405,0,7.860413165824499,21.8428,3.7139,0.0,74139.5,33856.4,65792.6,353.348,-105.008,-24.3556,5361244690463.998,12.729265629141588
379320,402,1,11.087672141343322,154.883,115.386,0.0176919,41190.1,58229.4,50551.2,-195.334,160.76,-254.608,5356466576593.408,12.728878399335958
379321,402,0,10.5928609536758,113.443,20.5231,0.0199989,41204.0,58469.7,50497.6,-62.001,203.872,-76.0232,5356466576593.408,12.728878399335958
379322,402,0,9.83989406555942,73.3763,15.8045,0.0110447,41313.3,58195.1,50669.8,57.8699,381.329,-336.012,5356466576593.408,12.728878399335958
379323,402,0,8.752580308097896,41.2179,8.1286,0.00496039,41366.4,58294.6,50578.7,24.7542,205.319,7.0754,5356466576593.408,12.728878399335958
379324,402,0,8.995048076255674,43.8636,6.6208,0.00725147,41291.8,58153.1,50709.7,68.447,358.282,-115.817,5356466576593.408,12.728878399335958
379325,402,0,8.939859575907168,37.3586,6.9178,0.00764928,41281.5,58352.2,50498.5,-66.2846,58.3494,-279.808,5356466576593.408,12.728878399335958
379326,402,0,8.332256522735364,31.0417,5.6849,0.00613858,41237.7,58103.2,50611.7,67.2171,175.6,-19.0594,5356466576593.408,12.728878399335958
379327,402,0,8.657874696880553,29.0799,3.6715,0.00781197,41081.2,58195.8,50601.4,-378.431,308.545,-198.186,5356466576593.408,12.728878399335958
379328,402,0,7.276025352170042,24.5542,7.3078,0.0,41367.5,58374.7,50668.4,-78.235,451.627,-274.918,5356466576593.408,12.728878399335958
379329,402,0,7.459634621022062,25.0948,5.893,0.0,41049.0,58107.1,50722.3,0.1948,388.475,-169.559,5356466576593.408,12.728878399335958
332068,227,1,10.990758067917584,152.798,167.038,0.0110095,19275.7,14149.5,62185.5,-172.829,151.102,23.3357,5337260414936.706,12.727318393362117
332069,227,0,11.046534793285872,155.864,33.4606,0.0163699,18962.4,14082.4,62011.8,101.122,-66.1562,-12.3396,5337260414936.706,12.727318393362117
332070,227,0,10.935381701265557,130.245,24.0036,0.0209738,19072.7,14079.3,62179.7,3.9019,93.6824,15.1256,5337260414936.706,12.727318393362117
332071,227,0,10.348899001536957,105.418,3.6799,0.0160082,19259.3,14120.1,62199.4,-49.383,249.337,-124.852,5337260414936.706,12.727318393362117
332072,227,0,9.209571207818659,43.6597,10.4039,0.0168488,19033.8,13915.3,62192.2,123.674,205.952,187.736,5337260414936.706,12.727318393362117
332073,227,0,8.73047089926523,41.3628,12.3484,0.00941769,18939.5,13963.1,61764.9,102.615,-211.602,17.4862,5337260414936.706,12.727318393362117
332074,227,0,9.049161921073393,46.849,7.9903,0.00910697,18892.1,14043.7,61998.3,129.66,257.574,249.095,5337260414936.706,12.727318393362117
332075,227,0,8.401388328806123,39.8282,11.1123,0.00896978,18998.7,14072.4,62328.6,276.257,-121.468,-130.211,5337260414936.706,12.727318393362117
332076,227,0,8.176176733270069,31.2537,10.0977,0.00389561,18987.3,14301.1,62118.0,-94.7255,136.436,110.035,5337260414936.706,12.727318393362117
332077,227,0,9.412837615048582,29.4795,0.26,0.0,19073.0,14081.8,62179.4,89.5718,50.4726,-166.324,5337260414936.706,12.727318393362117
346420,270,1,11.193640475390556,152.957,115.915,0.0140735,19082.4,65520.1,2332.07,-36.2753,711.447,-417.226,5306460817267.7705,12.72480496176138
346421,270,0,10.679418239471676,116.682,44.3267,0.0111146,19195.8,65856.9,2168.38,-527.892,575.605,-570.234,5306460817267.7705,12.72480496176138
346422,270,0,9.76650110188342,68.6224,24.7585,0.0202107,19139.4,65823.5,1816.57,-298.444,727.214,-429.047,5306460817267.7705,12.72480496176138
346423,270,0,9.48652857059392,59.0974,13.6986,0.015315,19198.8,65339.1,2291.56,-8.1647,915.155,-300.517,5306460817267.7705,12.72480496176138
346424,270,0,9.31880184373112,51.0533,17.7314,0.018545,19398.8,65897.8,2255.0,-159.177,768.221,-674.209,5306460817267.7705,12.72480496176138
346425,270,0,8.940925961437257,46.0269,15.8437,0.00789789,19230.8,65782.3,1922.61,-230.968,669.69,-407.652,5306460817267.7705,12.72480496176138
346426,270,0,8.241698793335036,36.8354,20.0308,0.00377495,18958.7,65181.7,2170.9,-640.757,529.656,-339.863,5306460817267.7705,12.72480496176138
346427,270,0,8.622733034969807,39.4734,15.2868,0.011738,19072.8,65933.7,2363.54,-334.933,799.779,-236.772,5306460817267.7705,12.72480496176138
346428,270,0,8.88483230825833,42.7115,10.622,0.010831,19300.6,66016.6,2004.34,-108.423,810.378,-488.113,5306460817267.7705,12.72480496176138
346429,270,0,8.558019440266982,36.9306,12.8509,0.00597881,18977.4,65705.2,2418.25,166.747,820.024,-619.295,5306460817267.7705,12.72480496176138
382684,418,1,11.055457673976553,157.15,111.312,0.00786919,13832.7,6034.03,17880.9,127.923,212.423,200.951,5282216146698.313,12.72281616843428
382685,418,0,9.322933098329052,47.4056,31.6964,0.0142469,13555.0,6427.68,17809.7,-60.9733,321.786,317.362,5282216146698.313,12.72281616843428
382686,418,0,9.310319138587092,49.5523,8.7944,0.0163674,13561.2,6122.9,17739.0,150.604,142.802,63.7924,5282216146698.313,12.72281616843428
382687,418,0,8.731340572632664,40.7838,12.4193,0.00795588,13885.0,5987.3,17635.3,-161.226,234.076,178.152,5282216146698.313,12.72281616843428
382688,418,0,7.76641109061653,32.756,13.3806,0.00258831,13891.6,6150.56,17716.4,-74.7268,580.893,109.279,5282216146698.313,12.72281616843428
382689,418,0,8.01038910319743,32.3219,11.09,0.0,13759.3,5959.71,18103.0,156.709,476.638,134.856,5282216146698.313,12.72281616843428
382690,418,0,9.290123372710765,38.6722,2.584,0.02475,13927.7,6064.05,17857.4,-54.8087,147.835,208.531,5282216146698.313,12.72281616843428
382691,418,0,8.001152484927285,31.1775,8.6016,0.0,13972.5,5869.57,18220.6,32.0335,255.489,221.538,5282216146698.313,12.72281616843428
382692,418,0,8.707678273024097,29.0866,3.2415,0.0,13987.0,6090.77,17858.4,87.1726,103.919,91.1139,5282216146698.313,12.72281616843428
382693,418,0,7.432790876279497,24.7803,6.8227,0.00162173,13646.1,6444.94,17682.9,-60.0746,442.48,327.101,5282216146698.313,12.72281616843428
350486,285,1,11.235417354985453,153.678,120.362,0.0097341,68612.4,62713.9,54143.0,42.2525,-559.58,87.609,5265448598126.799,12.721435377495231
350487,285,0,10.67962877008825,103.927,35.9815,0.0121336,68071.8,62786.4,53789.5,-23.8744,-397.783,94.3408,5265448598126.799,12.721435377495231
350488,285,0,10.071776590088533,76.0248,33.7245,0.0243321,68769.2,62722.0,53712.0,-1.3257,-495.776,-168.057,5265448598126.799,12.721435377495231
350489,285,0,9.88461076249321,67.6292,19.8443,0.0167491,68482.9,62524.9,54111.9,-492.331,-453.171,-60.915,5265448598126.799,12.721435377495231
350490,285,0,9.330798274907643,52.8805,9.4681,0.0127812,68632.5,62845.0,54200.0,180.11,-822.604,215.525,5265448598126.799,12.721435377495231
350491,285,0,9.634507911923665,39.3708,0.4671,0.0553784,68634.4,62684.0,54168.2,138.244,-309.852,172.537,5265448598126.799,12.721435377495231
350492,285,0,7.103653258934957,32.3903,12.3425,0.0,68509.9,62727.7,53979.2,-627.491,-623.418,137.979,5265448598126.799,12.721435377495231
350493,285,0,7.730017502418853,30.2938,9.4221,0.0,68637.3,62938.2,54005.1,-299.209,-552.265,16.9496,5265448598126.799,12.721435377495231
350494,285,0,8.351826194366867,31.5767,7.9901,0.0,68481.7,63014.0,54211.5,32.5156,-353.451,-36.6378,5265448598126.799,12.721435377495231
350495,285,0,9.249023142866562,31.3328,2.2801,0.0,68566.2,62745.0,54117.1,121.854,-768.383,206.478,5265448598126.799,12.721435377495231
357235,309,1,11.220079507064987,155.883,142.45,0.0129959,67552.0,54401.3,54824.9,318.524,409.504,89.7245,5240667369607.138,12.719386595472765
357236,309,0,10.34007626670839,85.1096,48.9639,0.024838,67215.3,54383.2,54656.8,379.559,369.368,-18.8233,5240667369607.138,12.719386595472765
357237,309,0,9.695594891742783,65.1983,22.2049,0.0165151,67601.0,54623.9,55067.3,285.719,138.644,-68.2401,5240667369607.138,12.719386595472765
357238,309,0,8.956643620240019,47.4,20.3212,0.0106609,67838.0,54338.3,55042.4,241.604,219.849,-101.984,5240667369607.138,12.719386595472765
357239,309,0,9.894204343022134,70.0382,5.7623,0.0345285,67169.6,54366.3,54678.1,410.974,400.384,-21.389,5240667369607.138,12.719386595472765
357240,309,0,8.831090478607681,38.3243,20.3976,0.0107631,67706.9,54500.8,55179.0,20.416,331.538,249.561,5240667369607.138,12.719386595472765
357241,309,0,9.222421532741606,46.1983,5.6417,0.0112612,67670.9,54462.0,54957.8,227.73,586.45,146.155,5240667369607.138,12.719386595472765
357242,309,0,7.8620898102225265,36.2716,11.1407,0.00431844,67673.4,54517.6,54799.7,76.4974,160.42,-640.545,5240667369607.138,12.719386595472765
357243,309,0,7.76299446877266,31.3355,13.7693,0.0,67062.8,54413.8,54923.2,52.3051,435.837,249.538,5240667369607.138,12.719386595472765
357244,309,0,7.897427405586406,32.1425,11.2642,0.0,67230.7,54289.9,54922.5,204.585,336.678,401.601,5240667369607.138,12.719386595472765
384534,427,1,10.637571560584037,150.972,128.827,0.00609412,2859.15,43603.1,55342.6,198.375,194.82,56.0204,5223970551176.834,12.718000720047751
384535,427,0,10.471860116067605,105.195,12.0193,0.0109602,2849.83,43608.2,55225.2,423.458,92.4851,1.3282,5223970551176.834,12.718000720047751
384536,427,0,10.397704012515312,109.734,4.679,0.0,2892.77,43612.9,55320.7,214.622,183.618,98.7239,5223970551176.834,12.718000720047751
384537,427,0,9.722819419067765,59.549,8.0009,0.0231583,2721.9,43470.0,55303.4,91.8319,293.237,22.9035,5223970551176.834,12.718000720047751
384538,427,0,9.7567097577835,64.6217,5.3141,0.0196546,2863.81,43657.1,55298.9,272.39,220.103,226.301,5223970551176.834,12.718000720047751
384539,427,0,9.16430279286803,44.2463,11.4785,0.0118832,3085.7,43476.7,55181.5,150.883,278.43,130.074,5223970551176.834,12.718000720047751
384540,427,0,8.10101932118342,32.0459,10.9186,0.00682372,2866.47,43513.3,55672.1,23.1617,366.672,82.0608,5223970551176.834,12.718000720047751
384541,427,0,8.278969503385788,33.8892,8.6744,0.0082722,2752.53,43802.6,55277.3,379.818,102.114,163.003,5223970551176.834,12.718000720047751
384542,427,0,7.22415066922053,27.3631,10.1838,0.00110232,2796.24,43468.9,55407.7,232.182,77.516,-310.385,5223970551176.834,12.718000720047751
384543,427,0,7.517264876171626,27.2632,8.6976,0.00121021,2857.7,43476.7,55634.6,237.171,374.826,-109.683,5223970551176.834,12.718000720047751
388249,446,1,11.139239819343754,166.551,110.582,0.013637,74253.7,51749.6,31310.2,102.663,-34.8598,165.253,5219019891802.526,12.71758895213111
388250,446,0,10.785936897719894,125.731,11.1046,0.0253089,74197.7,51791.0,31189.9,55.3901,71.4418,135.793,5219019891802.526,12.71758895213111
388251,446,0,8.816038639313966,45.5013,5.7096,0.0108835,74174.0,51761.2,31209.9,282.053,-172.54,-271.202,5219019891802.526,12.71758895213111
388252,446,0,8.266169038869421,29.5701,4.5459,0.0,74255.8,51724.6,31158.9,251.645,61.0921,375.141,5219019891802.526,12.71758895213111
388253,446,0,6.255514638366137,19.4829,10.7236,0.0,74369.6,51877.8,31139.5,-195.564,95.8514,126.032,5219019891802.526,12.71758895213111
388254,446,0,,17.1707,12.1926,0.0,74300.9,52063.4,31148.0,24.772,-130.218,35.8655,5219019891802.526,12.71758895213111
388255,446,0,,19.1902,9.5355,0.0,74360.6,51954.5,30997.5,-76.0587,143.768,251.205,5219019891802.526,12.71758895213111
388256,446,0,7.62155465360283,25.913,5.3412,0.0,74229.7,51660.6,31364.1,334.621,243.349,109.885,5219019891802.526,12.71758895213111
388257,446,0,6.650597436193694,21.2394,6.9829,0.0,74198.3,51989.8,31352.4,-72.2254,-233.115,-34.314,5219019891802.526,12.71758895213111
388258,446,0,6.654876234172969,17.1396,10.1802,0.0,73943.5,51690.6,31126.6,162.496,198.275,310.931,5219019891802.526,12.71758895213111
378526,398,1,10.921463754058218,154.596,102.585,0.00775117,25480.0,60589.5,54129.5,107.504,-169.937,5.4433,5196869644331.728,12.715741823334803
378527,398,0,10.266557899215286,87.9217,34.5432,0.0282611,25934.0,60418.9,54213.0,168.084,-507.66,91.1386,5196869644331.728,12.715741823334803
378528,398,0,10.296713109696022,94.282,19.2693,0.0282084,25535.9,60724.9,54018.5,-233.076,-55.5976,-2.1601,5196869644331.728,12.715741823334803
378529,398,0,9.229323619636537,48.6216,2.8078,0.0169097,25499.4,60567.6,54146.3,-142.035,-168.637,318.983,5196869644331.728,12.715741823334803
378530,398,0,8.134262393540444,37.9666,8.7911,0.0,25602.5,60730.5,54083.3,-337.435,-60.7296,139.428,5196869644331.728,12.715741823334803
378531,398,0,7.076566168465975,27.1249,17.5352,0.0,25850.1,60474.3,54435.8,264.432,-130.741,216.35,5196869644331.728,12.715741823334803
378532,398,0,9.15629799586339,41.2151,2.3971,0.0,25488.4,60607.4,54090.7,0.183,66.2452,-169.301,5196869644331.728,12.715741823334803
378533,398,0,7.8969399818742945,32.3266,7.8532,0.0,25638.4,60705.7,54030.4,-167.926,75.0672,215.864,5196869644331.728,12.715741823334803
378534,398,0,7.2783957762795914,27.5919,6.7698,0.0,25475.9,60682.7,53937.8,243.722,-359.589,-41.989,5196869644331.728,12.715741823334803
378535,398,0,7.129149646019805,20.6704,12.5315,0.0,25274.6,60591.2,54406.7,208.174,-178.487,-218.837,5196869644331.728,12.715741823334803
380934,410,1,11.1052088797271,155.695,128.338,0.0136524,70367.4,16341.0,120.506,108.451,209.536,53.4588,5164926651131.625,12.713064158336767
380935,410,0,10.505302217561267,117.221,3.486,0.0103521,70376.7,16351.3,89.0043,-24.8003,91.7093,373.632,5164926651131.625,12.713064158336767
380936,410,0,9.582432772660825,64.1151,11.8859,0.00900392,70256.3,16378.9,176.677,8.8991,69.5093,379.569,5164926651131.625,12.713064158336767
380937,410,0,9.645832855965777,62.8394,15.9661,0.0145934,70486.6,16252.1,13.2971,201.58,437.583,-81.7278,5164926651131.625,12.713064158336767
380938,410,0,8.632928386590786,39.1322,15.2727,0.00941438,70120.2,16030.2,395.616,298.016,94.464,-61.0911,5164926651131.625,12.713064158336767
380939,410,0,8.960129227715173,45.9286,9.7319,0.00664949,70479.0,16246.3,84.55,-100.225,330.567,351.203,5164926651131.625,12.713064158336767
380940,410,0,8.812419907421585,42.8897,11.9949,0.00996358,70342.4,16140.9,103.229,331.928,334.68,-149.406,5164926651131.625,12.713064158336767
380941,410,0,9.469171716507494,55.0632,4.3044,0.012105,70415.2,16346.7,95.9193,-53.4416,474.736,-154.156,5164926651131.625,12.713064158336767
380942,410,0,8.292091180707693,28.928,11.9354,0.00321306,70517.9,16488.6,74645.5,99.0084,165.915,211.775,5164926651131.625,12.713064158336767
380943,410,0,7.261875452375488,25.9296,11.1905,0.00247737,70398.1,16020.2,318.061,159.787,46.1746,-165.528,5164926651131.625,12.713064158336767
386247,435,1,10.92243827625084,159.279,114.18,0.0162526,60445.3,9772.74,13294.2,52.4355,171.716,131.38,5164471635573.517,12.71302589652505
386248,435,0,9.771223484822132,70.6842,18.736,0.0115755,60234.9,9788.53,13389.0,-131.174,-17.6947,218.303,5164471635573.517,12.71302589652505
386249,435,0,9.397349777654739,52.388,14.9469,0.0131643,60749.7,9828.81,13253.3,-221.829,237.459,237.221,5164471635573.517,12.71302589652505
386250,435,0,9.379216367532665,52.1621,12.0842,0.0171911,60344.3,9696.94,13485.9,-167.387,248.23,205.683,5164471635573.517,12.71302589652505
386251,435,0,8.412540153063047,41.7965,10.7678,0.00456281,60539.9,9904.06,13313.4,-297.928,359.456,238.109,5164471635573.517,12.71302589652505
386252,435,0,9.670381179479367,48.8996,3.0147,0.0393913,60432.5,9789.71,13177.1,37.7334,219.821,215.091,5164471635573.517,12.71302589652505
386253,435,0,9.419472323929877,52.7178,3.2537,0.0197904,60451.8,9805.13,13308.1,88.9199,-36.9109,-193.363,5164471635573.517,12.71302589652505
386254,435,0,8.49657504991236,34.6804,10.3138,0.00793137,60591.3,10050.7,13244.4,138.893,141.549,211.273,5164471635573.517,12.71302589652505
386255,435,0,6.709484282482262,23.8819,9.8434,0.00074615,60305.9,9802.8,13234.8,183.323,-85.5533,410.08,5164471635573.517,12.71302589652505
386256,435,0,6.867255353314778,22.6385,9.4652,0.0,60588.0,9897.71,13102.9,67.741,117.199,-131.831,5164471635573.517,12.71302589652505
391681,464,1,10.977122561646736,164.755,101.103,0.0157304,29586.0,31438.0,4192.98,19.6237,16.8624,-14.8757,5127432468122.602,12.709899949115519
391682,464,0,10.224968744221265,99.6202,6.1163,0.006555,29577.7,31476.6,4145.76,-179.289,258.079,219.186,5127432468122.602,12.709899949115519
391683,464,0,7.1849335640804295,26.4315,15.4213,0.00147562,29681.3,31261.6,4559.78,162.74,143.939,-148.475,5127432468122.602,12.709899949115519
391684,464,0,8.06864700382952,29.5497,6.9671,0.00443029,29605.7,31317.7,4092.51,-231.844,196.108,130.809,5127432468122.602,12.709899949115519
391685,464,0,7.114130716103436,22.9806,9.018,0.00131306,29398.3,31277.1,4063.09,71.0615,230.026,181.465,5127432468122.602,12.709899949115519
391686,464,0,9.112065255070934,20.5405,0.3551,0.0215773,29589.1,31426.4,4196.07,267.772,79.928,-114.82,5127432468122.602,12.709899949115519
391687,464,0,7.721336146530724,27.7438,5.1532,0.0,29652.1,31457.6,4281.87,-330.589,16.0108,8.3341,5127432468122.602,12.709899949115519
391688,464,0,8.819054077066903,14.6675,0.4138,0.0138828,29574.0,31407.6,4206.44,289.833,-106.448,-50.5245,5127432468122.602,12.709899949115519
391689,464,0,7.2671058786855385,21.3789,4.3598,0.0,29853.9,31540.4,4363.25,-36.5677,-55.7494,25.1165,5127432468122.602,12.709899949115519
391690,464,0,7.840975367874638,20.7174,3.2598,0.0,29644.5,31316.0,4054.8,73.5961,-1.478,-153.036,5127432468122.602,12.709899949115519
363736,335,1,10.941476514414308,150.005,127.446,0.00610629,16065.0,48339.9,40913.1,-39.5915,-80.8917,470.156,5114848359622.961,12.708832762670818
363737,335,0,10.553319980788991,98.4431,43.8451,0.00828495,15838.3,48484.1,41395.0,-53.3061,-123.748,304.065,5114848359622.961,12.708832762670818
363738,335,0,10.23085979782014,78.9335,47.7429,0.0329967,15850.0,48136.4,40345.0,-117.056,-66.7852,607.612,5114848359622.961,12.708832762670818
363739,335,0,9.68611699497709,62.9957,24.8849,0.00966373,16028.5,48191.7,40407.7,-183.405,32.6684,601.133,5114848359622.961,12.708832762670818
363740,335,0,9.34119699707783,51.8924,21.9183,0.0111244,15877.7,48534.8,41656.8,-100.939,16.0531,304.27,5114848359622.961,12.708832762670818
363741,335,0,9.392879128011801,58.1092,10.7328,0.0114802,15988.9,48432.1,40972.1,142.227,-346.262,634.025,5114848359622.961,12.708832762670818
363742,335,0,9.331728174805912,52.1592,10.9238,0.0148563,16032.2,48139.6,40931.6,166.505,10.2822,543.306,5114848359622.961,12.708832762670818
363743,335,0,8.16919823496825,35.744,18.351,0.00272793,16214.8,48608.8,41098.1,-113.847,-249.783,323.325,5114848359622.961,12.708832762670818
363744,335,0,9.201116392531878,46.6359,8.625,0.0175041,16297.8,48131.8,41062.5,-1.3423,35.3803,384.306,5114848359622.961,12.708832762670818
363745,335,0,9.236028381509547,40.4964,6.9394,0.0150891,16147.4,48406.5,41161.8,-67.9184,-191.232,344.897,5114848359622.961,12.708832762670818
375401,384,1,10.930542823837955,153.859,129.264,0.0118845,5293.11,49130.6,40851.7,442.594,367.332,293.469,5113785605462.983,12.708742516354343
375402,384,0,10.610733697064603,129.6,6.6786,0.0170457,5341.74,49116.5,40869.4,137.18,286.208,86.8866,5113785605462.983,12.708742516354343
375403,384,0,10.538951192198052,93.0041,14.2253,0.0288221,5168.35,49293.2,40881.2,535.434,320.449,304.193,5113785605462.983,12.708742516354343
375404,384,0,9.375292280695541,51.8069,11.3138,0.0142724,5324.15,49131.4,41097.2,474.24,465.479,343.302,5113785605462.983,12.708742516354343
375405,384,0,9.228149901216804,53.7705,10.4449,0.0183429,5305.25,49016.7,41030.4,371.967,495.722,459.162,5113785605462.983,12.708742516354343
375406,384,0,8.413407181663862,37.8983,10.0485,0.00457413,5328.0,48929.6,40909.1,415.526,405.763,616.764,5113785605462.983,12.708742516354343
375407,384,0,8.452501273047435,33.3959,12.1008,0.0116572,5549.24,48964.4,40865.5,294.647,226.348,62.5654,5113785605462.983,12.708742516354343
375408,384,0,8.686561861343543,36.1059,8.8989,0.0128594,5236.03,49010.7,40750.2,411.312,172.98,262.279,5113785605462.983,12.708742516354343
375409,384,0,8.07903162568178,30.6415,8.6371,0.0,5323.43,49050.3,40968.2,575.765,595.469,507.096,5113785605462.983,12.708742516354343
375410,384,0,9.21518147739393,29.6519,1.1087,0.0,5277.49,49163.3,40868.2,516.068,386.684,405.583,5113785605462.983,12.708742516354343
393888,477,1,11.061172566867944,165.471,99.8081,0.00897902,59577.2,43974.0,62766.4,-101.68,130.422,-129.587,5113728841145.833,12.708737695548695
393889,477,0,8.966339222006031,47.8973,11.447,0.0116322,59618.2,44008.5,62897.2,-331.776,383.703,12.6434,5113728841145.833,12.708737695548695
393890,477,0,7.530882643708981,25.5233,11.6046,0.00190012,59453.4,43625.5,62756.5,-42.4907,120.745,-333.746,5113728841145.833,12.708737695548695
393891,477,0,7.281759809225963,26.2392,11.4579,0.00295784,59416.7,43884.9,62985.0,-254.892,-82.7414,-266.831,5113728841145.833,12.708737695548695
393892,477,0,7.69717114888059,28.2999,8.7537,0.0,59510.2,43781.1,62476.5,-204.536,281.001,-119.086,5113728841145.833,12.708737695548695
393893,477,0,7.65897271599284,22.3226,7.6203,0.0,59485.3,43726.6,63009.2,-165.187,244.066,-215.998,5113728841145.833,12.708737695548695
393894,477,0,7.16828534897876,21.3758,9.3445,0.00092612,59811.5,43923.3,62808.2,-348.55,257.151,-294.251,5113728841145.833,12.708737695548695
393895,477,0,8.665295370375679,28.1187,3.2068,0.0,59550.2,43964.4,62854.2,118.241,131.097,103.439,5113728841145.833,12.708737695548695
393896,477,0,6.773380860775859,22.199,7.7763,0.0,59481.2,43628.8,62634.7,-16.5912,142.018,-273.992,5113728841145.833,12.708737695548695
393897,477,0,6.873305324531188,19.8215,9.2448,0.0,59405.6,43854.9,63086.9,-203.324,-64.2545,-216.085,5113728841145.833,12.708737695548695
384914,429,1,11.104119118064311,156.622,119.013,0.00591159,15381.5,22789.6,533.816,-193.933,-72.4523,52.4147,5082189505312.131,12.706050855042745
384915,429,0,9.421393569244904,34.2936,1.4005,0.0,15312.8,22803.2,550.758,-255.919,-19.9816,117.929,5082189505312.131,12.706050855042745
384916,429,0,9.343098244975765,33.9582,1.6314,0.0,15335.6,22815.3,594.936,-236.778,-101.666,62.777,5082189505312.131,12.706050855042745
384917,429,0,8.07354572770375,30.9675,7.5726,0.0,15169.2,22915.5,522.723,17.3264,-32.0445,-16.0614,5082189505312.131,12.706050855042745
384918,429,0,8.977386042715965,32.4759,2.1723,0.0,15418.3,22857.3,523.773,-364.756,-154.622,113.362,5082189505312.131,12.706050855042745
384919,429,0,6.99262903686169,22.2514,11.8821,0.0,15420.0,22537.9,335.839,36.9121,-169.376,-56.5929,5082189505312.131,12.706050855042745
384920,429,0,7.06678189898183,20.0317,12.5949,0.0,15579.7,22506.7,363.553,-129.429,-247.532,5.0897,5082189505312.131,12.706050855042745
384921,429,0,8.460457043451237,28.8243,3.6518,0.0,15289.1,22785.1,633.81,-83.9713,139.873,3.9577,5082189505312.131,12.706050855042745
384922,429,0,6.06678189898183,18.9148,9.9017,0.0,14965.0,22979.2,587.114,-245.975,63.2835,111.263,5082189505312.131,12.706050855042745
384923,429,0,7.041311080439681,20.3347,7.6832,0.0,14893.8,22954.6,695.554,-131.361,-135.055,-53.6496,5082189505312.131,12.706050855042745
383945,424,1,10.735666541986324,150.96,149.399,0.00765348,47517.9,4935.29,40967.5,165.786,-205.465,-85.7191,5078715619204.634,12.705753895351155
383946,424,0,10.53121484631208,111.262,20.5412,0.0212935,47424.4,4843.77,41025.8,330.06,-160.596,-359.945,5078715619204.634,12.705753895351155
383947,424,0,10.393796624528223,118.082,1.9293,0.00729884,47522.5,4919.29,40971.0,188.277,-231.127,139.182,5078715619204.634,12.705753895351155
383948,424,0,9.548550982885553,58.7409,14.9505,0.00985824,47298.9,5040.37,41050.2,19.5974,-105.124,0.9698,5078715619204.634,12.705753895351155
383949,424,0,9.450415494746402,60.5417,12.3003,0.0193238,47550.9,4968.11,40797.4,-65.7045,35.4646,73.8985,5078715619204.634,12.705753895351155
383950,424,0,10.044492773266489,85.2005,2.2036,0.0236171,47511.1,4933.2,40984.7,201.798,-580.074,8.1989,5078715619204.634,12.705753895351155
383951,424,0,8.837391584791357,43.6148,9.4751,0.00752702,47420.0,5111.48,40917.3,246.574,-185.835,-268.14,5078715619204.634,12.705753895351155
383952,424,0,8.40571725954475,41.314,10.8972,0.00541491,47637.1,4982.84,40793.2,101.31,-342.682,182.22,5078715619204.634,12.705753895351155
383953,424,0,8.819986665226962,40.918,8.7547,0.00918369,47286.2,4885.83,41154.5,292.73,-202.904,-408.918,5078715619204.634,12.705753895351155
383954,424,0,9.149744422039682,45.0681,4.5886,0.0196146,47496.2,5062.98,40990.3,183.267,-318.407,32.0788,5078715619204.634,12.705753895351155
372778,372,1,11.10149765546964,159.31,117.133,0.00728902,45705.0,17470.1,41546.8,45.1841,-31.2879,46.7793,5069518448294.951,12.70496670781839
372779,372,0,10.31791165901318,95.2564,45.2057,0.0143278,45296.6,17767.9,41735.4,144.029,-197.169,-38.2027,5069518448294.951,12.70496670781839
372780,372,0,9.848941439617066,77.4575,11.3431,0.0166734,45592.7,17461.1,41597.9,-90.7206,-308.081,202.38,5069518448294.951,12.70496670781839
372781,372,0,7.693161253248761,29.8289,12.4142,0.00351969,45594.1,17274.6,41842.7,-143.648,116.269,6.8468,5069518448294.951,12.70496670781839
372782,372,0,7.921203255510827,29.3404,8.9223,0.0,45632.4,17115.5,41725.5,-71.5652,17.1737,128.383,5069518448294.951,12.70496670781839
372783,372,0,7.7526936269457405,28.6104,9.3198,0.0,46017.4,17412.5,41391.4,141.402,-94.6355,26.2489,5069518448294.951,12.70496670781839
372784,372,0,9.016937160695374,30.1196,3.1446,0.0108416,45706.7,17326.5,41676.3,41.0533,-0.0165,-8.0584,5069518448294.951,12.70496670781839
372785,372,0,8.189681819965951,25.7633,7.5349,0.00539813,45839.8,17247.2,41711.1,-6.1815,-31.9744,60.3429,5069518448294.951,12.70496670781839
372786,372,0,9.12720239069574,32.7357,1.7138,0.0,45685.8,17504.1,41506.6,57.4652,-39.4439,102.708,5069518448294.951,12.70496670781839
372787,372,0,7.4802726503538945,22.163,11.0872,0.0,45827.3,17243.3,41257.5,109.207,93.8117,17.3491,5069518448294.951,12.70496670781839
358273,313,1,11.05662975762268,153.203,141.56,0.0112794,24088.3,51166.9,45028.4,-235.374,-187.423,451.9,5053291061757.2705,12.703574313649787
358274,313,0,10.588012699991777,132.677,1.8036,0.0115498,24089.3,51169.8,45037.6,-150.548,-171.699,341.341,5053291061757.2705,12.703574313649787
358275,313,0,10.061172566867944,75.7893,16.783,0.0379143,24155.4,51315.9,44828.6,-381.138,-218.516,497.93,5053291061757.2705,12.703574313649787
358276,313,0,9.567077444236705,57.2536,24.6022,0.0128474,23969.2,51434.0,45121.8,-198.16,111.465,652.039,5053291061757.2705,12.703574313649787
358277,313,0,9.352703649340029,47.7315,12.1791,0.014095,23842.4,50911.2,45099.3,-230.224,-210.173,623.638,5053291061757.2705,12.703574313649787
358278,313,0,8.485188089817049,42.8312,15.9956,0.00369334,24287.4,51313.5,44984.9,-581.813,105.94,565.465,5053291061757.2705,12.703574313649787
358279,313,0,8.851751099151942,40.9016,9.7665,0.0112117,24019.7,51404.6,45189.4,-289.38,-319.481,564.84,5053291061757.2705,12.703574313649787
358280,313,0,8.984779037647009,40.6237,6.7273,0.0123786,24146.6,51476.8,45067.8,-191.237,-113.96,324.462,5053291061757.2705,12.703574313649787
358281,313,0,9.556825766493528,60.6644,0.7403,0.0241272,24089.9,51169.0,45026.4,-322.762,-493.615,209.195,5053291061757.2705,12.703574313649787
358282,313,0,7.921510611844889,29.2298,11.4902,0.0,24420.6,51518.6,44923.5,-257.804,-332.643,516.334,5053291061757.2705,12.703574313649787
368697,354,1,11.21313369965748,161.741,109.584,0.0128722,1351.22,20060.6,24932.1,-283.6,-228.29,-636.222,5046652790223.88,12.703003426295616
368698,354,0,10.260001634196975,94.2364,32.8877,0.00836754,1440.56,20101.2,25269.6,-258.569,4.9438,-878.144,5046652790223.88,12.703003426295616
368699,354,0,9.652589468614075,65.3932,35.234,0.0158783,1509.83,20389.2,24723.0,-437.07,-337.181,-372.247,5046652790223.88,12.703003426295616
368700,354,0,9.852776320333808,66.1911,20.1345,0.0216943,1383.66,20390.9,25117.3,-260.285,-287.401,-502.194,5046652790223.88,12.703003426295616
368701,354,0,7.659113287116223,31.6074,19.8718,0.0,1369.42,20225.7,25385.5,-163.946,-280.411,-372.256,5046652790223.88,12.703003426295616
368702,354,0,7.668979303530969,28.6498,17.2142,0.0,1345.82,19984.1,25469.8,-270.231,1.3534,-565.276,5046652790223.88,12.703003426295616
368703,354,0,8.43761576637619,34.9331,8.6761,0.0110805,1154.86,19746.7,24850.5,-265.205,-76.8297,-550.478,5046652790223.88,12.703003426295616
368704,354,0,8.019126720020239,33.4627,9.8317,0.0,1109.22,20017.3,25011.0,-86.5285,-232.553,-565.193,5046652790223.88,12.703003426295616
368705,354,0,8.969514407987038,39.8581,3.6042,0.0,1437.14,20074.6,24931.6,-199.066,-86.5574,-853.695,5046652790223.88,12.703003426295616
368706,354,0,8.861631582092626,37.4304,4.0854,0.0,1311.93,20146.9,24919.6,-7.7284,-608.174,-652.544,5046652790223.88,12.703003426295616
381147,411,1,10.746331687324053,148.247,127.559,0.00873213,27238.7,38443.5,43279.2,-571.45,-189.947,224.086,5042824352389.421,12.702673841425735
381148,411,0,9.70137649915342,69.027,23.9156,0.0143767,27086.1,38200.6,43320.4,-800.609,155.171,105.534,5042824352389.421,12.702673841425735
381149,411,0,10.159580246305502,71.1217,12.9742,0.0450712,27270.4,38414.0,43060.0,-591.045,-178.919,132.952,5042824352389.421,12.702673841425735
381150,411,0,10.035384236983925,72.266,11.2059,0.0226435,27104.1,38344.3,43434.1,-549.981,-54.3265,127.037,5042824352389.421,12.702673841425735
381151,411,0,9.845300403507174,63.0928,4.9875,0.0320052,27175.9,38495.0,43351.9,-614.983,-169.576,126.94,5042824352389.421,12.702673841425735
381152,411,0,8.322268139201999,41.9278,9.5097,0.00425702,27338.0,38363.5,43301.3,-560.996,-358.497,-171.838,5042824352389.421,12.702673841425735
381153,411,0,8.546515706472501,26.3606,6.8209,0.00665517,26981.6,38451.6,43345.4,-425.938,-168.029,130.789,5042824352389.421,12.702673841425735
381154,411,0,9.035926395714348,36.2704,2.4474,0.0,27243.9,38466.9,43339.1,-452.526,-211.564,383.438,5042824352389.421,12.702673841425735
381155,411,0,6.779814970781269,24.9362,7.5009,0.0,27416.5,38528.4,43233.5,-878.413,-172.38,54.3288,5042824352389.421,12.702673841425735
381156,411,0,6.770127703378137,20.8273,10.1895,0.0,27497.1,38571.8,43270.5,-580.307,11.6883,344.768,5042824352389.421,12.702673841425735
373050,373,1,11.250224741074637,158.918,112.704,0.0174638,45883.2,36289.4,72821.2,-0.2856,315.049,-415.086,5030485772086.978,12.7016099250063
373051,373,0,9.034300254586578,47.7631,29.881,0.00590527,45785.9,35906.6,72608.0,190.001,394.162,-276.021,5030485772086.978,12.7016099250063
373052,373,0,9.063348984924238,42.9295,19.5583,0.00897915,46100.8,36528.2,72815.8,-1.8064,518.903,-448.322,5030485772086.978,12.7016099250063
373053,373,0,9.826367513926971,56.8862,1.8611,0.0186058,45848.6,36280.6,72759.3,-0.2158,240.836,-349.223,5030485772086.978,12.7016099250063
373054,373,0,7.95484047597229,31.5919,10.703,0.00324775,45761.4,36344.1,73168.1,-37.9153,394.212,-614.59,5030485772086.978,12.7016099250063
373055,373,0,9.484253592185123,40.8423,0.536,0.0444086,45913.8,36322.0,72789.1,-184.797,329.993,-589.758,5030485772086.978,12.7016099250063
373056,373,0,9.327954390176487,32.231,0.5705,0.0237684,45848.1,36275.8,72820.4,72.3363,214.699,-276.732,5030485772086.978,12.7016099250063
373057,373,0,9.44132607419331,29.902,0.3211,0.0516905,45883.0,36296.3,72805.1,-259.049,230.121,-431.245,5030485772086.978,12.7016099250063
373058,373,0,9.352008668646686,25.6061,0.2955,0.0455639,45895.9,36284.0,72839.4,228.154,437.795,-566.737,5030485772086.978,12.7016099250063
373059,373,0,9.29038626284101,27.4331,0.5384,0.0469912,45855.6,36283.0,72817.2,-12.2912,198.364,-200.48,5030485772086.978,12.7016099250063
369152,356,1,11.144104258576395,156.171,131.606,0.0175414,13231.8,7543.76,19887.4,-38.8967,75.7053,-73.7293,5027390765270.935,12.701342643056856
369153,356,0,10.382475958775593,97.9475,25.9061,0.0357625,12948.1,7533.75,19895.5,-131.626,-117.091,181.227,5027390765270.935,12.701342643056856
369154,356,0,10.447389230824138,131.765,1.0632,0.0,13237.6,7545.56,19888.5,134.617,23.1034,-139.801,5027390765270.935,12.701342643056856
369155,356,0,8.758344566679249,41.378,9.3327,0.00685478,13064.2,7398.98,19758.2,-237.287,94.1185,-9.0125,5027390765270.935,12.701342643056856
369156,356,0,9.453664496991431,31.0344,0.4588,0.0239122,13255.7,7566.57,19880.1,62.0972,12.0627,-273.276,5027390765270.935,12.701342643056856
369157,356,0,9.030330643204417,35.0593,4.9275,0.0164085,13320.5,7517.82,19854.5,-28.15,53.4102,240.107,5027390765270.935,12.701342643056856
369158,356,0,9.248111610270474,22.8163,0.321,0.0,13249.4,7524.59,19879.6,-78.0948,91.2628,-139.619,5027390765270.935,12.701342643056856
369159,356,0,7.092916768520089,22.7693,8.9727,0.00158179,12965.3,7533.52,20130.5,110.382,221.978,75.5471,5027390765270.935,12.701342643056856
369160,356,0,7.593873145022956,26.7181,7.3683,0.0,12990.7,7740.32,19963.6,170.965,218.488,-89.8668,5027390765270.935,12.701342643056856
369161,356,0,9.154832713538367,20.6503,0.3724,0.0576922,13243.0,7508.31,19825.3,-243.447,7.8304,24.3419,5027390765270.935,12.701342643056856
392097,466,1,11.14162008804959,154.493,115.15,0.0141362,25780.7,6718.02,68121.0,-21.0037,-132.399,116.565,5014718807232.848,12.70024658563342
392098,466,0,10.063104556936862,75.5143,10.2115,0.0242823,25928.3,6682.88,68216.6,-186.872,-204.537,244.402,5014718807232.848,12.70024658563342
392099,466,0,9.391772446095224,42.0255,4.275,0.0221789,25796.1,6608.87,68028.6,-32.0538,62.5781,194.723,5014718807232.848,12.70024658563342
392100,466,0,8.335762510775298,30.2714,11.3986,0.00410558,26045.4,6769.48,68314.7,157.921,-75.7181,67.9194,5014718807232.848,12.70024658563342
392101,466,0,8.828671691455606,27.5781,2.622,0.0,25843.0,6684.17,68176.1,12.1268,16.6291,159.219,5014718807232.848,12.70024658563342
392102,466,0,6.8281196503558235,20.5884,5.804,0.0,25531.0,6668.55,68183.4,164.527,-298.858,16.5338,5014718807232.848,12.70024658563342
392103,466,0,6.928066700089362,20.6184,5.0907,0.0,25949.5,6495.13,68266.0,-64.819,-51.3708,-145.101,5014718807232.848,12.70024658563342
392104,466,0,7.24905927535811,19.5346,5.2721,0.0,25922.3,6868.83,68227.2,-19.2193,-34.3547,-104.901,5014718807232.848,12.70024658563342
392105,466,0,6.381342412095346,17.1432,7.3428,0.0,25776.9,6903.14,67924.8,-226.34,-346.258,33.505,5014718807232.848,12.70024658563342
392106,466,0,,14.6893,10.5428,0.0,26038.6,6491.71,68088.0,150.137,61.6708,188.294,5014718807232.848,12.70024658563342
354239,298,1,10.882744462780455,152.478,117.507,0.00876744,11102.7,7162.1,7577.62,271.397,-89.8073,150.999,5013928611897.282,12.700178146199821
354240,298,0,10.945627890873313,139.495,81.5143,0.0247499,11389.6,6593.84,7087.33,159.952,80.2523,201.602,5013928611897.282,12.700178146199821
354241,298,0,10.693938959834801,118.68,11.854,0.013349,11100.6,7233.9,7503.66,305.515,-153.374,136.044,5013928611897.282,12.700178146199821
354242,298,0,9.83920295610357,70.6739,18.2127,0.0189707,11145.5,7040.19,7737.88,147.22,179.861,154.031,5013928611897.282,12.700178146199821
354243,298,0,8.961567510930374,44.9756,6.0683,0.012365,11354.7,6560.08,7156.35,323.398,342.514,38.4539,5013928611897.282,12.700178146199821
354244,298,0,9.007405544745932,40.3811,6.6832,0.00995219,11101.3,7122.14,7495.09,230.989,-365.099,378.527,5013928611897.282,12.700178146199821
354245,298,0,8.805442059789902,42.5128,6.7254,0.013738,11006.9,7217.24,7575.25,196.847,57.4971,-98.6447,5013928611897.282,12.700178146199821
354246,298,0,8.179836300822831,25.348,16.799,0.00306775,11129.7,6801.07,7153.4,259.213,-192.824,252.151,5013928611897.282,12.700178146199821
354247,298,0,9.059933399286159,36.5972,6.7029,0.0127739,11236.2,6633.63,7110.81,185.952,211.543,185.94,5013928611897.282,12.700178146199821
354248,298,0,9.371438734843291,46.8238,1.5031,0.0,11380.1,6635.38,7101.62,104.9,31.4725,299.867,5013928611897.282,12.700178146199821
382921,419,1,10.923951733582557,169.138,104.758,0.0134245,14140.6,10327.1,30737.5,-295.496,89.9909,-405.316,5002745140397.799,12.699208378770239
382922,419,0,10.85645273771094,133.314,17.0493,0.0163928,14102.3,10241.6,30703.5,-389.52,-46.6978,-313.46,5002745140397.799,12.699208378770239
382923,419,0,8.731780701837549,41.8098,14.7925,0.00768956,14415.2,10449.7,30803.3,-549.303,-71.9701,-414.152,5002745140397.799,12.699208378770239
382924,419,0,9.650649032473014,41.6042,0.2963,0.0432948,14099.6,10245.9,30704.7,-177.145,53.8602,-346.704,5002745140397.799,12.699208378770239
382925,419,0,7.499974274187225,31.2077,13.3338,0.00173434,14126.7,10501.1,30528.8,-129.179,47.8472,-204.942,5002745140397.799,12.699208378770239
382926,419,0,9.429819961714744,31.8256,0.3743,0.0522686,14113.9,10256.4,30705.4,-223.778,-133.337,-331.781,5002745140397.799,12.699208378770239
382927,419,0,9.348111621661111,30.541,0.294,0.0461539,14090.3,10233.9,30705.4,-460.526,75.0817,-282.114,5002745140397.799,12.699208378770239
382928,419,0,8.369211473663603,26.4434,10.0137,0.0,13941.0,10376.0,30857.3,-461.215,11.6795,-550.443,5002745140397.799,12.699208378770239
382929,419,0,6.711980234650569,22.7883,14.8492,0.00070098,13887.6,10397.0,31035.9,-231.62,251.103,-473.406,5002745140397.799,12.699208378770239
382930,419,0,9.125625793730537,26.5495,0.4743,0.0385551,14153.0,10323.2,30749.1,-439.523,251.474,-399.251,5002745140397.799,12.699208378770239
378943,400,1,11.131250314184214,151.03,124.074,0.020266,23564.9,44266.0,9938.81,27.6246,-7.7853,-119.115,5002298684538.309,12.699169619656393
378944,400,0,10.23084849449481,82.2016,17.038,0.0296985,23919.3,44425.1,9824.99,99.9126,-109.851,-143.435,5002298684538.309,12.699169619656393
378945,400,0,10.150605988545886,86.1947,12.8371,0.0344757,23605.9,44416.7,10047.4,155.771,143.881,100.769,5002298684538.309,12.699169619656393
378946,400,0,9.952603139255736,61.3013,2.3375,0.0,23563.7,44231.0,9943.46,20.2667,188.443,-170.197,5002298684538.309,12.699169619656393
378947,400,0,8.956565686207151,46.1966,14.8323,0.0122484,23405.6,44535.1,9932.5,142.155,90.7283,-155.844,5002298684538.309,12.699169619656393
378948,400,0,9.075581440410833,44.7097,10.4826,0.00810744,23916.7,44351.3,9909.38,-73.6253,135.024,-20.7187,5002298684538.309,12.699169619656393
378949,400,0,8.078336283669241,32.2913,11.6162,0.0,23230.4,44334.0,10160.8,108.033,39.0839,1.5629,5002298684538.309,12.699169619656393
378950,400,0,8.37490034863405,31.159,10.9607,0.00821979,23922.0,44161.4,9736.96,-34.0526,12.2011,-19.8068,5002298684538.309,12.699169619656393
378951,400,0,8.70616750683721,33.8342,7.2815,0.00790404,23671.2,44251.1,9780.04,-104.0,-90.046,-207.547,5002298684538.309,12.699169619656393
378952,400,0,7.22529706975044,24.2886,13.1416,0.00178744,23283.8,44490.1,10022.7,121.172,-256.785,-193.189,5002298684538.309,12.699169619656393
375909,386,1,11.095281597241435,154.724,119.981,0.00862273,69502.3,60506.5,40431.7,358.701,-147.616,187.821,4999783935186.467,12.698951236779266
375910,386,0,10.517157701905505,110.662,12.7233,0.0221358,69408.0,60550.1,40479.1,459.274,-346.688,546.412,4999783935186.467,12.698951236779266
375911,386,0,10.115872284718344,74.6203,27.1003,0.0241583,69114.0,60689.5,40422.5,525.977,-150.041,7.7494,4999783935186.467,12.698951236779266
375912,386,0,9.759315364604218,66.799,18.6621,0.0252282,69186.5,61009.4,40259.0,475.013,-23.0692,436.664,4999783935186.467,12.698951236779266
375913,386,0,8.574108195277633,34.8971,5.1012,0.0,69354.1,60441.4,40379.3,404.484,-190.803,303.051,4999783935186.467,12.698951236779266
375914,386,0,7.9504792633583765,29.6562,6.2245,0.0,69420.2,60550.0,40579.2,670.12,-198.393,268.676,4999783935186.467,12.698951236779266
375915,386,0,6.008003898428644,18.5234,11.6368,0.0,69413.0,60964.8,40521.0,449.32,-0.6359,-231.53,4999783935186.467,12.698951236779266
375916,386,0,7.424909594334433,21.9638,7.1873,0.0,69270.2,60800.7,40336.9,302.629,-353.724,470.686,4999783935186.467,12.698951236779266
375917,386,0,7.610849943332106,24.5572,5.4459,0.0,69329.2,60413.9,40389.2,575.886,-26.7617,296.632,4999783935186.467,12.698951236779266
375918,386,0,7.095497254317044,22.9574,5.9188,0.0,69479.1,60539.4,40615.8,497.031,-228.367,399.247,4999783935186.467,12.698951236779266
380475,408,1,10.955267091411216,150.198,128.024,0.00699519,74742.6,7030.05,32231.0,-54.1647,396.404,-47.1962,4971053532030.789,12.696448439972714
380476,408,0,9.530538848555969,64.3755,18.9381,0.0123841,74866.6,7292.38,32239.1,-35.65,147.859,110.446,4971053532030.789,12.696448439972714
380477,408,0,8.951254609946528,48.7904,9.1215,0.0103969,74749.4,7156.19,32206.4,35.081,532.183,304.856,4971053532030.789,12.696448439972714
380478,408,0,8.672250608529167,40.0153,10.8325,0.00651946,74814.7,6796.16,32388.6,-146.228,297.487,115.356,4971053532030.789,12.696448439972714
380479,408,0,8.269904333381248,31.6792,11.896,0.00850511,74354.1,7037.49,32226.8,-165.048,318.157,-48.3559,4971053532030.789,12.696448439972714
380480,408,0,8.355489470944338,35.8078,8.477,0.00698293,74582.0,7167.74,32326.1,-102.904,276.435,152.867,4971053532030.789,12.696448439972714
380481,408,0,8.10872397634729,34.7291,9.4824,0.00769626,74856.7,6924.05,32341.3,221.957,446.845,-196.406,4971053532030.789,12.696448439972714
380482,408,0,7.860766681905805,31.129,11.79,0.00456606,74812.5,7072.55,32032.6,-31.8726,245.46,285.855,4971053532030.789,12.696448439972714
380483,408,0,8.722163513418751,33.793,6.0451,0.0128079,74945.8,7076.15,32106.6,-55.2306,477.479,-89.5521,4971053532030.789,12.696448439972714
380484,408,0,6.834735798709342,24.1439,13.5803,0.00045498,74641.1,6720.45,32278.8,319.111,455.285,21.7153,4971053532030.789,12.696448439972714
371471,366,1,11.13633853518236,153.249,111.972,0.0136367,51504.9,38786.1,71266.3,-173.713,-363.131,-158.83,4967446745339.487,12.696133219852477
371472,366,0,10.004558713637302,79.7508,35.7825,0.0123703,51612.6,38888.3,70897.2,-252.264,-324.207,189.476,4967446745339.487,12.696133219852477
371473,366,0,10.073217609697384,82.3106,1.9626,0.0372122,51497.5,38795.2,71241.9,-285.117,-440.665,-70.9618,4967446745339.487,12.696133219852477
371474,366,0,8.663518146958697,44.3695,10.2822,0.00955552,51665.8,38963.2,70853.9,-340.288,-315.455,86.4325,4967446745339.487,12.696133219852477
371475,366,0,9.79401111289606,45.3459,0.4012,0.055945,51489.3,38764.4,71296.7,56.3797,-336.363,-34.9797,4967446745339.487,12.696133219852477
371476,366,0,9.548877193077582,32.6832,0.2729,0.0391839,51509.0,38779.1,71284.2,112.043,-234.81,-201.924,4967446745339.487,12.696133219852477
371477,366,0,9.152988496439079,42.1815,6.4299,0.0146517,51436.6,38867.9,71312.8,-430.21,-247.385,-177.574,4967446745339.487,12.696133219852477
371478,366,0,8.150520316769933,33.9736,9.8278,0.00215552,51554.2,38728.0,71443.4,-324.5,-522.293,22.4069,4967446745339.487,12.696133219852477
371479,366,0,9.353388995200937,39.3603,3.0394,0.0,51588.1,38753.5,71231.8,-231.801,-327.418,-125.656,4967446745339.487,12.696133219852477
371480,366,0,7.344666621054836,26.6164,17.5957,0.0008354,51489.1,39014.0,71577.6,-78.2289,-151.837,-136.5,4967446745339.487,12.696133219852477
387438,441,1,11.118712156257645,155.539,119.23,0.0163756,20954.6,2624.99,24366.0,-128.089,219.029,64.6134,4955277556967.588,12.695067985376989
387439,441,0,10.768453699234565,133.903,11.1889,0.00608192,20880.7,2581.08,24339.6,16.1781,160.415,-50.8514,4955277556967.588,12.695067985376989
387440,441,0,7.913447790814065,30.1696,10.9193,0.0,21050.4,2561.25,24584.5,-224.012,251.31,251.097,4955277556967.588,12.695067985376989
387441,441,0,8.565946762832871,29.7971,4.588,0.0,20951.3,2361.94,24373.1,-71.1243,131.695,-28.2412,4955277556967.588,12.695067985376989
387442,441,0,8.03620960816809,29.2934,5.7872,0.0,20764.7,2458.6,24445.6,-60.6427,18.0817,-79.6653,4955277556967.588,12.695067985376989
387443,441,0,7.664976561077294,27.7304,6.4787,0.0,20861.8,2430.59,24252.3,-239.056,87.6272,182.396,4955277556967.588,12.695067985376989
387444,441,0,6.991322887059406,24.3822,7.8134,0.0,21199.8,2579.01,24492.0,-164.198,332.273,-81.4391,4955277556967.588,12.695067985376989
387445,441,0,9.117088219847483,18.163,0.2608,0.0,20946.4,2615.34,24398.3,-360.146,171.927,57.8393,4955277556967.588,12.695067985376989
387446,441,0,8.74720921728127,27.583,3.2408,0.0,20950.5,2746.27,24245.8,-168.623,141.485,-6.3459,4955277556967.588,12.695067985376989
387447,441,0,6.299488576186395,21.402,10.2529,0.0,21061.4,2761.33,24241.9,40.4896,151.493,-282.628,4955277556967.588,12.695067985376989
328251,217,1,10.919085044220749,143.647,156.84,0.0058893,37272.8,61934.9,45760.6,151.438,231.021,75.7319,4950923823944.263,12.694686244227835
328252,217,0,11.075573898359478,136.854,55.18,0.0142492,37010.6,62168.4,45695.9,48.5799,181.631,-269.69,4950923823944.263,12.694686244227835
328253,217,0,10.587630113459422,125.032,14.8273,0.00763865,37345.6,62093.1,45792.0,153.825,270.528,-52.4729,4950923823944.263,12.694686244227835
328254,217,0,10.290543920568505,89.6278,15.409,0.0285322,37099.5,62309.1,45755.3,-144.176,194.539,-488.221,4950923823944.263,12.694686244227835
328255,217,0,9.977602788037272,68.7089,6.6655,0.0253428,37324.3,62047.7,45828.4,240.685,434.302,-52.6815,4950923823944.263,12.694686244227835
328256,217,0,9.584333561776798,59.376,11.3092,0.016024,37350.7,62167.3,45679.6,38.1687,256.059,-65.155,4950923823944.263,12.694686244227835
328257,217,0,9.17549674807325,49.8313,13.5497,0.00845075,37188.2,61800.5,45505.8,199.763,13.0566,242.536,4950923823944.263,12.694686244227835
328258,217,0,9.562066217817451,51.7772,9.0328,0.0168244,37145.5,62189.4,45584.7,12.9303,58.1521,-28.9595,4950923823944.263,12.694686244227835
328259,217,0,9.590091975779506,51.377,2.5258,0.0,37350.8,62068.4,45792.1,148.468,149.578,-143.076,4950923823944.263,12.694686244227835
328260,217,0,8.506214534011914,37.2546,8.907,0.00912393,37471.6,62061.0,45739.1,74.6885,239.124,-130.793,4950923823944.263,12.694686244227835
368170,352,1,11.066896229820248,154.686,147.327,0.0110885,3267.82,49487.6,19684.7,48.8557,-162.456,106.66,4917249068560.627,12.691722206736767
368171,352,0,10.500499084278701,123.841,2.9572,0.0290676,3281.46,49494.9,19721.4,-21.3353,-162.654,17.4854,4917249068560.627,12.691722206736767
368172,352,0,10.063147799113201,89.679,1.1041,0.0382025,3262.67,49487.7,19687.3,412.77,-143.345,475.276,4917249068560.627,12.691722206736767
368173,352,0,9.174729954008695,39.3754,14.591,0.016908,3307.68,49734.7,19595.4,81.7763,30.3502,148.366,4917249068560.627,12.691722206736767
368174,352,0,9.335777306601274,44.5435,5.8063,0.01961,3343.06,49464.6,19784.3,-175.602,-255.634,104.929,4917249068560.627,12.691722206736767
368175,352,0,8.018697059696406,35.4971,16.3996,0.00393724,3280.0,49342.3,19903.6,-147.267,145.066,72.8811,4917249068560.627,12.691722206736767
368176,352,0,9.051969537251972,40.0437,6.5895,0.0,3253.52,49371.0,19791.0,237.853,-35.5062,45.2244,4917249068560.627,12.691722206736767
368177,352,0,9.31565183687921,33.4954,4.6792,0.0179229,3143.57,49517.1,19675.1,270.417,-195.062,208.251,4917249068560.627,12.691722206736767
368178,352,0,8.233463014374347,24.0192,13.217,0.0,2926.2,49675.8,19762.7,-103.474,-153.043,10.6475,4917249068560.627,12.691722206736767
368179,352,0,7.645406603698422,29.9662,8.42,0.00352682,3245.61,49343.0,19538.1,-161.456,-344.59,140.337,4917249068560.627,12.691722206736767
371013,364,1,11.079392764030196,155.644,139.111,0.00951071,8252.84,15042.0,61178.2,182.098,197.941,146.098,4913793653381.726,12.691416915050194
371014,364,0,10.285862149084478,90.2146,25.2753,0.0265087,8329.86,15326.0,61309.5,407.089,244.76,42.674,4913793653381.726,12.691416915050194
371015,364,0,9.58322522144319,61.3019,24.5304,0.0196577,8428.44,15350.5,60908.0,28.9845,88.1819,300.128,4913793653381.726,12.691416915050194
371016,364,0,10.117956410466553,80.3858,1.3596,0.0,8255.06,15026.9,61183.4,188.278,153.788,148.486,4913793653381.726,12.691416915050194
371017,364,0,9.52577908136981,60.6917,4.9126,0.018291,8227.4,15070.7,61208.3,345.699,67.1517,511.687,4913793653381.726,12.691416915050194
371018,364,0,8.800172190634173,44.8487,5.7214,0.0110309,8310.11,15050.9,61198.9,-119.273,-77.7274,424.253,4913793653381.726,12.691416915050194
371019,364,0,8.127623126058332,28.5201,17.3929,0.00517927,8224.17,14856.2,60823.3,63.4481,145.772,-76.1233,4913793653381.726,12.691416915050194
371020,364,0,7.744919788228108,32.0815,9.2363,0.00209716,8432.92,14926.4,61279.7,-32.1239,180.749,389.782,4913793653381.726,12.691416915050194
371021,364,0,7.122431144358693,30.5729,12.0392,0.00081783,8136.15,15079.5,61363.8,489.007,363.957,-8.1692,4913793653381.726,12.691416915050194
371022,364,0,7.167849966003044,28.5763,11.9047,0.0,8436.24,14853.8,61104.2,297.761,289.784,276.811,4913793653381.726,12.691416915050194
384103,425,1,11.022288191153343,148.048,150.439,0.00830354,38254.3,37115.4,74685.1,98.6478,-106.394,-260.953,4912747117598.077,12.691324409512738
384104,425,0,10.544695887608606,113.67,5.0865,0.0147767,38286.0,37132.7,74690.7,-124.093,-272.686,-217.581,4912747117598.077,12.691324409512738
384105,425,0,10.059408671999009,78.4662,12.3921,0.0262086,38409.3,37179.9,74700.7,175.335,121.551,-454.673,4912747117598.077,12.691324409512738
384106,425,0,8.44609889340437,41.2655,15.8416,0.00370561,38290.7,36864.5,74697.1,-74.6525,27.1159,-457.86,4912747117598.077,12.691324409512738
384107,425,0,9.904216095017862,48.1181,1.44,0.0,38301.2,37134.4,74689.1,112.933,-256.798,-281.88,4912747117598.077,12.691324409512738
384108,425,0,7.6855579561387914,28.9592,17.7407,0.00177993,38266.8,37437.5,74405.2,195.664,-104.717,-64.0519,4912747117598.077,12.691324409512738
384109,425,0,8.62936083514884,35.6989,10.3918,0.00765606,38350.8,37381.8,74521.4,153.355,35.2522,-372.198,4912747117598.077,12.691324409512738
384110,425,0,8.985588348182311,36.9519,5.6054,0.0166486,38353.3,37218.1,74632.7,-32.0982,-68.4554,-166.888,4912747117598.077,12.691324409512738
384111,425,0,9.258805623535405,23.635,0.3132,0.0,38280.2,37132.5,74673.2,-151.058,-290.649,-237.952,4912747117598.077,12.691324409512738
384112,425,0,7.2085689268675255,25.2344,10.6441,0.0,38040.9,37271.7,74546.5,65.0962,-43.1985,-9.5372,4912747117598.077,12.691324409512738
379732,404,1,11.127714390946704,151.898,124.522,0.0107281,56761.4,34048.1,25090.8,3.4767,-182.624,-30.7875,4906644052483.531,12.690784553670898
379733,404,0,9.489330184324524,64.9844,33.5309,0.0137712,56825.6,34447.5,25097.9,1.1913,-453.74,-6.2372,4906644052483.531,12.690784553670898
379734,404,0,9.317130861679988,52.8717,9.228,0.0127682,56872.1,34428.7,25104.1,65.1112,-409.431,-109.775,4906644052483.531,12.690784553670898
379735,404,0,8.468313310483635,37.2818,15.3905,0.0082797,56624.2,34258.1,24796.0,-83.1615,-208.116,218.313,4906644052483.531,12.690784553670898
379736,404,0,9.237489120808643,41.8721,6.427,0.0,56845.8,33977.7,25322.6,-32.934,-89.2416,-154.678,4906644052483.531,12.690784553670898
379737,404,0,8.703675879677114,39.2171,7.7525,0.00932474,56919.2,34059.1,25120.9,55.3666,-147.739,-276.358,4906644052483.531,12.690784553670898
379738,404,0,9.38384238754018,37.6328,1.7407,0.0,56819.8,34031.2,25063.0,46.0775,-197.384,3.1837,4906644052483.531,12.690784553670898
379739,404,0,8.300837617152794,34.5657,5.7165,0.0,56792.9,33885.1,25066.4,-153.077,-113.358,-127.276,4906644052483.531,12.690784553670898
379740,404,0,7.6770106793872195,23.9408,12.6057,0.0,56806.7,34501.2,25284.8,-76.8673,-58.6521,65.4936,4906644052483.531,12.690784553670898
379741,404,0,8.017467111318673,30.5145,5.892,0.0,56681.8,33991.4,24951.6,51.6102,-394.815,-113.303,4906644052483.531,12.690784553670898
366338,345,1,10.851071390487478,139.128,150.954,0.0165575,74543.6,43787.2,28414.2,243.865,-50.5418,24.0264,4881891206122.444,12.688588096853568
366339,345,0,10.674737507674056,117.924,12.5608,0.011772,74457.8,43795.6,28430.7,287.743,25.2897,-125.829,4881891206122.444,12.688588096853568
366340,345,0,10.167687892086402,87.5516,6.9539,0.023182,74479.5,43663.6,28422.4,321.361,-20.7169,45.922,4881891206122.444,12.688588096853568
366341,345,0,9.963326254717119,69.1384,17.6446,0.0232778,74625.4,43545.6,28188.6,434.741,20.8855,-84.973,4881891206122.444,12.688588096853568
366342,345,0,9.418142695356456,56.9625,22.8757,0.0137902,74591.0,43598.2,28016.7,262.985,-215.253,3.1736,4881891206122.444,12.688588096853568
366343,345,0,9.898029430648803,65.384,11.6572,0.0182832,74377.6,43697.7,28516.1,162.93,98.6222,75.8327,4881891206122.444,12.688588096853568
366344,345,0,9.755317736644157,57.7649,13.8991,0.0221774,74386.0,43945.2,28283.5,273.186,-58.4549,-135.838,4881891206122.444,12.688588096853568
366345,345,0,9.337829037258468,64.1462,13.1102,0.00872701,74667.2,43925.2,28318.0,87.3773,96.277,248.214,4881891206122.444,12.688588096853568
366346,345,0,9.433623166314216,58.5192,11.5513,0.0138143,74481.3,43763.4,28316.1,-119.488,-230.272,57.5875,4881891206122.444,12.688588096853568
366347,345,0,9.33501318315794,25.944,0.2576,0.0411255,74536.1,43783.0,28422.4,122.583,-234.914,-89.3152,4881891206122.444,12.688588096853568
385582,432,1,11.04398148871992,161.063,107.871,0.0118535,65227.5,61500.8,32028.1,51.5282,152.02,202.111,4880746909570.37,12.688486287962442
385583,432,0,9.781491428668925,66.009,20.3028,0.0275784,65163.2,61231.1,31964.3,171.252,48.6059,-23.0124,4880746909570.37,12.688486287962442
385584,432,0,8.001344268759901,32.0673,9.1091,0.0,65465.3,61819.0,32006.3,17.8062,13.564,165.495,4880746909570.37,12.688486287962442
385585,432,0,8.170369132977568,29.7519,9.4443,0.00604383,65321.8,61756.8,32109.5,75.6133,-10.8592,130.678,4880746909570.37,12.688486287962442
385586,432,0,8.490773947938663,37.8917,4.7578,0.00852259,65239.9,61440.0,32051.0,-241.441,332.875,-148.352,4880746909570.37,12.688486287962442
385587,432,0,6.633047796677296,25.5149,8.6685,0.0,65168.4,61333.4,32105.2,188.242,227.398,543.128,4880746909570.37,12.688486287962442
385588,432,0,7.528420972298137,30.13,5.5706,0.00251149,65296.8,61526.8,32056.0,250.463,-237.361,-48.6391,4880746909570.37,12.688486287962442
385589,432,0,6.262576492853624,20.9603,9.989,0.00020023,65206.4,61399.0,32346.1,8.2506,-82.3129,-3.2971,4880746909570.37,12.688486287962442
385590,432,0,6.536510728717407,21.3888,9.0646,0.0,65208.9,61292.3,32089.3,210.573,-157.912,153.468,4880746909570.37,12.688486287962442
385591,432,0,7.07170158700538,20.2235,6.7179,0.0,65235.2,61273.2,32265.4,76.7449,331.077,202.965,4880746909570.37,12.688486287962442
383307,421,1,11.130586343685422,159.694,108.659,0.00797201,25229.7,7207.83,61007.4,112.141,45.0263,82.1764,4873547752522.282,12.687845225772639
383308,421,0,10.570644955549739,111.141,19.2102,0.00813737,25168.6,7419.97,61102.0,116.276,-151.782,-89.6243,4873547752522.282,12.687845225772639
383309,421,0,9.431845523884379,56.1786,17.5714,0.0101078,25156.7,7241.39,61249.4,29.3881,-235.706,-103.986,4873547752522.282,12.687845225772639
383310,421,0,8.119957630656048,32.5121,12.286,0.00394534,25267.3,7295.53,61356.2,25.3292,-315.108,23.0932,4873547752522.282,12.687845225772639
383311,421,0,8.547770709722613,31.4284,8.8168,0.00904939,25128.3,7038.33,61120.1,271.628,106.218,-31.0453,4873547752522.282,12.687845225772639
383312,421,0,8.03307218464925,30.0653,10.3077,0.00512702,25310.7,7228.27,60828.1,257.012,212.742,-92.0611,4873547752522.282,12.687845225772639
383313,421,0,8.028833384319837,28.1781,7.1333,0.00507889,25245.0,7058.95,61110.4,59.1379,219.48,-158.801,4873547752522.282,12.687845225772639
383314,421,0,6.530882643708981,22.4572,11.2098,0.0,25409.7,7401.84,61047.2,-77.6526,76.1269,-159.882,4873547752522.282,12.687845225772639
383315,421,0,6.827166204348501,21.264,10.0151,0.0,24980.9,7398.83,61269.6,232.295,-59.8672,156.235,4873547752522.282,12.687845225772639
383316,421,0,7.506014628608198,25.1646,6.8836,0.0,25072.1,7442.9,61144.0,119.996,18.8035,-188.535,4873547752522.282,12.687845225772639
377804,395,1,10.993005132099292,149.438,120.776,0.0126184,24026.9,18649.4,28728.6,-307.116,-204.651,375.544,4860563590739.869,12.686686629376986
377805,395,0,10.029024722106259,72.234,17.9105,0.0174647,24168.8,18838.3,28585.3,-485.402,-85.8917,307.312,4860563590739.869,12.686686629376986
377806,395,0,7.548641621408662,30.7855,19.3262,0.00129193,23894.2,18149.3,28853.1,-293.88,244.139,384.666,4860563590739.869,12.686686629376986
377807,395,0,7.8514804263591955,33.0308,14.2259,0.00420269,24258.4,18818.8,28905.8,-246.784,-380.49,516.124,4860563590739.869,12.686686629376986
377808,395,0,8.245868052381413,33.3988,12.1789,0.00530798,24181.7,18535.7,28796.9,-44.3054,54.2329,315.385,4860563590739.869,12.686686629376986
377809,395,0,7.426593374551202,28.3982,13.9944,0.00096685,23912.9,18863.6,28895.9,138.247,-8.0272,158.125,4860563590739.869,12.686686629376986
377810,395,0,7.619249883562991,28.4737,15.2869,0.0,24225.8,18901.3,28761.2,-111.868,-372.108,185.517,4860563590739.869,12.686686629376986
377811,395,0,7.721579653395474,26.7429,13.5926,0.00407522,24347.1,18807.7,28802.2,-195.248,-223.334,153.556,4860563590739.869,12.686686629376986
377812,395,0,6.6633094017098315,23.9572,14.6807,0.0,23907.3,18268.4,28749.1,-398.83,-28.5781,252.435,4860563590739.869,12.686686629376986
377813,395,0,7.7249744907525795,26.5459,11.1397,0.0,23963.2,18669.1,29185.9,-185.798,-291.278,314.309,4860563590739.869,12.686686629376986
373699,376,1,10.987311393464374,154.533,126.658,0.0131151,25413.1,68009.6,73651.9,-527.722,289.035,-130.841,4854195174968.169,12.68611723423481
373700,376,0,10.286051321250289,88.4476,30.6895,0.0312975,25773.2,68019.9,73525.3,-434.889,384.858,28.5818,4854195174968.169,12.68611723423481
373701,376,0,9.85649288708882,71.4713,11.4772,0.0208983,25579.9,68087.1,73740.5,-589.097,410.98,-122.944,4854195174968.169,12.68611723423481
373702,376,0,10.185695110032967,94.6019,2.9356,0.0218802,25429.7,68014.3,73667.8,-822.522,-120.295,-132.224,4854195174968.169,12.68611723423481
373703,376,0,8.78009163892405,33.789,13.1717,0.00543664,25546.9,68319.6,73528.2,-520.507,468.883,-108.098,4854195174968.169,12.68611723423481
373704,376,0,8.022366142194706,31.175,19.4238,0.00296083,25578.5,68248.6,73977.3,-760.219,331.713,17.6684,4854195174968.169,12.68611723423481
373705,376,0,8.93591703205353,38.3774,7.6846,0.0118697,25213.8,68003.6,73518.9,-322.579,240.862,-113.806,4854195174968.169,12.68611723423481
373706,376,0,7.524797857912257,27.1128,23.6835,0.00132181,25778.8,68286.9,73818.9,-688.168,132.355,37.4358,4854195174968.169,12.68611723423481
373707,376,0,7.609906508170574,29.8733,13.4157,0.00159873,25512.9,68379.3,73607.9,-623.045,376.214,-342.639,4854195174968.169,12.68611723423481
373708,376,0,7.673761578333342,30.8338,12.1707,0.0,25474.6,68119.3,73523.0,-776.703,449.662,-323.651,4854195174968.169,12.68611723423481
380119,406,1,11.225071849899894,157.577,100.438,0.0171931,25701.6,62464.9,27490.1,45.1445,-21.9719,260.29,4849420665181.208,12.685689858820169
380120,406,0,9.90457564208607,65.0492,19.9479,0.0264699,25751.5,62614.7,27711.4,153.087,-69.3763,434.279,4849420665181.208,12.685689858820169
380121,406,0,9.55987624585029,59.3805,15.779,0.0128568,25804.2,62277.1,27432.1,29.4621,-42.1647,523.547,4849420665181.208,12.685689858820169
380122,406,0,9.012730150742152,48.6072,17.2015,0.00826369,25666.6,62810.5,27535.5,165.793,222.406,462.265,4849420665181.208,12.685689858820169
380123,406,0,9.173179383850906,47.805,7.9728,0.011808,25711.3,62705.4,27610.5,89.2133,-72.6527,98.5624,4849420665181.208,12.685689858820169
380124,406,0,8.882964444175666,44.1154,10.1269,0.00885144,25675.8,62383.0,27223.5,140.574,-72.3465,488.681,4849420665181.208,12.685689858820169
380125,406,0,9.428660289815918,25.3041,0.2204,0.05261,25704.4,62473.9,27500.2,250.503,38.3726,63.0532,4849420665181.208,12.685689858820169
380126,406,0,7.937644912862633,26.9977,10.8375,0.00250356,25505.4,62445.4,27317.4,178.349,-113.269,522.184,4849420665181.208,12.685689858820169
380127,406,0,8.539334693204149,30.6527,7.4219,0.00805608,25859.1,62378.0,27607.8,24.9504,-171.982,39.1763,4849420665181.208,12.685689858820169
380128,406,0,7.458297643623721,29.741,9.1403,0.00097482,25666.8,62549.2,27368.8,207.702,-139.0,585.343,4849420665181.208,12.685689858820169
392852,471,1,11.071033052790195,155.407,100.534,0.0106403,55563.0,15282.3,37614.6,112.026,-334.145,-130.092,4847746117825.278,12.685539867240182
392853,471,0,10.630572290624114,124.01,14.6438,0.0166513,55642.0,15361.8,37601.6,-172.296,-147.11,-111.838,4847746117825.278,12.685539867240182
392854,471,0,8.564131527245953,43.7097,5.9106,0.00578148,55500.1,15254.1,37620.1,52.6359,51.4003,104.191,4847746117825.278,12.685539867240182
392855,471,0,8.42977468286376,33.1318,6.5284,0.0,55624.9,15447.4,37626.7,-70.7613,-11.7704,-188.298,4847746117825.278,12.685539867240182
392856,471,0,8.56888043377762,26.3836,6.884,0.0103482,55451.7,15038.2,37759.5,139.314,-308.916,-207.175,4847746117825.278,12.685539867240182
392857,471,0,7.54059212509549,27.1032,8.0533,0.0,55362.2,15374.4,37821.4,54.5692,-456.208,-55.8205,4847746117825.278,12.685539867240182
392858,471,0,6.9370524237094795,22.8179,10.6055,0.00123153,55539.7,15584.9,37501.4,-61.1493,-485.329,32.7661,4847746117825.278,12.685539867240182
392859,471,0,8.895466263960664,18.178,0.5395,0.0386353,55644.5,15367.8,37587.3,-353.572,-63.3229,-120.755,4847746117825.278,12.685539867240182
392860,471,0,6.001663720397625,17.8335,9.4215,0.0,55438.2,15486.5,37714.9,-54.8468,-588.935,-59.0181,4847746117825.278,12.685539867240182
392861,471,0,6.905551309968031,21.1803,4.4295,0.0,55892.1,15037.2,37607.2,188.074,-372.049,-184.753,4847746117825.278,12.685539867240182
394719,482,1,11.166221251773525,159.789,100.391,0.0101491,5242.73,32358.9,22889.7,-96.1124,-262.286,-134.869,4842567049651.01,12.685075642626432
394720,482,0,9.68826713510674,59.9719,7.9236,0.0237281,5146.34,32280.8,22776.2,99.4179,-271.6,-199.476,4842567049651.01,12.685075642626432
394721,482,0,8.497921637282914,32.6971,5.9043,0.0,5324.27,32207.1,22793.0,-164.91,-427.645,-275.68,4842567049651.01,12.685075642626432
394722,482,0,7.924648536106508,27.6867,5.0819,0.0,5311.62,32442.5,22758.9,-7.7118,-467.378,-305.865,4842567049651.01,12.685075642626432
394723,482,0,7.437030227010286,22.1508,7.1954,0.0,5279.3,32051.0,22835.8,25.4524,-369.33,-105.692,4842567049651.01,12.685075642626432
394724,482,0,8.158693611011891,24.9818,4.4737,0.0,5334.36,32195.9,22885.4,-154.528,-462.499,-211.207,4842567049651.01,12.685075642626432
394725,482,0,6.791368830657683,19.8377,7.4875,0.0,5000.36,32270.1,23048.4,-147.962,-256.68,-363.12,4842567049651.01,12.685075642626432
394726,482,0,7.883065161820344,20.9613,3.7215,0.0,5294.71,32423.0,22727.2,0.958,-298.825,-87.9409,4842567049651.01,12.685075642626432
394727,482,0,6.1422826612910875,19.3921,3.9939,0.0,5104.33,32622.4,22978.8,-234.275,-255.214,-252.443,4842567049651.01,12.685075642626432
394728,482,0,,17.4749,4.8907,0.0,5293.25,32350.7,22648.2,-58.42,-18.0974,-17.1922,4842567049651.01,12.685075642626432
388428,447,1,11.051439649135602,158.252,103.507,0.0159339,27701.1,64900.6,618.947,-367.686,229.035,-120.18,4835949952108.937,12.684481797640473
388429,447,0,10.181616606010438,92.3646,12.1707,0.019687,27699.0,64959.8,530.212,-98.5317,398.526,-222.508,4835949952108.937,12.684481797640473
388430,447,0,9.196826448755605,39.7898,24.2305,0.0126721,27396.1,65346.5,417.574,-290.489,268.449,-174.817,4835949952108.937,12.684481797640473
388431,447,0,9.10604035615179,48.7171,15.8349,0.0157662,27748.7,64644.8,735.819,-151.252,266.647,-114.024,4835949952108.937,12.684481797640473
388432,447,0,9.317797558858578,54.7065,9.059,0.0136333,27789.4,64830.8,658.254,-166.793,416.735,11.9179,4835949952108.937,12.684481797640473
388433,447,0,8.427887844904202,38.6238,12.6756,0.00984298,27720.8,65018.4,285.911,-178.384,311.83,-110.76,4835949952108.937,12.684481797640473
388434,447,0,9.485129349209986,44.6205,1.6324,0.0,27719.2,64923.4,616.542,-390.444,289.566,-376.886,4835949952108.937,12.684481797640473
388435,447,0,9.17268426996244,34.4692,3.1264,0.0,27809.4,64917.6,646.035,-522.843,221.0,-119.2,4835949952108.937,12.684481797640473
388436,447,0,9.314074445542255,24.0902,0.2843,0.0,27705.5,64898.1,616.126,-324.551,219.01,83.0648,4835949952108.937,12.684481797640473
388437,447,0,7.281759809225963,23.2757,10.113,0.0,27551.0,64939.5,339.845,-199.983,334.067,13.5246,4835949952108.937,12.684481797640473
360509,322,1,11.319004882834678,160.825,104.692,0.0159821,17123.1,33998.6,31962.6,13.6671,34.582,166.184,4834361452249.641,12.684339118320075
360510,322,0,10.642758547127341,105.374,58.3034,0.0145125,17473.9,34305.9,32385.9,-26.5593,-114.493,66.0023,4834361452249.641,12.684339118320075
360511,322,0,9.695014286653308,63.4734,30.6971,0.011481,16710.0,34336.5,32005.8,176.823,106.897,46.2779,4834361452249.641,12.684339118320075
360512,322,0,8.810886642087047,43.8915,12.9333,0.00810921,16704.0,34154.2,32060.8,183.096,161.21,89.3779,4834361452249.641,12.684339118320075
360513,322,0,9.76181557250437,59.2328,2.0893,0.0,17184.6,33947.9,31908.6,4.772,165.209,167.591,4834361452249.641,12.684339118320075
360514,322,0,8.771594640534577,36.1814,9.6575,0.0110578,16903.5,34233.1,31852.5,70.7901,6.713,290.449,4834361452249.641,12.684339118320075
360515,322,0,9.498888194844866,32.3669,0.232,0.0390004,17468.5,34301.1,32384.5,-91.9088,-52.8687,178.098,4834361452249.641,12.684339118320075
360516,322,0,9.371125150040436,31.1133,0.5211,0.0447404,17461.9,34294.6,32383.7,-110.333,-42.2521,206.945,4834361452249.641,12.684339118320075
360517,322,0,7.0939508034893,25.4892,10.7506,0.0,17703.8,34355.6,32290.7,24.5572,-232.286,33.6854,4834361452249.641,12.684339118320075
360518,322,0,6.91811766894755,25.8198,11.2078,0.0,17653.2,34305.8,32419.7,128.046,-70.9385,-90.404,4834361452249.641,12.684339118320075
386003,434,1,10.899298896022387,149.719,147.243,0.0100325,2931.64,29541.9,63433.9,190.653,171.759,-13.7257,4783611900165.153,12.679755937607899
386004,434,0,10.833213572393381,138.404,19.5957,0.00889716,2984.83,29595.4,63570.5,257.238,286.75,-21.2293,4783611900165.153,12.679755937607899
386005,434,0,9.450545013816827,61.9445,27.8413,0.0128596,2943.2,29790.6,63054.7,-29.7445,87.7963,-10.5442,4783611900165.153,12.679755937607899
386006,434,0,9.250660535662785,48.9481,26.9113,0.0136063,3279.54,29776.5,63278.1,157.858,179.242,227.308,4783611900165.153,12.679755937607899
386007,434,0,8.583158262688524,41.3608,14.4725,0.0107787,2893.62,29541.0,63791.4,245.238,187.361,-299.602,4783611900165.153,12.679755937607899
386008,434,0,7.500986852127637,25.9302,15.6499,0.00225667,2658.31,29567.4,63283.3,135.805,48.9797,172.719,4783611900165.153,12.679755937607899
386009,434,0,7.952128802635436,31.6275,5.3742,0.0,2876.53,29722.3,63516.8,325.455,28.6018,-173.426,4783611900165.153,12.679755937607899
386010,434,0,6.708230906484165,23.9074,11.0171,0.0,3038.03,29779.6,63206.8,-41.1203,307.222,159.087,4783611900165.153,12.679755937607899
386011,434,0,7.575183752655003,27.9549,5.8223,0.0,3113.52,29436.5,63635.5,337.379,331.41,137.551,4783611900165.153,12.679755937607899
386012,434,0,6.549366049402995,22.3656,6.8563,0.0,2823.07,29455.5,63561.8,233.64,463.004,-123.708,4783611900165.153,12.679755937607899
386429,436,1,11.009017955646662,145.637,128.593,0.01949,30386.8,71118.5,70787.3,-135.258,228.023,141.278,4782641951158.612,12.679667868963838
386430,436,0,10.656961792954565,116.336,15.6019,0.0116929,30242.1,71213.4,70784.4,-124.725,310.363,119.861,4782641951158.612,12.679667868963838
386431,436,0,10.154215547976234,84.2465,22.7344,0.0249641,30387.1,71006.7,70623.4,-74.3942,474.056,320.541,4782641951158.612,12.679667868963838
386432,436,0,9.020957212796873,42.4482,8.2275,0.0104922,30342.9,71137.9,70663.1,129.669,174.542,324.251,4782641951158.612,12.679667868963838
386433,436,0,8.090008303812647,41.3355,11.2315,0.00346628,30331.2,71183.9,70889.0,200.714,346.944,232.316,4782641951158.612,12.679667868963838
386434,436,0,7.558498118943467,30.6992,11.8272,0.00270088,30351.6,71055.6,71006.9,82.8456,217.661,7.0532,4782641951158.612,12.679667868963838
386435,436,0,7.833702769937935,32.0576,10.0188,0.00367547,30437.3,70890.2,70625.2,-150.08,407.271,412.94,4782641951158.612,12.679667868963838
386436,436,0,9.123474518176495,33.4199,4.8305,0.0,30106.3,71208.0,70798.1,-231.933,427.831,120.805,4782641951158.612,12.679667868963838
386437,436,0,6.78510485934779,26.3088,13.0375,0.0,30223.0,71068.4,71000.5,-136.635,171.536,-151.206,4782641951158.612,12.679667868963838
386438,436,0,8.916418976976697,34.4449,4.5914,0.0,30372.3,71195.1,70742.0,-195.999,280.788,281.108,4782641951158.612,12.679667868963838
390859,460,1,11.00059775312039,157.275,109.317,0.00702279,38724.8,39027.9,55531.1,-184.698,-6.3309,58.5969,4751292730736.317,12.676811788454788
390860,460,0,9.679874036907782,50.0111,5.0951,0.0382009,38726.1,39084.5,55444.3,-228.604,-76.1395,-14.7251,4751292730736.317,12.676811788454788
390861,460,0,8.226021561349702,29.807,9.3328,0.00759595,38762.9,38753.9,55596.1,-330.923,93.8139,104.079,4751292730736.317,12.676811788454788
390862,460,0,7.990995734891843,28.846,10.6492,0.00413988,38862.6,39165.6,55189.1,-12.8751,8.3247,157.421,4751292730736.317,12.676811788454788
390863,460,0,9.124178344484209,47.5824,1.8507,0.013464,38708.7,39024.6,55531.7,287.477,305.207,-126.466,4751292730736.317,12.676811788454788
390864,460,0,7.261173278444185,29.9456,8.5981,0.0012594,38891.7,39015.6,55464.2,-511.018,67.7409,322.778,4751292730736.317,12.676811788454788
390865,460,0,7.79250748922938,28.1797,8.903,0.0,38627.8,39273.4,55272.0,-341.711,-88.0539,122.41,4751292730736.317,12.676811788454788
390866,460,0,6.072244794683332,24.247,12.5413,0.0,38665.6,39276.8,55348.7,-366.833,-280.95,-7.6483,4751292730736.317,12.676811788454788
390867,460,0,6.866384150451106,25.6257,10.063,0.00058628,38814.9,39175.1,55435.4,-427.967,-44.66,381.846,4751292730736.317,12.676811788454788
390868,460,0,7.196504415466145,22.4421,12.8972,0.0,38659.0,38718.7,55591.9,-108.539,-189.865,184.161,4751292730736.317,12.676811788454788
342689,258,1,11.20670878621762,153.61,124.508,0.0188401,35450.1,59448.1,46913.9,-101.606,100.755,-128.231,4743771909224.378,12.676123799043673
342690,258,0,11.013856838812089,129.647,75.9445,0.01251,35853.1,59059.4,46996.0,-55.6054,299.035,-2.2082,4743771909224.378,12.676123799043673
342691,258,0,9.87361076815365,67.2665,25.7734,0.0125586,35230.2,59239.5,47325.6,91.7151,288.96,-110.837,4743771909224.378,12.676123799043673
342692,258,0,9.09047705127521,44.9438,19.4544,0.0120277,35293.6,59415.9,47398.5,116.562,339.782,-171.215,4743771909224.378,12.676123799043673
342693,258,0,9.259994587736768,49.1276,14.665,0.0135189,35354.9,59664.5,47123.2,-147.409,163.746,-327.271,4743771909224.378,12.676123799043673
342694,258,0,8.67396536084208,44.8382,11.2682,0.00629944,35850.7,59168.2,47036.1,-384.708,197.402,-281.429,4743771909224.378,12.676123799043673
342695,258,0,8.359402440729585,38.3739,15.6757,0.00890747,35326.7,59417.0,47492.9,61.3571,213.155,77.2904,4743771909224.378,12.676123799043673
342696,258,0,8.90776890756176,46.9456,8.8516,0.0185767,35310.6,59408.2,46883.2,-100.442,63.0394,182.531,4743771909224.378,12.676123799043673
342697,258,0,8.66060055038866,37.1071,10.6572,0.00668484,35344.1,59485.8,46795.0,-240.828,360.723,49.2274,4743771909224.378,12.676123799043673
342698,258,0,8.701042280250043,42.2447,8.7065,0.0103392,35987.2,59089.9,46926.2,6.5415,177.254,-146.376,4743771909224.378,12.676123799043673
370190,361,1,11.00347694141076,142.643,145.818,0.0156645,50810.2,34083.9,74682.6,-85.3568,11.4021,-91.469,4723279540222.727,12.67424364940554
370191,361,0,10.171165273405663,83.278,14.956,0.0228571,50618.0,34040.7,74711.8,-93.6537,200.739,-107.771,4723279540222.727,12.67424364940554
370192,361,0,9.588394949785725,55.0181,16.1988,0.0127888,50773.2,33748.2,74478.3,-8.4254,57.8892,-114.019,4723279540222.727,12.67424364940554
370193,361,0,9.082507639613352,49.4863,19.6462,0.00965198,50483.7,33828.4,74676.9,78.8134,4.9747,80.5558,4723279540222.727,12.67424364940554
370194,361,0,9.27570944851001,50.6452,13.1917,0.0131465,50900.4,34310.9,74704.4,-245.227,60.9208,-235.73,4723279540222.727,12.67424364940554
370195,361,0,9.202996571448475,45.4154,11.9007,0.0145096,50941.1,34059.4,74637.3,-208.186,226.409,25.8198,4723279540222.727,12.67424364940554
370196,361,0,9.026951509766727,38.9748,10.3376,0.0124597,50547.5,34329.7,74444.6,-169.827,64.9904,-124.307,4723279540222.727,12.67424364940554
370197,361,0,9.01662258192228,38.5502,8.9763,0.0,50824.8,34066.3,74802.8,-94.1299,-57.4813,167.216,4723279540222.727,12.67424364940554
370198,361,0,8.734801954842307,34.3774,10.1945,0.0100491,50827.5,33815.3,74529.9,-74.7724,120.784,-146.581,4723279540222.727,12.67424364940554
370199,361,0,8.211296990756345,34.0811,10.807,0.00488588,50508.2,33978.2,74674.7,-146.192,198.069,-299.502,4723279540222.727,12.67424364940554
377539,394,1,11.082424922106549,154.544,114.581,0.00972456,30260.9,52556.3,49199.3,-461.825,-36.7662,-164.83,4720768394954.514,12.674012694085018
377540,394,0,10.815834904297766,130.643,26.6316,0.0277763,30124.6,52409.0,49050.7,-232.768,99.1263,-29.3322,4720768394954.514,12.674012694085018
377541,394,0,9.413199252606953,50.1011,9.6475,0.0147969,30290.1,52315.3,49265.7,-349.642,-52.6174,-137.614,4720768394954.514,12.674012694085018
377542,394,0,8.67212786675702,36.502,10.5402,0.0110176,30139.3,52319.3,49208.9,-215.456,249.494,-103.735,4720768394954.514,12.674012694085018
377543,394,0,9.058848599135574,33.4038,6.2878,0.0,30159.7,52518.2,49209.6,-375.659,103.6,-283.668,4720768394954.514,12.674012694085018
377544,394,0,8.947993147202581,20.2082,0.711,0.0275566,30294.1,52548.6,49249.8,-564.865,191.026,-160.217,4720768394954.514,12.674012694085018
377545,394,0,8.995773757960192,20.9431,0.671,0.0398424,30223.9,52566.9,49163.4,-448.139,-336.155,-246.091,4720768394954.514,12.674012694085018
377546,394,0,8.510371635835298,18.5444,1.817,0.0137254,30276.9,52583.3,49233.5,-654.932,145.963,-327.712,4720768394954.514,12.674012694085018
377547,394,0,8.826497544506015,18.6954,0.7935,0.023328,30283.8,52498.6,49193.8,-359.435,-27.3503,0.1319,4720768394954.514,12.674012694085018
377548,394,0,7.143205710484266,24.1229,6.3846,0.0,30194.4,52143.8,49182.7,-469.174,27.2792,-112.617,4720768394954.514,12.674012694085018
362551,330,1,10.981366713685906,153.579,113.503,0.00961934,63754.4,36169.5,833.728,251.364,-245.314,46.207,4719141601706.663,12.673863008899888
362552,330,0,10.613271459341592,98.8188,45.0096,0.0210937,63652.8,36742.6,772.008,176.991,-258.622,-91.5154,4719141601706.663,12.673863008899888
362553,330,0,10.430822036465573,101.264,4.3001,0.0223891,63789.3,36209.0,807.186,418.732,-365.308,-80.1804,4719141601706.663,12.673863008899888
362554,330,0,9.374353756462607,64.1425,14.6726,0.0196463,63642.4,36662.6,683.181,386.132,56.8536,340.749,4719141601706.663,12.673863008899888
362555,330,0,9.646945806874813,63.3378,7.0535,0.0162439,63788.4,36190.5,895.957,211.025,73.7729,61.3493,4719141601706.663,12.673863008899888
362556,330,0,8.740828708244223,38.3349,15.7274,0.00917426,63550.1,35804.5,1009.38,133.783,-217.257,234.864,4719141601706.663,12.673863008899888
362557,330,0,8.99371667047997,40.7598,9.1646,0.0124216,63779.6,36618.7,709.586,168.667,-264.184,41.3404,4719141601706.663,12.673863008899888
362558,330,0,8.924351024483448,47.6561,8.1968,0.0107313,63608.1,36739.5,716.18,56.7402,-238.759,65.5859,4719141601706.663,12.673863008899888
362559,330,0,9.200870199559283,42.3921,6.3037,0.0135391,63802.5,36028.7,763.47,115.358,-317.112,75.0041,4719141601706.663,12.673863008899888
362560,330,0,9.264582217311524,43.2404,4.6232,0.0141867,63703.0,36800.5,753.262,178.474,-313.333,-41.9994,4719141601706.663,12.673863008899888
385115,430,1,10.724836789361225,151.542,127.476,0.00838598,7604.18,31928.5,37297.5,153.451,2.4795,-132.018,4712498374558.283,12.673251213416398
385116,430,0,10.59624799146672,118.808,13.2566,0.0225229,7520.42,31982.0,37246.1,337.255,98.0884,25.5423,4712498374558.283,12.673251213416398
385117,430,0,9.750914513090871,66.7943,13.9779,0.0164748,7625.25,32018.6,37172.7,175.344,-19.7119,182.219,4712498374558.283,12.673251213416398
385118,430,0,9.759674534582755,63.7058,7.9323,0.01861,7497.63,31898.8,37216.3,270.146,105.132,122.167,4712498374558.283,12.673251213416398
385119,430,0,9.351714961495846,51.5991,14.9891,0.0138498,7706.86,32166.1,37098.5,286.57,-58.7606,-232.853,4712498374558.283,12.673251213416398
385120,430,0,8.942575530982,39.7185,8.9956,0.00663458,7414.77,31879.0,37278.4,304.975,236.22,-128.196,4712498374558.283,12.673251213416398
385121,430,0,8.435927271204461,38.704,16.4363,0.00348,7494.8,31726.1,37475.4,65.6703,-11.3487,-311.827,4712498374558.283,12.673251213416398
385122,430,0,9.361259287230446,49.0113,6.7063,0.0181325,7479.06,31900.0,37143.8,288.146,20.8491,103.973,4712498374558.283,12.673251213416398
385123,430,0,6.8818045093185995,23.0326,16.1745,0.00050216,7722.58,31657.4,37339.1,77.9413,275.384,-204.547,4712498374558.283,12.673251213416398
385124,430,0,8.549094530493305,31.3564,7.1646,0.00998398,7624.76,31876.2,37429.1,154.466,174.332,-264.301,4712498374558.283,12.673251213416398
364479,338,1,10.853239488202176,138.609,147.889,0.00900823,51983.9,30795.6,23125.4,343.55,79.789,179.042,4688965510505.472,12.671077038315254
364480,338,0,10.56129931066603,109.122,21.1943,0.022758,51928.5,30784.6,22887.1,226.167,145.969,164.688,4688965510505.472,12.671077038315254
364481,338,0,10.322387174583387,100.387,17.8383,0.0256997,51975.5,30678.5,23242.3,-86.6338,-32.3257,294.008,4688965510505.472,12.671077038315254
364482,338,0,10.12539529432629,79.6181,27.5831,0.0280878,51943.6,30614.3,23462.0,165.386,50.5577,47.2575,4688965510505.472,12.671077038315254
364483,338,0,9.49282758801443,55.6295,30.5231,0.0102424,51979.2,31085.2,22809.7,13.3938,-12.6327,215.758,4688965510505.472,12.671077038315254
364484,338,0,9.006275875469496,43.6223,10.1493,0.011552,51769.7,31067.7,23009.1,331.377,-31.3929,247.906,4688965510505.472,12.671077038315254
364485,338,0,7.6395652986673195,31.2487,16.6135,0.00248551,51663.6,30572.8,22838.1,429.22,307.943,229.084,4688965510505.472,12.671077038315254
364486,338,0,8.569554629745209,34.5126,9.3093,0.00638096,52018.5,30910.1,23213.5,268.076,-121.882,101.388,4688965510505.472,12.671077038315254
364487,338,0,7.38900119371575,33.3807,10.2172,0.00121844,51794.1,30718.4,22861.4,470.345,322.552,275.737,4688965510505.472,12.671077038315254
364488,338,0,8.522647880838699,38.6911,8.1222,0.00762309,51914.7,30764.9,23190.8,620.997,169.327,461.827,4688965510505.472,12.671077038315254
347785,275,1,11.176351902836371,147.532,127.907,0.0163359,38911.7,67486.7,46148.1,356.541,-46.5091,-464.977,4684252720650.649,12.67064031770333
347786,275,0,10.757511683938345,123.781,80.2335,0.0114874,38575.1,67649.2,45578.7,280.177,-178.004,-309.118,4684252720650.649,12.67064031770333
347787,275,0,10.106363669000192,76.6758,10.6982,0.0301726,38806.8,67447.4,46295.3,194.484,-11.7414,-479.479,4684252720650.649,12.67064031770333
347788,275,0,9.840460974087879,69.3369,16.8586,0.0195425,38750.1,67418.2,46002.3,355.2,21.2623,-287.345,4684252720650.649,12.67064031770333
347789,275,0,9.380801205201264,53.5795,12.4444,0.0121307,38843.8,67630.4,46519.8,416.71,-18.4056,-560.674,4684252720650.649,12.67064031770333
347790,275,0,8.941755195089067,49.6171,12.017,0.00950122,38578.2,67740.8,45511.6,642.35,-26.0343,-536.433,4684252720650.649,12.67064031770333
347791,275,0,8.248661652516157,35.8994,17.0009,0.00350145,39169.0,67449.2,45878.1,123.849,-263.241,-501.217,4684252720650.649,12.67064031770333
347792,275,0,8.56255450298449,34.3794,12.6629,0.00713219,38215.2,67407.8,45637.6,261.269,-257.669,-268.313,4684252720650.649,12.67064031770333
347793,275,0,9.467879104334145,31.4282,0.3242,0.0365394,38890.4,67491.1,46127.6,612.271,72.5705,-648.339,4684252720650.649,12.67064031770333
347794,275,0,9.269273664835323,31.7912,0.5897,0.0412889,38917.0,67478.5,46166.8,119.008,-56.2094,-499.471,4684252720650.649,12.67064031770333
392253,467,1,11.317343945660836,159.251,99.2157,0.0207455,46657.3,63483.1,23829.4,196.266,191.387,274.228,4680542767065.48,12.670296217833439
392254,467,0,9.357444732607053,52.5406,11.3812,0.0166479,46895.2,63430.0,23725.3,55.1679,172.829,419.644,4680542767065.48,12.670296217833439
392255,467,0,9.415862606967293,40.4531,2.8951,0.0,46639.9,63394.1,23903.1,208.265,102.548,440.12,4680542767065.48,12.670296217833439
392256,467,0,8.790341479162286,31.5326,5.1263,0.0133246,46621.4,63554.1,23596.4,219.751,132.608,320.711,4680542767065.48,12.670296217833439
392257,467,0,7.818099989857061,31.5019,5.3903,0.0,46721.2,63424.2,23983.2,116.627,380.539,38.1654,4680542767065.48,12.670296217833439
392258,467,0,8.248625486926603,31.1265,4.5717,0.0,46519.5,63302.0,23845.6,295.305,216.083,403.594,4680542767065.48,12.670296217833439
392259,467,0,8.272787512901129,30.7752,4.8522,0.0,46667.9,63413.7,23886.1,99.405,34.336,-81.6411,4680542767065.48,12.670296217833439
392260,467,0,6.5346427925822885,20.0799,7.9649,0.0,46957.0,63505.0,23623.4,196.22,98.1761,549.979,4680542767065.48,12.670296217833439
392261,467,0,7.727503316453008,22.0594,5.6415,0.0,46711.2,63656.1,24073.8,232.759,114.693,292.729,4680542767065.48,12.670296217833439
392262,467,0,6.842175714820285,23.277,5.154,0.0,46728.6,63441.2,23951.3,-84.0223,380.49,133.698,4680542767065.48,12.670296217833439
394069,478,1,11.047997035641329,160.002,109.928,0.0221302,2184.15,24295.7,55454.5,159.821,138.29,123.42,4677065276874.3545,12.669973431312929
394070,478,0,8.79702227142101,41.9507,18.5838,0.00678057,2254.01,23969.8,55234.2,175.182,312.359,290.872,4677065276874.3545,12.669973431312929
394071,478,0,8.847345293562357,43.1637,14.6554,0.00747701,2280.42,24281.2,55785.1,149.571,48.9765,144.639,4677065276874.3545,12.669973431312929
394072,478,0,9.038016632750796,46.0992,6.9388,0.00770344,2173.1,24202.5,55413.7,495.397,-100.247,44.8197,4677065276874.3545,12.669973431312929
394073,478,0,8.381075891999897,35.9139,8.6661,0.00531503,2115.75,24152.5,55387.0,157.861,56.2982,-185.4,4677065276874.3545,12.669973431312929
394074,478,0,8.443635947380304,35.7805,6.4094,0.00882116,2070.26,24208.4,55410.9,316.675,40.499,50.8046,4677065276874.3545,12.669973431312929
394075,478,0,6.955196017933943,22.9214,10.5577,0.0,2442.94,24394.7,55707.6,179.032,-14.9796,134.107,4677065276874.3545,12.669973431312929
394076,478,0,6.279744517990638,20.7904,12.6379,0.0,1924.82,24299.1,55297.5,278.709,-83.9473,176.674,4677065276874.3545,12.669973431312929
394077,478,0,6.88682531069365,21.0421,7.5082,0.00052858,2269.54,23886.7,55251.0,105.894,303.951,267.235,4677065276874.3545,12.669973431312929
394078,478,0,6.098573733405681,17.8606,10.9736,0.0,2346.17,24123.7,55307.2,56.9237,51.8463,395.564,4677065276874.3545,12.669973431312929
386612,437,1,11.07888195375192,150.798,116.66,0.0106035,57720.7,59082.1,6801.94,-56.6059,82.9506,90.2685,4664831665507.594,12.668835976472613
386613,437,0,9.876475405652272,69.2234,10.3621,0.0241731,57701.4,59135.8,6974.53,-84.624,62.1365,265.438,4664831665507.594,12.668835976472613
386614,437,0,9.341734389107867,58.8353,5.6277,0.0161916,57769.1,59077.6,6764.3,211.39,44.3031,215.385,4664831665507.594,12.668835976472613
386615,437,0,8.731352473883145,31.8694,9.2561,0.00698877,57515.5,59280.0,6945.11,0.9171,70.5683,72.7052,4664831665507.594,12.668835976472613
386616,437,0,7.271588513372725,29.0291,12.1791,0.00114248,57897.3,58884.6,6587.86,-251.1,59.64,282.033,4664831665507.594,12.668835976472613
386617,437,0,9.062405987581812,35.4091,5.1687,0.013573,57787.6,59029.2,6734.84,-90.1729,15.8536,-116.216,4664831665507.594,12.668835976472613
386618,437,0,7.002939182347867,25.9592,15.4606,0.00197863,57917.9,59015.0,6445.1,-271.877,-6.2466,137.211,4664831665507.594,12.668835976472613
386619,437,0,8.013756227317735,30.7602,8.1398,0.0,57822.6,59143.4,6734.55,150.795,197.242,217.745,4664831665507.594,12.668835976472613
386620,437,0,8.708293661268163,18.3778,2.7401,0.021646,57758.9,59105.9,6836.65,-138.778,112.505,231.928,4664831665507.594,12.668835976472613
386621,437,0,8.823783704605967,17.5955,0.4511,0.0238373,57713.0,59086.1,6828.16,-289.506,-23.3884,-53.9849,4664831665507.594,12.668835976472613
395533,487,1,10.91381776163256,151.562,109.092,0.00772752,59678.3,21811.9,17490.8,244.242,31.4016,164.79,4656891869273.832,12.668096153946712
395534,487,0,9.455999588511107,68.8076,15.3795,0.00941091,59555.8,21760.8,17585.7,449.622,-206.943,258.571,4656891869273.832,12.668096153946712
395535,487,0,9.584822471528561,59.717,12.2418,0.0122383,59705.0,21830.8,17610.4,206.681,108.816,374.063,4656891869273.832,12.668096153946712
395536,487,0,9.795120267462703,64.6965,5.2801,0.0216309,59654.5,21873.8,17436.1,134.512,-136.859,268.885,4656891869273.832,12.668096153946712
395537,487,0,8.680650471364954,44.9328,9.9611,0.00858069,59739.4,21705.5,17503.8,426.362,-6.8361,-115.449,4656891869273.832,12.668096153946712
395538,487,0,9.494967971685647,48.2242,2.3214,0.0394651,59655.5,21822.0,17488.0,209.205,-227.343,196.35,4656891869273.832,12.668096153946712
395539,487,0,8.467221514237897,38.8608,7.8296,0.0076115,59619.8,21850.8,17562.1,175.182,-316.44,-9.869,4656891869273.832,12.668096153946712
395540,487,0,8.10249021776904,31.2113,11.0323,0.0,59719.1,21487.3,17307.6,193.209,154.968,148.756,4656891869273.832,12.668096153946712
395541,487,0,8.418279756994561,35.4818,5.902,0.0,59596.7,21888.5,17493.9,29.7134,-53.524,-22.5733,4656891869273.832,12.668096153946712
395542,487,0,7.111162860713701,25.6153,10.6302,0.0,59478.3,21777.6,17362.0,265.382,-6.5106,486.966,4656891869273.832,12.668096153946712
356415,306,1,11.007838961091807,153.267,123.889,0.00791056,38066.7,67496.3,67564.9,-232.766,183.568,-72.4121,4650187823214.22,12.667470494597083
356416,306,0,10.411832863217764,97.8352,41.8035,0.0191391,38197.3,66940.6,67395.8,-167.366,446.819,-62.5513,4650187823214.22,12.667470494597083
356417,306,0,10.541724392768772,108.465,21.8284,0.0308807,38093.6,67702.7,67399.0,-273.778,357.324,80.2133,4650187823214.22,12.667470494597083
356418,306,0,9.573719999448993,60.7676,34.4774,0.0108652,38073.0,67265.2,67255.1,-255.474,434.812,-165.888,4650187823214.22,12.667470494597083
356419,306,0,9.916629540988575,76.4681,10.6997,0.0110533,38079.2,67532.3,67481.7,-74.6165,186.263,222.07,4650187823214.22,12.667470494597083
356420,306,0,9.105075011100302,52.2591,21.3955,0.0099544,38219.4,66870.7,67612.4,-322.365,306.553,-351.914,4650187823214.22,12.667470494597083
356421,306,0,9.214282114259415,59.9065,6.1296,0.0100415,38217.9,66983.5,67410.1,-391.107,346.502,-317.278,4650187823214.22,12.667470494597083
356422,306,0,9.390931458439377,49.7534,6.3691,0.0175305,38041.9,67579.6,67682.4,-484.395,-30.6689,-149.007,4650187823214.22,12.667470494597083
356423,306,0,8.828186313251857,47.9893,4.6128,0.0042165,38069.7,67283.8,67232.1,-306.32,430.372,-129.527,4650187823214.22,12.667470494597083
356424,306,0,9.242455154653952,39.885,3.0083,0.0182211,38026.0,67400.7,67616.4,-420.169,-7.9573,-40.3993,4650187823214.22,12.667470494597083
398685,505,1,10.901481809713399,157.673,115.243,0.00992224,62090.7,18716.0,5988.28,161.5,166.744,116.6,4627769071513.093,12.665371679262032
398686,505,0,9.54266998732247,50.8907,7.1029,0.0156345,62180.8,18846.5,6078.78,264.006,267.498,338.906,4627769071513.093,12.665371679262032
398687,505,0,9.178677938247557,38.9981,3.6629,0.0145113,62002.4,18621.2,5902.63,124.54,116.455,135.516,4627769071513.093,12.665371679262032
398688,505,0,6.74779401765946,24.1781,12.4867,0.00044881,62097.3,19030.2,5846.76,-15.4896,-5.5199,210.826,4627769071513.093,12.665371679262032
398689,505,0,7.36200092288023,25.7325,11.0956,0.0,62304.2,18771.5,6364.21,279.256,114.453,145.905,4627769071513.093,12.665371679262032
398690,505,0,7.100612678380394,24.0501,10.5467,0.00132037,62253.4,18948.4,6069.17,365.144,173.166,173.524,4627769071513.093,12.665371679262032
398691,505,0,7.714461924157213,25.0243,6.5541,0.0033891,62086.3,19072.1,6058.06,176.253,67.4674,83.4883,4627769071513.093,12.665371679262032
398692,505,0,,19.1087,13.2418,0.0,61920.4,18747.8,6260.43,323.87,174.6,-126.942,4627769071513.093,12.665371679262032
398693,505,0,6.020413156410464,21.2545,8.9519,0.0,62142.0,18478.9,6283.52,291.075,144.347,66.8488,4627769071513.093,12.665371679262032
398694,505,0,7.082968660075105,20.706,9.6403,0.0,62116.6,18390.5,6241.75,291.381,114.082,132.024,4627769071513.093,12.665371679262032
398405,503,1,11.068778356128707,155.245,102.766,0.011523,60017.9,10660.1,31676.4,95.834,114.422,313.953,4610428023134.181,12.663741246312922
398406,503,0,8.617567377201468,42.9871,22.3706,0.00536821,60400.9,10587.7,31844.4,-67.3667,40.0709,72.0121,4610428023134.181,12.663741246312922
398407,503,0,9.046629818915582,45.6621,15.4084,0.0141325,59789.7,10777.4,31759.9,22.7215,151.666,574.605,4610428023134.181,12.663741246312922
398408,503,0,9.446562297504862,52.0715,2.0355,0.0,60024.0,10682.7,31642.9,368.946,64.8381,229.584,4610428023134.181,12.663741246312922
398409,503,0,9.168872424493667,45.0284,2.6287,0.0,60050.8,10629.4,31692.8,-157.029,223.576,493.59,4610428023134.181,12.663741246312922
398410,503,0,6.971928532983364,30.4199,11.8402,0.00131806,60238.3,10666.8,31646.0,-229.881,233.013,232.154,4610428023134.181,12.663741246312922
398411,503,0,7.182413472974905,28.1393,8.5031,0.0,60199.1,10792.1,31725.8,196.917,-34.6412,549.673,4610428023134.181,12.663741246312922
398412,503,0,6.729061432727501,21.9789,9.3141,0.0,60327.2,10767.0,31547.2,217.893,-30.6759,405.802,4610428023134.181,12.663741246312922
398413,503,0,8.510727809569234,32.5782,2.4164,0.0,60051.0,10645.6,31670.4,-197.29,91.4241,587.182,4610428023134.181,12.663741246312922
398414,503,0,7.828405276464049,25.5415,3.6268,0.0,60183.5,10769.3,31631.1,-49.416,121.566,227.102,4610428023134.181,12.663741246312922
389056,450,1,11.378109167000714,164.305,85.6547,0.0176366,67755.4,24431.3,7811.46,268.5,146.151,293.958,4598924238702.207,12.662656255196001
389057,450,0,9.903071554409532,46.1721,0.2193,0.0586839,67759.9,24436.9,7807.68,486.787,16.0065,345.856,4598924238702.207,12.662656255196001
389058,450,0,9.183133190119289,43.3974,8.7,0.0124574,67692.3,24077.0,7984.81,211.079,216.612,211.613,4598924238702.207,12.662656255196001
389059,450,0,9.416865455063954,29.9433,0.3076,0.0398943,67741.6,24439.7,7808.53,410.829,342.448,170.84,4598924238702.207,12.662656255196001
389060,450,0,9.292705930479785,38.3052,2.1267,0.0,67795.1,24418.1,7757.26,118.566,76.1231,533.198,4598924238702.207,12.662656255196001
389061,450,0,8.451436964010485,31.9008,7.1963,0.0,67749.4,24472.7,8045.04,259.26,133.04,61.3945,4598924238702.207,12.662656255196001
389062,450,0,8.004528260161397,23.8471,9.575,0.0,67820.3,23981.5,7922.23,196.935,77.1379,277.994,4598924238702.207,12.662656255196001
389063,450,0,9.063891666204468,20.4347,0.3353,0.0530585,67723.5,24433.0,7809.81,387.946,357.192,74.4928,4598924238702.207,12.662656255196001
389064,450,0,7.872532176203738,16.3788,2.3094,0.00920379,67792.9,24458.8,7783.53,454.224,-4.8829,426.856,4598924238702.207,12.662656255196001
389065,450,0,7.2597655155197955,26.4237,5.0398,0.0,67863.5,24318.5,7790.16,435.643,327.239,451.234,4598924238702.207,12.662656255196001
403506,536,1,10.92175019887392,157.156,112.873,0.00941167,28649.0,73978.0,28739.7,-41.6348,72.025,184.591,4570422244346.49,12.659956324778518
403507,536,0,10.860932735108799,139.059,11.7845,0.0172211,28529.3,74010.5,28749.2,-124.656,120.989,244.818,4570422244346.49,12.659956324778518
403508,536,0,9.630175858393367,55.8953,4.4799,0.0200417,28624.9,73934.4,28781.0,50.4463,2.2912,82.8556,4570422244346.49,12.659956324778518
403509,536,0,9.135671984138181,45.3225,8.5843,0.0105005,28386.1,74025.7,28820.3,1.2183,36.7033,240.444,4570422244346.49,12.659956324778518
403510,536,0,8.551658131902538,36.5419,4.7302,0.010466,28551.8,74090.4,28672.8,66.1294,57.6217,163.777,4570422244346.49,12.659956324778518
403511,536,0,6.901548567514357,25.0831,7.1582,0.0,28621.4,73867.5,28605.7,-209.488,-74.9097,267.382,4570422244346.49,12.659956324778518
403512,536,0,6.856683768906023,24.0459,4.8979,0.0,28510.6,74078.6,28696.1,222.798,-58.0631,131.53,4570422244346.49,12.659956324778518
403513,536,0,6.523263246838789,20.4729,4.7788,0.0,28545.0,73931.3,28535.4,-370.739,-34.8977,50.1654,4570422244346.49,12.659956324778518
403514,536,0,7.342632451144383,22.6014,3.7985,0.0,28570.5,73983.8,28879.6,184.904,-91.5436,72.2018,4570422244346.49,12.659956324778518
403515,536,0,6.80363207785212,20.1825,4.7193,0.0,28746.3,74046.9,28834.6,-139.53,-112.14,218.354,4570422244346.49,12.659956324778518
403388,535,1,10.96393693176313,151.535,104.46,0.00970812,24888.0,10137.4,12202.2,-462.35,-210.658,-115.875,4567015033786.121,12.65963244122811
403389,535,0,10.376487514343028,115.915,14.6935,0.00373669,24841.8,10159.1,12298.7,-350.453,-1.4652,-232.248,4567015033786.121,12.65963244122811
403390,535,0,9.594498248851096,55.8464,9.7718,0.0204008,24982.7,10168.8,12058.5,-579.904,-340.369,-346.493,4567015033786.121,12.65963244122811
403391,535,0,8.73217287354264,38.7101,7.6548,0.0123604,24905.3,10171.5,12043.0,-162.935,-219.009,-135.013,4567015033786.121,12.65963244122811
403392,535,0,6.913447790814065,23.9637,11.5247,0.0,25107.4,10191.5,11881.8,-587.135,-291.888,-257.272,4567015033786.121,12.65963244122811
403393,535,0,6.476650845604602,15.6828,9.3171,0.0,24678.0,9975.83,12465.1,-595.547,-297.18,-294.604,4567015033786.121,12.65963244122811
403394,535,0,6.714461924157213,24.9745,3.5671,0.0,24848.9,10159.0,12159.2,-276.87,-321.633,-485.106,4567015033786.121,12.65963244122811
403395,535,0,6.721823023803582,18.6303,4.4264,0.0,25030.0,10346.6,12181.9,-330.674,-391.854,-33.1694,4567015033786.121,12.65963244122811
403396,535,0,7.2597655155197955,21.1241,3.4744,0.0,24861.9,10221.7,12117.6,-289.901,-62.2417,-264.045,4567015033786.121,12.65963244122811
403397,535,0,,13.2505,8.4202,0.0,24700.1,10386.5,12330.6,-605.39,-297.734,117.417,4567015033786.121,12.65963244122811
390724,459,1,11.036731297445824,146.163,109.158,0.0202346,23041.8,8696.83,29839.0,-171.488,-105.797,-43.1064,4547324122881.375,12.657755910827502
390725,459,0,10.826948525316949,151.995,21.9485,0.0110529,23202.1,8703.48,29813.0,-331.655,108.892,-20.229,4547324122881.375,12.657755910827502
390726,459,0,9.481372374721623,55.1064,22.9109,0.0183111,23152.8,8833.68,30267.1,-148.189,-163.843,-191.325,4547324122881.375,12.657755910827502
390727,459,0,9.089466009220551,22.9231,0.4263,0.0382529,23045.3,8691.97,29859.4,135.478,-190.564,-101.634,4547324122881.375,12.657755910827502
390728,459,0,7.181992032396561,28.2922,7.2276,0.0,22998.1,8576.32,29929.4,-74.1752,49.5447,82.7119,4547324122881.375,12.657755910827502
390729,459,0,9.020786122460601,24.741,0.5829,0.0387856,23027.8,8695.35,29846.4,5.1133,-279.887,166.482,4547324122881.375,12.657755910827502
390730,459,0,7.549546967748416,24.6483,7.5271,0.00148917,23124.8,8908.85,30117.9,-316.942,-33.3394,-71.851,4547324122881.375,12.657755910827502
390731,459,0,9.014550547579226,19.6912,0.5051,0.0464647,23053.6,8689.6,29857.6,84.7716,-178.973,-171.136,4547324122881.375,12.657755910827502
390732,459,0,8.95150558298051,20.8682,0.5267,0.0430049,23065.5,8693.11,29834.3,-150.653,-110.926,-298.431,4547324122881.375,12.657755910827502
390733,459,0,8.17463561767079,17.6975,1.7919,0.0147884,23067.1,8694.57,29820.9,-241.294,-128.409,-232.257,4547324122881.375,12.657755910827502
368436,353,1,11.32584022252329,153.031,107.172,0.0226391,28133.3,23824.1,41192.1,-156.494,68.3738,94.6548,4527075029524.653,12.655817692338971
368437,353,0,10.452093973446162,91.4459,38.5466,0.021404,28212.9,23986.3,41642.0,77.7482,59.4263,86.8975,4527075029524.653,12.655817692338971
368438,353,0,9.906015637226146,68.2081,32.2368,0.0191736,27842.4,23753.9,40707.2,70.9111,284.568,210.794,4527075029524.653,12.655817692338971
368439,353,0,8.778951911504013,38.5108,11.8141,0.00703592,28102.1,24001.6,41051.7,-133.14,312.06,161.976,4527075029524.653,12.655817692338971
368440,353,0,8.208687895360779,29.9372,11.7837,0.00617605,27884.9,23682.5,40825.2,-205.521,41.9337,179.557,4527075029524.653,12.655817692338971
368441,353,0,9.415239577610809,31.598,0.3085,0.0435105,28132.1,23809.7,41195.0,-91.1455,6.5025,-189.351,4527075029524.653,12.655817692338971
368442,353,0,9.390355106075745,28.355,0.3167,0.0489137,28129.0,23784.8,41203.1,-112.537,77.2913,-142.498,4527075029524.653,12.655817692338971
368443,353,0,8.643094084290567,41.3699,5.6393,0.00988133,28097.8,23794.4,41263.5,-197.857,416.9,-93.0703,4527075029524.653,12.655817692338971
368444,353,0,9.373263932849547,28.2805,0.3269,0.0560808,28136.3,23813.6,41176.2,-101.239,311.739,-63.2817,4527075029524.653,12.655817692338971
368445,353,0,7.5145285382504765,24.9802,12.7877,0.00197611,28171.3,23645.7,41379.3,-52.6035,1.6577,-100.685,4527075029524.653,12.655817692338971
398282,502,1,11.163133457191867,153.241,105.729,0.00910618,15988.4,53388.1,19328.8,-27.9537,-71.3336,63.6726,4516985847916.897,12.654848729883682
398283,502,0,8.714424803384345,39.0009,17.3002,0.00624674,16296.9,53604.4,19163.5,-124.445,-217.333,195.821,4516985847916.897,12.654848729883682
398284,502,0,8.608187339811801,38.1596,13.523,0.00628252,16049.1,53498.9,18984.8,161.363,-30.6236,25.0496,4516985847916.897,12.654848729883682
398285,502,0,8.816782244168728,41.9974,10.1788,0.00848733,16235.7,53494.2,19481.9,45.1778,2.2246,-30.3811,4516985847916.897,12.654848729883682
398286,502,0,8.588928874104264,40.7096,5.4986,0.0,15981.0,53312.6,19419.9,192.217,13.51,208.592,4516985847916.897,12.654848729883682
398287,502,0,8.65793107313583,30.0046,6.8318,0.0116691,16055.0,53253.6,19568.0,10.0192,-89.4637,205.459,4516985847916.897,12.654848729883682
398288,502,0,7.735002626364906,29.9547,4.9625,0.00342112,16281.5,53649.4,19168.8,-158.224,-202.309,155.274,4516985847916.897,12.654848729883682
398289,502,0,9.069936912625058,30.2457,1.0095,0.0,15996.7,53370.5,19375.3,-64.0559,-135.685,51.0272,4516985847916.897,12.654848729883682
398290,502,0,6.151426040730957,19.1669,9.2384,0.0,15942.4,53485.5,19617.4,25.5104,-282.797,231.721,4516985847916.897,12.654848729883682
398291,502,0,6.173476181474031,18.4134,6.196,0.0,16045.7,53305.1,19651.8,156.382,58.4819,43.1782,4516985847916.897,12.654848729883682
362780,331,1,11.208961399280769,143.053,144.646,0.0198317,14322.4,31044.1,29160.8,-128.679,45.0878,33.835,4500808017529.109,12.653290488453713
362781,331,0,10.416450340558546,90.0384,36.4907,0.016048,14611.8,30984.2,29691.1,-169.899,-85.0092,-94.3675,4500808017529.109,12.653290488453713
362782,331,0,10.353445821805302,87.1595,16.1302,0.021649,14510.5,30915.5,29371.8,-178.076,-11.7757,0.2097,4500808017529.109,12.653290488453713
362783,331,0,9.408974627726566,50.1643,2.5938,0.0,14315.4,31042.6,29135.4,-471.683,-91.8505,6.2033,4500808017529.109,12.653290488453713
362784,331,0,7.97014666895156,30.9773,10.7771,0.0,14155.6,30855.3,28956.4,-340.234,91.7598,116.814,4500808017529.109,12.653290488453713
362785,331,0,7.961196118403471,26.8842,9.5948,0.00133212,14056.0,31139.2,29187.3,16.5381,-268.262,12.9478,4500808017529.109,12.653290488453713
362786,331,0,7.8374475181396095,14.6931,6.622,0.00716246,14411.1,30981.0,29150.1,-75.3401,123.257,-159.593,4500808017529.109,12.653290488453713
362787,331,0,8.755595822746546,23.5897,2.759,0.0122623,14389.1,31017.3,29126.2,-205.987,189.707,-93.5352,4500808017529.109,12.653290488453713
362788,331,0,8.59271195100368,33.6573,4.9294,0.0,14295.0,30906.9,29332.5,-52.5979,111.158,72.4008,4500808017529.109,12.653290488453713
362789,331,0,8.612214294208671,34.5239,4.4254,0.0,14345.2,31068.6,29034.3,-252.754,278.718,-104.495,4500808017529.109,12.653290488453713
400426,516,1,11.12750364041037,159.599,101.644,0.0198718,60804.3,12193.1,66000.8,9.9687,50.978,-29.119,4492119472921.511,12.652451298288565
400427,516,0,8.681612393888733,36.3886,10.6249,0.00693668,60753.4,12080.0,66276.0,-32.6915,89.3752,-192.414,4492119472921.511,12.652451298288565
400428,516,0,8.458699169189035,32.8634,11.4061,0.00701497,60943.7,12054.2,65717.4,25.6552,16.8364,-210.862,4492119472921.511,12.652451298288565
400429,516,0,8.321320798366944,27.1072,3.8452,0.0,60982.0,12224.1,65922.8,-60.9068,119.863,-24.7274,4492119472921.511,12.652451298288565
400430,516,0,,18.6137,10.4889,0.0,60906.7,12028.2,65602.5,89.6279,218.882,90.4484,4492119472921.511,12.652451298288565
400431,516,0,6.547552708639526,19.1241,8.9543,0.0,61123.1,12207.9,66144.4,11.1049,233.897,109.858,4492119472921.511,12.652451298288565
400432,516,0,6.8086412969599746,18.5626,6.3723,0.0,61132.7,11984.2,65849.1,102.244,140.846,-2.4868,4492119472921.511,12.652451298288565
400433,516,0,,16.2959,6.4474,0.0,60858.0,12492.5,66166.3,220.129,24.1856,41.5248,4492119472921.511,12.652451298288565
400434,516,0,7.15949366247899,22.6087,3.0062,0.0,60778.2,12240.1,66022.6,490.298,0.8085,40.0605,4492119472921.511,12.652451298288565
400435,516,0,5.885158151326188,16.1465,4.8677,0.0,60810.4,12287.7,65892.6,211.519,127.499,281.897,4492119472921.511,12.652451298288565
387590,442,1,11.126443080010732,153.883,107.813,0.00947002,55435.0,13164.7,58338.5,-258.87,-86.7519,-209.118,4490959408503.562,12.652339129713665
387591,442,0,10.208140370247351,83.1952,20.3403,0.0198671,55117.6,13201.2,58308.6,-308.312,-63.5431,-365.075,4490959408503.562,12.652339129713665
387592,442,0,9.566263650465975,58.1529,5.6292,0.0181499,55449.4,13158.7,58251.8,-67.3198,-153.43,12.0596,4490959408503.562,12.652339129713665
387593,442,0,8.847837040527788,41.7916,11.7042,0.00716479,55375.7,13314.0,58261.0,-27.2554,-66.2251,19.8625,4490959408503.562,12.652339129713665
387594,442,0,8.747117412396394,44.0496,10.5942,0.0096898,55209.8,13310.8,58224.3,-223.478,103.664,-34.3557,4490959408503.562,12.652339129713665
387595,442,0,8.528098027323724,43.6563,6.2885,0.00581755,55469.0,13159.9,58415.1,-160.324,371.644,-446.329,4490959408503.562,12.652339129713665
387596,442,0,7.553687423185637,28.151,21.319,0.00326794,55656.9,13425.0,58346.1,-1.6987,13.5869,-195.751,4490959408503.562,12.652339129713665
387597,442,0,8.081961200352682,34.5884,9.8991,0.00551556,54931.7,13153.1,58401.8,-158.768,15.4441,-192.096,4490959408503.562,12.652339129713665
387598,442,0,9.3721006093876,37.7959,2.6055,0.0,55530.8,13117.4,58344.8,-377.151,34.1012,-210.096,4490959408503.562,12.652339129713665
387599,442,0,7.537069546485141,30.2205,11.8703,0.0,55352.9,13159.4,57976.4,-427.708,-223.931,-261.116,4490959408503.562,12.652339129713665
387726,443,1,10.975767503338037,148.649,124.492,0.0088699,17455.5,42661.8,57273.6,-19.2795,78.3875,-423.624,4488177956963.205,12.652070068434139
387727,443,0,9.483359213234237,57.2345,31.1988,0.00617026,17247.8,42888.5,57746.4,14.1814,-84.3715,-498.402,4488177956963.205,12.652070068434139
387728,443,0,9.55962005774419,57.8303,22.8647,0.0113962,17252.0,42794.9,57164.2,-15.6738,231.596,-201.066,4488177956963.205,12.652070068434139
387729,443,0,7.77413643729882,30.3615,21.9046,0.00346051,17270.0,42893.3,57454.2,-230.014,-162.423,-493.769,4488177956963.205,12.652070068434139
387730,443,0,7.40062439812207,24.47,11.6433,0.0,17647.9,42703.0,57643.4,-58.7504,30.6775,-279.59,4488177956963.205,12.652070068434139
387731,443,0,6.944401067431625,23.0786,13.4496,0.0,17230.7,42665.3,57361.4,-59.6354,-229.006,-536.515,4488177956963.205,12.652070068434139
387732,443,0,7.198538585376598,24.0216,8.7636,0.0,17351.6,42590.0,57484.6,70.7291,-153.939,-592.23,4488177956963.205,12.652070068434139
387733,443,0,7.443543603241768,22.5651,6.8064,0.0,17591.6,42696.1,56993.7,-150.411,-33.0924,-328.48,4488177956963.205,12.652070068434139
387734,443,0,8.475215089218988,27.4666,3.3937,0.0,17576.5,42549.6,57358.6,-72.4381,-56.4573,-417.163,4488177956963.205,12.652070068434139
387735,443,0,7.431368513167805,23.9762,5.6036,0.0,17278.5,42764.0,57774.7,54.3945,122.411,-452.189,4488177956963.205,12.652070068434139
393731,476,1,11.238597190392799,155.566,106.548,0.0102607,61396.1,4511.82,35900.6,-154.25,-14.335,253.166,4473080901153.537,12.65060675299198
393732,476,0,6.678357330022491,24.9494,12.823,0.0004093,61409.7,4913.04,35876.9,-146.961,-233.513,238.839,4473080901153.537,12.65060675299198
393733,476,0,,21.0092,12.3058,0.0,61199.0,4813.02,36064.6,-454.84,49.1943,245.26,4473080901153.537,12.65060675299198
393734,476,0,5.9886987432332575,22.3491,10.8891,0.0,61132.8,4599.06,35833.6,-240.557,15.9087,-92.2398,4473080901153.537,12.65060675299198
393735,476,0,,20.6122,11.6105,0.0,61361.1,4755.04,36164.0,-424.381,142.148,371.079,4473080901153.537,12.65060675299198
393736,476,0,7.245431063095606,26.9197,4.1979,0.0,61332.1,4712.32,35898.8,-59.3146,64.8211,434.463,4473080901153.537,12.65060675299198
393737,476,0,,16.5863,10.6457,0.0,61481.8,4423.03,36100.9,-313.831,314.852,425.438,4473080901153.537,12.65060675299198
393738,476,0,8.034021722019915,21.1275,4.3333,0.0,61473.9,4232.55,35966.9,-145.115,196.677,162.278,4473080901153.537,12.65060675299198
393739,476,0,7.814085515604976,23.075,3.5226,0.0,61118.7,4432.29,36089.5,-152.532,-48.2838,261.831,4473080901153.537,12.65060675299198
393740,476,0,6.692901274502953,20.4428,5.9433,0.0,61283.9,4471.07,35874.4,-19.5425,-219.678,573.988,4473080901153.537,12.65060675299198
375639,385,1,10.98946072181971,139.579,151.983,0.0140104,42657.6,51.7949,50482.4,-160.983,-156.225,-152.136,4467425643429.842,12.65005733276876
375640,385,0,10.438107010085886,104.759,21.9955,0.00867089,42664.0,61.3171,50699.0,25.3064,-132.411,-211.587,4467425643429.842,12.65005733276876
375641,385,0,9.48012198959678,53.6081,16.1476,0.0148913,42717.9,74874.0,50263.7,-360.959,-191.019,-186.319,4467425643429.842,12.65005733276876
375642,385,0,9.036457267653152,45.8639,13.4785,0.00990719,42317.6,74879.6,50540.7,75.8733,-166.876,-176.039,4467425643429.842,12.65005733276876
375643,385,0,9.910691662115932,99.089,0.6106,0.0,42658.3,50.9378,50480.5,-196.092,-137.002,-512.469,4467425643429.842,12.65005733276876
375644,385,0,8.734045652867772,41.8787,11.9001,0.008657,42747.9,74827.0,50326.2,-114.157,66.5499,-149.359,4467425643429.842,12.65005733276876
375645,385,0,9.385769293192666,48.6026,3.0361,0.0185586,42713.0,73.1816,50516.7,-0.804,-184.251,-177.092,4467425643429.842,12.65005733276876
375646,385,0,9.557028495940271,29.1949,0.2258,0.0,42655.8,57.3817,50480.4,-200.675,-207.778,103.298,4467425643429.842,12.65005733276876
375647,385,0,7.358925764038262,31.434,12.2573,0.00139006,42962.6,215.005,50540.5,-254.371,-473.642,-166.74,4467425643429.842,12.65005733276876
375648,385,0,8.328029706147385,32.776,11.222,0.0,42832.6,112.696,50348.6,149.946,-141.974,-62.191,4467425643429.842,12.65005733276876
387236,440,1,11.19702607100054,151.501,107.27,0.0204568,53284.0,73525.4,28018.2,32.4877,-130.431,195.249,4461642440737.332,12.649494762667468
387237,440,0,9.17371691168357,56.5421,33.116,0.00756376,53647.4,73566.4,27916.2,63.4078,-372.573,315.324,4461642440737.332,12.649494762667468
387238,440,0,9.832606012628032,65.9,11.2534,0.0224748,53406.7,73372.9,27933.4,123.798,-207.948,264.901,4461642440737.332,12.649494762667468
387239,440,0,8.85034175486353,48.0113,12.0394,0.00702282,53361.9,73500.1,28118.0,-21.4724,-459.128,-22.5024,4461642440737.332,12.649494762667468
387240,440,0,8.468007884101095,38.1512,15.7603,0.0073588,53556.5,73376.3,28016.6,96.5704,154.44,201.168,4461642440737.332,12.649494762667468
387241,440,0,9.636148399640815,42.8294,0.351,0.0511772,53281.8,73536.6,28022.7,129.618,-38.9296,14.1006,4461642440737.332,12.649494762667468
387242,440,0,9.483605614288194,44.2207,2.2739,0.0,53285.6,73502.4,27938.4,16.9794,-140.283,99.6151,4461642440737.332,12.649494762667468
387243,440,0,7.655018137288723,28.0285,13.6212,0.0,53521.8,73649.1,28277.4,198.293,-134.82,134.628,4461642440737.332,12.649494762667468
387244,440,0,9.165324863975062,34.2863,4.1177,0.0265067,53323.3,73505.8,28189.7,45.0986,-82.582,339.617,4461642440737.332,12.649494762667468
387245,440,0,8.10591980530133,27.7109,11.8786,0.00617242,53231.1,73823.6,28067.0,-38.1413,-253.968,203.083,4461642440737.332,12.649494762667468
393546,475,1,10.861250532242883,150.201,113.828,0.00615911,1555.85,10116.2,33103.2,94.0589,30.2545,-374.64,4460053490367.582,12.64934006732922
393547,475,0,9.473559157375119,58.7398,21.6372,0.00932959,1907.01,10023.1,33371.8,-118.865,103.251,-407.267,4460053490367.582,12.64934006732922
393548,475,0,9.853588112002525,66.3662,10.3976,0.0122636,1500.19,10092.5,33281.2,184.978,20.1005,-290.273,4460053490367.582,12.64934006732922
393549,475,0,8.211651565125125,38.5644,11.8072,0.00667831,1465.49,10251.2,33027.5,-100.298,-65.8492,-101.729,4460053490367.582,12.64934006732922
393550,475,0,8.591596903203326,38.3972,3.8176,0.00797477,1906.67,10054.5,33348.3,-58.1664,77.1773,-460.362,4460053490367.582,12.64934006732922
393551,475,0,8.180936638239496,32.0386,6.3989,0.0,1539.79,10006.0,33220.0,251.341,242.27,-339.663,4460053490367.582,12.64934006732922
393552,475,0,5.885158151326188,21.7823,12.5876,0.0,1543.1,10080.4,32753.5,33.2431,-107.121,-282.437,4460053490367.582,12.64934006732922
393553,475,0,6.661915196718226,24.5262,9.9193,0.0,1726.46,9858.6,33340.2,161.345,156.957,-332.307,4460053490367.582,12.64934006732922
393554,475,0,,19.3014,8.3758,0.0,1265.36,10104.3,33129.5,193.428,-229.224,-445.969,4460053490367.582,12.64934006732922
393555,475,0,6.032477667811844,18.4832,9.6986,0.0,1521.06,10334.9,33053.7,213.941,-15.6102,-97.6541,4460053490367.582,12.64934006732922
391447,463,1,11.070768945826977,155.272,115.786,0.0123876,3356.11,26890.3,72744.7,107.326,185.552,117.084,4456624655305.441,12.649006058588316
391448,463,0,9.44540745675789,53.6713,21.4155,0.0132478,3406.93,27216.7,72904.1,58.6331,17.4248,-69.5798,4456624655305.441,12.649006058588316
391449,463,0,9.11417015081534,43.3968,12.8134,0.0146846,3592.87,26892.7,72553.8,88.6534,246.225,21.6149,4456624655305.441,12.649006058588316
391450,463,0,8.772742995201904,34.8282,12.654,0.00638982,3249.55,27167.0,72919.8,-11.7585,202.314,225.634,4456624655305.441,12.649006058588316
391451,463,0,8.123831394610033,30.3828,14.5445,0.00326194,3205.9,27260.5,72670.3,179.148,247.368,94.4342,4456624655305.441,12.649006058588316
391452,463,0,7.462517362402834,30.0321,14.1762,0.00216109,3268.14,26637.8,72821.1,300.518,437.375,32.0557,4456624655305.441,12.649006058588316
391453,463,0,7.5731327713607435,27.0481,9.3065,0.00273775,3546.19,26805.1,73036.7,205.179,116.639,95.7327,4456624655305.441,12.649006058588316
391454,463,0,8.173218108089056,29.1069,7.5518,0.0,3166.83,26901.8,72690.7,314.208,80.8191,6.1715,4456624655305.441,12.649006058588316
391455,463,0,,23.1674,11.4381,0.0,3446.41,27129.6,72988.7,173.094,-54.9705,83.3876,4456624655305.441,12.649006058588316
391456,463,0,8.489404979577822,27.717,4.051,0.0,3260.37,27036.0,72641.2,4.6016,268.201,163.14,4456624655305.441,12.649006058588316
375236,383,1,11.136715887425385,151.72,126.608,0.0179732,23173.3,51643.0,45593.7,-59.6734,-552.114,360.577,4451751033218.694,12.6485308681688
375237,383,0,10.56178669981951,108.558,38.7789,0.00760487,22932.4,51603.5,45753.6,-256.133,-318.367,205.395,4451751033218.694,12.6485308681688
375238,383,0,9.782224569087264,63.6832,9.1332,0.0168078,22983.5,51528.0,45775.0,-140.315,-320.419,200.035,4451751033218.694,12.6485308681688
375239,383,0,9.542730626423129,54.4648,15.1694,0.0175993,23250.3,51893.0,45635.3,0.0688,-739.617,242.806,4451751033218.694,12.6485308681688
375240,383,0,7.798360464793692,33.9869,8.4234,0.00420347,22846.1,51690.7,45773.6,-34.1117,-376.011,288.248,4451751033218.694,12.6485308681688
375241,383,0,8.046468551003628,27.7795,7.9953,0.00703197,23027.7,52003.8,45723.7,-68.4443,-646.412,437.07,4451751033218.694,12.6485308681688
375242,383,0,6.860236299814357,23.0473,8.169,0.0,23271.8,51611.2,45946.9,-213.95,-704.162,241.613,4451751033218.694,12.6485308681688
375243,383,0,6.901548567514357,25.7857,6.5191,0.0,23165.1,51921.8,45544.2,198.814,-432.112,284.901,4451751033218.694,12.6485308681688
375244,383,0,8.438971185037213,26.1539,4.5548,0.0,23068.0,51457.5,45783.1,-154.839,-598.183,262.49,4451751033218.694,12.6485308681688
375245,383,0,6.527089654691842,23.5388,9.2213,0.0,23051.9,51678.5,45634.2,-13.4353,-190.171,544.755,4451751033218.694,12.6485308681688
397260,496,1,10.865067937495994,151.083,109.601,0.0124526,8841.86,43118.3,27088.4,127.003,-383.437,113.089,4447147266893.638,12.64808151131093
397261,496,0,10.512776065083223,108.78,6.8795,0.0125491,8835.07,43138.8,27032.0,277.158,-409.379,191.086,4447147266893.638,12.64808151131093
397262,496,0,8.866924502066599,41.4332,18.1079,0.00916061,8604.43,43263.7,27383.7,319.949,-258.246,190.791,4447147266893.638,12.64808151131093
397263,496,0,8.419916255671076,38.2547,25.1724,0.00567818,9056.06,43000.1,26810.0,43.6534,-370.537,402.813,4447147266893.638,12.64808151131093
397264,496,0,9.504891450009012,49.5771,8.3857,0.0150518,8896.94,43011.5,26993.5,-120.802,-495.174,139.348,4447147266893.638,12.64808151131093
397265,496,0,8.682292468903029,36.7656,13.4755,0.00521842,8782.78,43346.0,27349.8,313.104,-317.37,69.8736,4447147266893.638,12.64808151131093
397266,496,0,7.850486513660554,30.6724,19.6317,0.00183307,8769.12,43201.4,27418.9,275.31,-181.913,192.153,4447147266893.638,12.64808151131093
397267,496,0,8.986925047170574,35.4272,3.1007,0.0192879,8923.95,43216.0,27151.8,158.872,-271.714,216.656,4447147266893.638,12.64808151131093
397268,496,0,8.086450208637078,28.5653,6.1241,0.00548636,8857.6,43044.2,27199.0,-50.6844,-157.119,-36.1097,4447147266893.638,12.64808151131093
397269,496,0,7.141357646070453,23.1984,6.0078,0.00110098,8921.56,43145.9,26971.7,-107.472,-219.119,393.45,4447147266893.638,12.64808151131093
392725,470,1,11.235223435225933,152.609,99.2735,0.0234557,15514.6,38845.1,31841.5,-109.036,64.916,187.281,4424678959042.617,12.645881765118748
392726,470,0,9.608736951788764,53.4454,7.7065,0.014154,15693.5,38769.4,31867.0,-107.594,-38.1026,49.78,4424678959042.617,12.645881765118748
392727,470,0,9.18689330273926,47.2326,9.8802,0.0157988,15322.9,38844.0,31749.9,-19.4658,211.77,317.84,4424678959042.617,12.645881765118748
392728,470,0,9.700715466590069,43.3347,0.4782,0.041562,15516.9,38829.3,31816.9,-373.833,100.567,141.098,4424678959042.617,12.645881765118748
392729,470,0,9.723065735039814,41.1002,0.3176,0.0542446,15507.8,38853.8,31851.8,112.434,70.3955,304.466,4424678959042.617,12.645881765118748
392730,470,0,7.398580655612084,31.9602,12.728,0.00198981,15483.7,38502.5,31451.8,-226.235,201.978,135.742,4424678959042.617,12.645881765118748
392731,470,0,9.554593050099273,32.3696,0.2683,0.073024,15523.8,38844.4,31844.8,-104.732,-76.9128,-32.8622,4424678959042.617,12.645881765118748
392732,470,0,8.646869192989348,33.6219,8.2773,0.0,15609.4,38864.0,32050.9,7.9678,184.644,89.4425,4424678959042.617,12.645881765118748
392733,470,0,7.584128155662206,28.363,12.3126,0.0,15688.2,39086.8,31601.6,64.3819,42.6452,225.069,4424678959042.617,12.645881765118748
392734,470,0,9.0748751520156,19.7257,0.6391,0.0498477,15514.6,38866.7,31873.5,132.546,22.5939,196.398,4424678959042.617,12.645881765118748
396640,493,1,10.73646943087074,155.815,113.846,0.00585316,41329.0,8729.69,62975.9,-111.881,-162.512,-57.6953,4411162293904.082,12.644553036479467
396641,493,0,9.741206980615411,61.0811,17.4804,0.0157535,41259.1,9065.99,63071.1,-121.725,-61.8603,-179.88,4411162293904.082,12.644553036479467
396642,493,0,9.490827788750325,50.3512,3.733,0.0176378,41328.6,8670.99,62928.7,-159.406,-91.183,9.8536,4411162293904.082,12.644553036479467
396643,493,0,8.445064776362301,30.0807,4.2781,0.0,41428.0,8842.15,63097.7,-183.842,-166.506,89.9597,4411162293904.082,12.644553036479467
396644,493,0,8.405969082862661,31.479,3.6499,0.00671727,41360.9,8739.9,62925.4,-130.109,-182.455,337.37,4411162293904.082,12.644553036479467
396645,493,0,6.935567654803788,21.4995,9.4618,0.0,41064.6,8576.04,62701.2,-6.0378,-161.821,162.67,4411162293904.082,12.644553036479467
396646,493,0,7.448593595978409,29.73,6.3559,0.0,41267.3,8808.0,63021.3,-146.397,212.498,138.556,4411162293904.082,12.644553036479467
396647,493,0,,18.5411,12.4203,0.0,41474.3,8922.98,62860.7,-395.925,-278.478,-23.0888,4411162293904.082,12.644553036479467
396648,493,0,6.584128155662206,21.1483,6.4137,0.0,41361.4,8467.66,62799.7,-88.1567,-10.5088,-98.0828,4411162293904.082,12.644553036479467
396649,493,0,6.373274790347313,19.7054,7.953,0.0,41368.4,8813.58,63250.9,-150.758,-241.903,166.48,4411162293904.082,12.644553036479467
399844,512,1,10.914948401972186,158.896,100.789,0.00701523,14710.2,19306.4,33929.8,11.6913,0.9938,-100.593,4409205727004.217,12.644360362835917
399845,512,0,9.979904674929742,74.1373,12.2773,0.0251979,14585.8,19012.4,33982.0,-19.0475,-37.067,-170.459,4409205727004.217,12.644360362835917
399846,512,0,9.831561285225241,64.8192,3.2552,0.0363239,14719.4,19272.5,33949.8,54.4872,291.486,-466.658,4409205727004.217,12.644360362835917
399847,512,0,8.881888666761341,34.4749,6.1807,0.0109439,14602.4,19208.7,33774.3,164.194,129.91,-114.959,4409205727004.217,12.644360362835917
399848,512,0,7.872532176203738,30.0821,12.4984,0.00289365,14447.8,19082.4,33696.8,186.429,158.013,-131.488,4409205727004.217,12.644360362835917
399849,512,0,8.46454595526337,36.2724,6.0122,0.00449203,14713.0,19305.6,33826.4,152.731,6.2465,-471.202,4409205727004.217,12.644360362835917
399850,512,0,8.110169051396959,26.4647,7.172,0.0,14572.9,19044.7,33861.2,47.2099,97.4776,-41.9667,4409205727004.217,12.644360362835917
399851,512,0,8.442063420381636,31.2863,3.0621,0.0,14549.3,19495.0,33960.7,17.4876,-36.1365,-173.016,4409205727004.217,12.644360362835917
399852,512,0,7.056209185742346,20.9331,4.3875,0.0,14662.3,19092.0,34007.0,-22.1972,-197.121,62.8266,4409205727004.217,12.644360362835917
399853,512,0,5.995229610392215,21.4835,4.4179,0.0,14697.3,19169.7,33865.9,158.477,116.241,140.778,4409205727004.217,12.644360362835917
399391,509,1,11.038838193489623,155.527,116.255,0.0157927,63466.6,63736.0,41194.3,189.086,189.733,90.166,4402219661400.668,12.643671709129206
399392,509,0,10.138727261513752,120.27,1.268,0.0388968,63473.8,63737.9,41195.2,617.726,204.833,52.8836,4402219661400.668,12.643671709129206
399393,509,0,8.44136784421153,36.59,14.9525,0.00800583,63488.5,63526.8,41238.8,25.013,30.7438,161.326,4402219661400.668,12.643671709129206
399394,509,0,8.531033676394177,39.985,7.1103,0.00714538,63410.7,63775.2,41292.2,28.3966,165.466,411.464,4402219661400.668,12.643671709129206
399395,509,0,7.733702519447337,24.5387,11.9137,0.00161009,63571.3,63546.3,41102.5,75.1148,300.618,-177.675,4402219661400.668,12.643671709129206
399396,509,0,7.91227243290613,27.3407,6.0273,0.0044802,63575.4,63777.7,41323.6,76.0518,210.285,-51.4019,4402219661400.668,12.643671709129206
399397,509,0,8.847827939160744,25.7215,2.6351,0.0,63568.2,63864.9,41229.7,95.3059,222.644,87.464,4402219661400.668,12.643671709129206
399398,509,0,7.65388161199005,24.773,4.5427,0.0,63618.9,63719.9,41053.2,311.306,214.761,235.188,4402219661400.668,12.643671709129206
399399,509,0,6.940006819333533,22.8932,5.0433,0.0,63205.7,63670.2,41349.6,386.87,127.277,15.0838,4402219661400.668,12.643671709129206
399400,509,0,7.923197194476825,8.741,4.8071,0.00740618,63334.9,63580.1,41115.3,234.923,158.047,64.7348,4402219661400.668,12.643671709129206
343638,261,1,11.142065459745222,146.27,155.699,0.0101765,10075.7,15566.7,63049.2,-55.8324,372.886,-29.5489,4326900620709.6987,12.636176920534284
343639,261,0,10.539893590347962,129.12,53.9279,0.00321188,10175.2,16024.7,62937.9,-51.8208,158.584,-166.776,4326900620709.6987,12.636176920534284
343640,261,0,9.782574810431644,62.2991,24.2558,0.0119104,10394.7,15513.1,63013.0,31.9773,575.796,105.048,4326900620709.6987,12.636176920534284
343641,261,0,9.659623178280604,56.4867,21.417,0.0182967,10212.9,15242.6,63170.8,6.6996,450.951,-36.7996,4326900620709.6987,12.636176920534284
343642,261,0,9.501524583048608,52.2655,13.9907,0.0135459,10040.8,15914.9,63237.1,47.715,430.74,-18.5535,4326900620709.6987,12.636176920534284
343643,261,0,9.099257846782297,51.5149,18.6304,0.00793143,9970.25,15799.5,63042.9,-239.845,224.971,77.1669,4326900620709.6987,12.636176920534284
343644,261,0,8.749064102939561,48.2773,15.3708,0.00863886,10241.4,15845.6,62819.3,-309.657,246.144,103.967,4326900620709.6987,12.636176920534284
343645,261,0,8.35094124786558,40.3252,19.6249,0.00436531,10099.9,16116.3,63216.0,267.399,190.49,-128.538,4326900620709.6987,12.636176920534284
343646,261,0,8.40070085168831,41.796,16.4459,0.00467855,10060.6,15287.5,63286.7,145.62,448.241,-198.056,4326900620709.6987,12.636176920534284
343647,261,0,8.877669185814172,42.5297,13.6476,0.0139426,9855.8,15466.0,62951.0,54.3064,452.487,33.5281,4326900620709.6987,12.636176920534284
394439,480,1,11.13843369995879,146.511,101.906,0.0222388,22242.9,48374.9,72266.7,-271.811,10.5926,-177.685,4291645474654.9307,12.63262383846623
394440,480,0,10.349432688004976,103.778,15.0043,0.0174819,22233.0,48340.8,72406.7,59.5825,-10.3353,-323.938,4291645474654.9307,12.63262383846623
394441,480,0,8.901291131536516,46.9341,17.8951,0.00447783,22191.7,48541.5,72039.3,-447.414,-77.9942,-12.9272,4291645474654.9307,12.63262383846623
394442,480,0,9.306059197836554,43.8024,6.8608,0.021896,22391.9,48377.6,72236.6,-240.102,61.7498,-14.8222,4291645474654.9307,12.63262383846623
394443,480,0,8.728929808394957,36.7829,10.6511,0.0154677,22483.6,48196.4,72231.9,-325.277,-106.077,-116.527,4291645474654.9307,12.63262383846623
394444,480,0,9.536592733666556,46.6283,2.4325,0.0,22280.0,48404.7,72268.7,-283.793,113.25,-330.249,4291645474654.9307,12.63262383846623
394445,480,0,7.835204546171904,24.9934,14.6403,0.0,22392.5,48558.1,72485.3,-407.764,-20.4894,-187.405,4291645474654.9307,12.63262383846623
394446,480,0,7.3908298047621575,25.7201,10.7569,0.0,22350.1,48466.0,71991.8,-415.854,87.0966,-287.285,4291645474654.9307,12.63262383846623
394447,480,0,6.597289601720178,23.0558,13.2545,0.0,22508.1,48088.0,72215.0,-449.899,66.9515,-294.814,4291645474654.9307,12.63262383846623
394448,480,0,9.044459207920992,48.0802,1.3229,0.0272285,22223.3,48336.4,72409.7,-340.161,-23.0784,-35.755,4291645474654.9307,12.63262383846623
366034,344,1,10.71506283905624,143.027,164.879,0.0125566,29311.0,1657.86,69136.1,12.3758,-148.048,309.121,4274790977565.877,12.630914884091316
366035,344,0,10.708594758069827,121.042,29.1192,0.00988519,29521.5,1492.68,69306.1,-99.6632,-280.052,355.824,4274790977565.877,12.630914884091316
366036,344,0,9.627803230714827,58.1437,14.7797,0.0138469,29134.1,1443.59,69102.4,-98.4994,-134.077,518.779,4274790977565.877,12.630914884091316
366037,344,0,9.507511681045091,47.3883,8.0176,0.0146617,29303.0,1565.84,69208.0,37.7105,14.0739,275.434,4274790977565.877,12.630914884091316
366038,344,0,9.334903489250802,47.2347,8.5629,0.0190177,29513.4,1575.11,69262.0,-236.187,-172.268,103.507,4274790977565.877,12.630914884091316
366039,344,0,8.521896722712142,38.0318,12.5299,0.00695742,29669.0,1869.08,69508.2,-43.5205,-193.819,412.921,4274790977565.877,12.630914884091316
366040,344,0,9.527641695791624,52.1844,4.2613,0.0167683,29333.5,1629.01,69179.0,-112.771,78.5954,37.0684,4274790977565.877,12.630914884091316
366041,344,0,8.706646484982185,43.1524,10.7189,0.00842958,29278.8,1635.51,69305.1,262.422,-300.338,269.181,4274790977565.877,12.630914884091316
366042,344,0,8.030928104410082,29.737,16.9127,0.00516574,29488.5,1870.73,69180.8,31.0421,14.6157,499.28,4274790977565.877,12.630914884091316
366043,344,0,9.209511848507901,40.2304,3.3966,0.0,29403.1,1689.95,69141.0,261.409,-189.077,366.994,4274790977565.877,12.630914884091316
327822,216,1,11.119717775902751,137.819,133.154,0.0160184,1157.37,54876.5,41635.3,33.8934,-177.788,271.807,4269292497480.025,12.630355910177549
327823,216,0,10.59294771190019,116.237,63.2492,0.00639515,635.594,54186.3,41188.8,-1.3426,-301.564,257.288,4269292497480.025,12.630355910177549
327824,216,0,10.306784222600657,87.7786,36.3235,0.024794,333.903,54429.6,41209.4,69.4141,-548.212,273.747,4269292497480.025,12.630355910177549
327825,216,0,10.219228942069048,87.4226,31.3669,0.0173385,822.023,54861.0,41453.0,149.728,46.0511,329.035,4269292497480.025,12.630355910177549
327826,216,0,10.25261800956701,93.8081,27.0675,0.0244204,571.415,54358.9,41089.0,260.455,-237.352,23.492,4269292497480.025,12.630355910177549
327827,216,0,10.088306671538795,76.5184,22.5606,0.0219602,1663.38,54789.1,41683.5,119.708,18.5945,276.744,4269292497480.025,12.630355910177549
327828,216,0,9.892688465117095,71.8604,27.1575,0.0169224,566.226,54586.2,41221.6,202.459,-352.485,-110.553,4269292497480.025,12.630355910177549
327829,216,0,10.1595500549313,81.3827,8.3705,0.0347323,1135.84,54972.7,41636.9,128.71,-486.034,282.693,4269292497480.025,12.630355910177549
327830,216,0,10.245558563730796,90.1096,3.2052,0.0230749,1140.03,54894.9,41641.8,175.421,-291.465,-4.6685,4269292497480.025,12.630355910177549
327831,216,0,9.706096875902412,68.3649,11.9452,0.0128958,616.541,54073.0,41212.5,162.989,-435.731,270.124,4269292497480.025,12.630355910177549
393117,473,1,10.874850925204054,147.522,127.433,0.00641405,31557.2,14118.0,53190.6,-77.3789,-38.2515,-22.3398,4264248131931.3735,12.62984246787434
393118,473,0,9.57302139952223,60.2684,18.179,0.0110784,31602.9,14626.0,52967.7,-141.409,-193.091,14.4153,4264248131931.3735,12.62984246787434
393119,473,0,10.08966162620753,76.0815,6.832,0.0292763,31595.2,14234.7,53138.2,-157.594,-258.268,103.388,4264248131931.3735,12.62984246787434
393120,473,0,9.285550000846126,47.7203,16.9217,0.0092985,31498.0,14755.0,52849.7,-181.322,-205.495,4.8193,4264248131931.3735,12.62984246787434
393121,473,0,8.150656295839635,30.4939,19.9297,0.00549732,31464.7,14385.0,52976.8,113.602,74.2244,105.007,4264248131931.3735,12.62984246787434
393122,473,0,6.761331565087255,27.7273,18.9721,0.00047756,31397.5,14042.9,52778.9,40.9672,-3.5172,220.895,4264248131931.3735,12.62984246787434
393123,473,0,7.637354393764001,29.1918,10.6715,0.0,31502.5,14391.0,52815.9,-134.664,-175.601,7.6091,4264248131931.3735,12.62984246787434
393124,473,0,8.941036127881487,31.58,2.5931,0.0,31532.2,14015.7,53271.4,63.986,91.9941,-59.6521,4264248131931.3735,12.62984246787434
393125,473,0,9.08493969083812,31.5136,1.4032,0.0,31561.6,14141.0,53174.2,300.335,-202.68,-14.9872,4264248131931.3735,12.62984246787434
393126,473,0,8.64884526189354,29.864,3.7292,0.0104154,31493.1,14142.8,53120.5,144.885,-96.5612,96.8328,4264248131931.3735,12.62984246787434
402483,529,1,10.947020777687934,149.072,103.729,0.00839881,53135.6,72332.7,44429.9,-36.5768,-187.738,-480.812,4259549307900.613,12.629363649936886
402484,529,0,10.042060684153753,72.9947,3.5727,0.025389,53202.3,72266.8,44422.2,84.8571,-247.036,-460.457,4259549307900.613,12.629363649936886
402485,529,0,9.055521430996501,48.3892,15.2423,0.0119715,53048.6,72226.5,44296.9,-303.431,-303.879,-439.583,4259549307900.613,12.629363649936886
402486,529,0,8.666568272377594,34.1915,5.5154,0.00762611,53059.9,72315.3,44546.8,-25.1154,-120.449,-655.485,4259549307900.613,12.629363649936886
402487,529,0,6.827166204348501,24.8959,10.8722,0.0,53098.8,72694.4,44326.8,-168.04,-179.864,-475.875,4259549307900.613,12.629363649936886
402488,529,0,7.348993735714576,26.9884,8.1277,0.0,52666.8,72348.2,44195.3,26.0281,-152.347,-465.507,4259549307900.613,12.629363649936886
402489,529,0,7.034850867607459,26.7215,7.2497,0.0,53005.0,72475.4,44539.9,254.546,-125.321,-491.749,4259549307900.613,12.629363649936886
402490,529,0,7.413431928493232,26.9002,5.8224,0.0,53329.9,72223.9,44206.6,-112.491,-220.939,-508.527,4259549307900.613,12.629363649936886
402491,529,0,5.940006819333533,22.5315,8.7584,0.0,53008.2,72383.0,44537.8,-245.716,-311.601,-232.092,4259549307900.613,12.629363649936886
402492,529,0,,20.0637,9.0615,0.0,53016.0,72324.4,44251.0,-200.951,-371.775,-276.914,4259549307900.613,12.629363649936886
355537,303,1,11.00451493609416,137.512,149.091,0.0187067,32047.0,9495.74,35134.7,-134.947,-162.062,122.066,4242616872503.091,12.62763381478089
355538,303,0,10.963929965407033,124.618,31.3299,0.0232689,32382.8,9504.41,35026.5,24.6795,-159.463,126.177,4242616872503.091,12.62763381478089
355539,303,0,9.947712656845704,70.8921,6.8659,0.0243694,31984.0,9594.96,35140.9,-130.736,-264.849,39.9294,4242616872503.091,12.62763381478089
355540,303,0,9.375257156389493,50.8584,11.9993,0.0184514,32224.7,9561.77,35379.6,-230.402,-132.584,108.532,4242616872503.091,12.62763381478089
355541,303,0,8.787725835811518,40.7038,10.6139,0.00996218,32114.9,9200.67,35164.7,-309.067,-12.0092,240.309,4242616872503.091,12.62763381478089
355542,303,0,8.633614546656842,38.2182,8.1609,0.00772208,32343.7,9640.16,34967.8,0.5693,-182.077,272.283,4242616872503.091,12.62763381478089
355543,303,0,8.419135413600918,37.9801,7.7238,0.00342342,32033.8,9356.75,35120.2,12.7035,-378.691,357.368,4242616872503.091,12.62763381478089
355544,303,0,8.595763652357554,39.6879,7.3398,0.00923897,32206.6,9513.43,34972.5,207.633,69.4518,-5.8254,4242616872503.091,12.62763381478089
355545,303,0,8.335288777996498,32.6302,10.4142,0.00729865,31972.7,9634.12,35317.2,71.4926,-172.586,159.128,4242616872503.091,12.62763381478089
355546,303,0,6.984067988966462,29.4811,11.4202,0.00111085,31912.2,9317.84,35143.4,150.38,-79.3695,-230.318,4242616872503.091,12.62763381478089
394600,481,1,11.175856118189014,147.986,112.581,0.0120673,73856.0,32442.9,9263.79,377.915,-448.151,41.7959,4242314129478.29,12.627602823456357
394601,481,0,10.05869572655353,93.8463,0.8234,0.0,73854.5,32442.6,9268.07,671.214,-463.24,64.705,4242314129478.29,12.627602823456357
394602,481,0,8.885925839577713,39.6345,10.296,0.008264,73713.1,32642.3,9114.94,327.323,-354.63,-114.323,4242314129478.29,12.627602823456357
394603,481,0,8.691898900810173,38.8088,10.4382,0.00469804,74071.8,32211.5,9400.7,562.437,-376.996,153.362,4242314129478.29,12.627602823456357
394604,481,0,,23.024,9.6143,0.0,73827.4,32568.8,9479.56,456.129,-723.096,133.605,4242314129478.29,12.627602823456357
394605,481,0,7.77413643729882,23.0705,5.8395,0.0,73980.1,32501.8,9009.86,451.923,-426.344,-60.1639,4242314129478.29,12.627602823456357
394606,481,0,6.412192856377683,22.0023,7.8591,0.0,73957.3,32252.3,9442.85,584.448,-461.924,219.899,4242314129478.29,12.627602823456357
394607,481,0,7.216819002292948,20.6243,7.1498,0.0,73916.5,32624.8,9424.4,393.859,-673.572,23.0579,4242314129478.29,12.627602823456357
394608,481,0,,17.6658,8.6698,0.0,73931.5,32139.5,9195.23,573.707,-393.048,203.676,4242314129478.29,12.627602823456357
394609,481,0,6.088232900067462,18.2437,7.7479,0.0,73671.5,32359.9,9084.04,580.828,-661.395,-131.757,4242314129478.29,12.627602823456357
405133,548,1,10.828312944570557,151.097,107.403,0.0158324,66523.2,51269.6,25729.8,85.0973,41.014,197.113,4232794393083.85,12.626627173241832
405134,548,0,9.268023408675868,55.763,11.4829,0.009648,66493.6,51292.6,25866.3,205.579,-234.783,-30.0973,4232794393083.85,12.626627173241832
405135,548,0,9.131585707462909,42.1885,10.608,0.0102443,66724.8,51146.8,25578.4,44.2394,16.4228,198.117,4232794393083.85,12.626627173241832
405136,548,0,9.267919634605624,30.7448,3.7793,0.0198569,66638.6,51239.5,25615.8,21.0092,-0.1802,199.867,4232794393083.85,12.626627173241832
405137,548,0,8.041777186716677,26.584,6.2934,0.0040559,66327.2,51330.3,25831.9,228.685,54.1176,114.817,4232794393083.85,12.626627173241832
405138,548,0,8.538760241775739,31.8412,4.3459,0.0,66636.6,51290.7,25714.6,-180.543,92.0194,96.8824,4232794393083.85,12.626627173241832
405139,548,0,8.833477054926451,33.5018,2.5417,0.0,66413.4,51333.8,25750.1,242.865,-33.0419,298.675,4232794393083.85,12.626627173241832
405140,548,0,7.390047056910908,30.6197,5.7942,0.0,66497.8,51237.3,25672.8,481.713,-61.5679,-18.3879,4232794393083.85,12.626627173241832
405141,548,0,7.958735519855814,30.3372,5.3259,0.00532932,66463.0,51229.1,25716.7,-222.003,266.531,453.779,4232794393083.85,12.626627173241832
405142,548,0,7.106672699708735,27.1941,5.6357,0.00143303,66567.2,51187.5,25669.4,-151.725,-99.6969,528.897,4232794393083.85,12.626627173241832
399969,513,1,11.146380746476453,147.636,103.535,0.0179902,8873.35,2012.32,21136.3,94.7383,260.697,68.2727,4225880409152.873,12.62591720251755
399970,513,0,9.947476123444817,68.2736,4.104,0.0252131,8827.08,2009.22,21172.3,239.65,452.317,11.3662,4225880409152.873,12.62591720251755
399971,513,0,8.902897608480757,42.3512,16.1184,0.00911698,8821.55,1883.51,20807.5,23.9829,110.757,119.59,4225880409152.873,12.62591720251755
399972,513,0,9.09878316612018,45.9262,11.5984,0.0139461,9044.85,1975.1,21171.6,173.576,255.588,-188.954,4225880409152.873,12.62591720251755
399973,513,0,8.631118293816327,35.2376,9.9362,0.00921791,9050.3,1826.08,20972.4,-55.8929,381.799,135.085,4225880409152.873,12.62591720251755
399974,513,0,8.474570671529424,37.6208,7.04,0.00933673,9069.15,2098.06,21356.9,114.597,203.915,51.8107,4225880409152.873,12.62591720251755
399975,513,0,8.076404890572716,30.6488,7.1198,0.00288217,8938.4,1859.51,20936.2,-79.0846,198.614,287.471,4225880409152.873,12.62591720251755
399976,513,0,8.772039175624956,35.7525,5.5958,0.0,9010.86,1940.22,21118.5,3.3051,285.425,207.261,4225880409152.873,12.62591720251755
399977,513,0,8.164526713719551,29.7262,6.8344,0.0,8836.01,1838.59,21250.6,147.004,215.964,-110.858,4225880409152.873,12.62591720251755
399978,513,0,7.221463907338712,25.3547,6.378,0.0,8766.67,2098.73,21064.3,284.699,367.453,-95.2041,4225880409152.873,12.62591720251755
391260,462,1,11.085236419467298,149.438,106.985,0.01056,62236.0,36769.0,348.964,227.051,-206.132,14.9393,4221962319738.1533,12.625514352988024
391261,462,0,8.845262868081983,47.5711,19.9784,0.00850741,62196.1,36583.3,124.729,200.788,98.704,307.642,4221962319738.1533,12.625514352988024
391262,462,0,8.221078723737495,32.6822,11.7058,0.00715647,62243.7,37060.3,290.119,399.691,-210.675,65.2374,4221962319738.1533,12.625514352988024
391263,462,0,9.20372310856041,42.7705,4.244,0.0,62176.8,36673.0,392.115,258.609,-364.923,-86.5542,4221962319738.1533,12.625514352988024
391264,462,0,8.818733036811638,39.6663,6.4202,0.0170761,62324.2,37000.5,360.381,137.184,-226.792,91.9526,4221962319738.1533,12.625514352988024
391265,462,0,8.724418586005516,35.1046,5.2255,0.0100243,62266.2,36638.6,317.944,-29.3403,-187.219,116.637,4221962319738.1533,12.625514352988024
391266,462,0,7.578242177139224,25.3134,9.9239,0.0,62103.2,36955.4,229.563,497.871,-148.408,22.4866,4221962319738.1533,12.625514352988024
391267,462,0,8.241331152170355,31.2844,5.9829,0.00643812,62231.6,36861.9,335.286,478.158,-58.3557,-278.309,4221962319738.1533,12.625514352988024
391268,462,0,8.122721221948394,32.7801,4.8908,0.0,62296.2,36891.0,261.15,15.283,-104.372,25.2756,4221962319738.1533,12.625514352988024
391269,462,0,7.603883349471146,23.8914,8.6799,0.0,62390.7,36926.7,494.118,218.539,-70.5784,-65.7861,4221962319738.1533,12.625514352988024
384705,428,1,11.205276463943667,144.284,137.951,0.0155344,5653.12,54475.4,30679.7,-43.76,-79.5696,202.079,4214826234153.565,12.624779674547037
384706,428,0,10.199033480179802,88.2389,8.8827,0.027062,5742.13,54515.8,30650.2,-266.392,7.4156,176.566,4214826234153.565,12.624779674547037
384707,428,0,9.148256822493929,50.1254,24.6462,0.00708904,5334.95,54542.6,30810.1,-63.5471,-379.95,218.479,4214826234153.565,12.624779674547037
384708,428,0,8.904474200059246,33.6868,11.9508,0.0105862,5906.24,54322.4,30659.5,110.429,-99.4917,225.359,4214826234153.565,12.624779674547037
384709,428,0,8.012512186129344,33.2516,13.4546,0.0063202,5754.95,54599.8,30888.3,-87.0023,-186.88,-92.9924,4214826234153.565,12.624779674547037
384710,428,0,8.747438644625893,39.3575,6.3748,0.0125638,5872.89,54473.4,30624.2,-120.324,14.2282,333.033,4214826234153.565,12.624779674547037
384711,428,0,9.332989770972716,25.5524,0.3524,0.0,5653.75,54468.3,30682.2,132.189,-152.705,293.634,4214826234153.565,12.624779674547037
384712,428,0,9.027914509137208,30.0599,2.2091,0.0,5598.61,54554.3,30704.6,-31.0991,-68.7051,51.2537,4214826234153.565,12.624779674547037
384713,428,0,6.9793873256864725,22.6915,10.0975,0.0,5862.81,54328.5,30551.4,-123.346,-305.78,50.3982,4214826234153.565,12.624779674547037
384714,428,0,6.855791076953682,21.9546,10.7749,0.0,5946.14,54509.9,30729.6,74.5559,-356.849,71.1721,4214826234153.565,12.624779674547037
408764,572,1,10.896811535915337,151.893,104.009,0.00881687,32346.0,72943.5,33267.7,133.836,14.8538,272.056,4214138755201.4136,12.624708831135923
408765,572,0,7.01363198343707,26.1134,11.9854,0.0,32101.9,72906.6,33097.2,-25.0264,56.8847,454.955,4214138755201.4136,12.624708831135923
408766,572,0,6.755742112363143,24.5634,6.6767,0.0,32347.3,73010.6,33389.8,162.181,353.053,102.357,4214138755201.4136,12.624708831135923
408767,572,0,,16.6211,13.0275,0.0,32670.2,72822.8,33229.2,131.514,127.834,-17.7801,4214138755201.4136,12.624708831135923
408768,572,0,6.001663720397625,21.6574,6.4681,0.0,32572.3,72942.3,32941.2,195.931,-145.098,267.827,4214138755201.4136,12.624708831135923
408769,572,0,6.3918712788389715,20.9576,7.5474,0.0,32444.1,72980.9,33150.7,-220.547,-53.7402,195.454,4214138755201.4136,12.624708831135923
408770,572,0,6.799582682716412,19.5754,5.5538,0.0,32602.8,73128.8,33037.3,54.5109,-113.444,260.939,4214138755201.4136,12.624708831135923
408771,572,0,6.014252847705645,19.7849,5.9909,0.0,32397.3,73054.5,33391.0,355.222,-55.0248,106.065,4214138755201.4136,12.624708831135923
408772,572,0,6.381342412095346,18.3397,5.7141,0.0,32606.7,73042.1,32889.5,145.761,-64.5571,334.183,4214138755201.4136,12.624708831135923
408773,572,0,6.8066445372038995,18.4613,5.8835,0.0,32224.1,72983.5,33466.6,124.553,21.5507,-39.4559,4214138755201.4136,12.624708831135923
379147,401,1,11.018072066238409,143.201,112.173,0.0183449,18230.6,24411.1,53466.5,289.511,-150.092,-269.893,4208077587559.0493,12.624083738640483
379148,401,0,10.248060913430177,99.5307,46.2752,0.0233034,18564.1,24859.1,53409.2,203.067,-1.9512,-395.973,4208077587559.0493,12.624083738640483
379149,401,0,9.925582465415262,73.6618,6.3018,0.015578,18537.2,24822.5,53452.8,137.211,-80.5197,-381.711,4208077587559.0493,12.624083738640483
379150,401,0,8.864653995702804,45.2838,14.4997,0.00841013,18119.9,24198.9,53291.9,381.616,-32.2065,-309.582,4208077587559.0493,12.624083738640483
379151,401,0,9.882856986269923,61.605,3.2784,0.0,18204.5,24318.6,53506.1,311.555,-127.708,-373.326,4208077587559.0493,12.624083738640483
379152,401,0,8.745323327299197,41.446,14.4529,0.0105848,18473.8,24109.8,53428.3,160.5,-256.156,-219.927,4208077587559.0493,12.624083738640483
379153,401,0,9.266429474930899,44.1765,3.9677,0.0174063,18185.0,24377.5,53435.7,567.728,-254.857,-381.641,4208077587559.0493,12.624083738640483
379154,401,0,9.381464956437556,39.0091,1.7213,0.0,18210.8,24333.3,53460.5,265.005,-229.748,-359.274,4208077587559.0493,12.624083738640483
379155,401,0,6.8818045093185995,23.6203,16.6226,0.00149796,18228.9,24734.8,53563.0,-10.1512,-393.423,-264.923,4208077587559.0493,12.624083738640483
379156,401,0,8.303300027571684,29.1222,9.2574,0.0,18383.8,24114.1,53371.3,172.454,-91.4567,-233.273,4208077587559.0493,12.624083738640483
381392,412,1,11.1892507913193,148.064,111.568,0.0218377,60268.5,71339.7,35270.0,-76.5087,213.881,262.091,4207466695384.005,12.624020686960828
381393,412,0,10.1277779305646,86.2524,31.1884,0.0161005,60438.2,71044.4,35100.2,-242.252,384.533,221.41,4207466695384.005,12.624020686960828
381394,412,0,9.393838047548883,60.0869,16.8928,0.0153458,60069.4,71333.2,35233.3,166.84,383.475,380.261,4207466695384.005,12.624020686960828
381395,412,0,8.810757799258942,46.306,17.1841,0.00453001,60491.7,71401.4,35303.5,-91.1431,56.8123,50.8228,4207466695384.005,12.624020686960828
381396,412,0,8.751979224070183,42.626,16.862,0.00936422,60606.6,71114.7,35072.8,-94.8217,301.266,194.133,4207466695384.005,12.624020686960828
381397,412,0,9.873898855097744,65.1207,1.673,0.0293702,60251.5,71341.6,35244.6,222.217,158.636,534.666,4207466695384.005,12.624020686960828
381398,412,0,9.620737092179635,51.3049,3.0642,0.0,60276.5,71335.9,35327.2,16.3794,82.8973,416.163,4207466695384.005,12.624020686960828
381399,412,0,9.49159532944875,56.6897,2.4029,0.0136184,60450.4,71050.1,35092.1,-328.012,368.257,263.456,4207466695384.005,12.624020686960828
381400,412,0,8.61762923590355,43.3742,7.5038,0.00448766,60357.8,71299.8,35281.8,-127.355,-68.4344,6.5354,4207466695384.005,12.624020686960828
381401,412,0,9.42559351520894,29.5571,0.2896,0.0622316,60271.6,71344.4,35278.9,-317.642,343.131,238.75,4207466695384.005,12.624020686960828
409986,581,1,10.878380658393889,152.007,114.882,0.0128333,5220.96,67168.4,72202.5,259.338,-150.9,-104.484,4203618885600.0425,12.623623334524671
409987,581,0,10.619893376420885,112.132,14.7244,0.012383,5130.44,67138.7,72296.6,275.632,-143.338,-27.0477,4203618885600.0425,12.623623334524671
409988,581,0,8.760464332275886,39.2668,8.3162,0.0104961,5209.73,67058.5,72237.5,430.03,-79.0833,-185.573,4203618885600.0425,12.623623334524671
409989,581,0,8.115557941590444,39.6073,9.8267,0.00642051,5369.64,67301.0,72217.4,371.406,-387.194,-16.2372,4203618885600.0425,12.623623334524671
409990,581,0,9.247238073387917,24.5389,0.4027,0.050003,5120.53,67126.4,72297.9,184.233,-35.4406,-44.4543,4203618885600.0425,12.623623334524671
409991,581,0,8.972325030357792,20.4288,0.469,0.0373948,5129.4,67158.4,72294.9,423.885,-95.7952,-45.5396,4203618885600.0425,12.623623334524671
409992,581,0,7.543719868414153,30.218,5.3195,0.0,5172.48,67179.4,72317.4,272.833,-182.504,264.339,4203618885600.0425,12.623623334524671
409993,581,0,8.195851463669548,29.2496,4.8817,0.00678721,5134.81,67077.4,72255.5,260.507,-515.756,-27.3765,4203618885600.0425,12.623623334524671
409994,581,0,6.711980234650569,23.0892,7.3026,0.0,5489.39,67346.6,72405.2,122.677,-246.279,-104.997,4203618885600.0425,12.623623334524671
409995,581,0,7.348131754984558,30.8856,4.9816,0.0,5235.91,67228.3,72165.4,355.981,-457.052,-229.275,4203618885600.0425,12.623623334524671
408393,569,1,11.132776910635172,146.841,109.532,0.016643,52919.8,5894.82,61895.1,-67.1337,-23.004,-139.001,4195909750718.5103,12.622826138437997
408394,569,0,8.760519976099959,50.8098,18.225,0.00403818,52862.8,5797.15,61609.5,-189.483,206.973,-69.0646,4195909750718.5103,12.622826138437997
408395,569,0,9.221094137642552,39.9192,2.4851,0.0,52967.8,5907.67,61861.5,-221.451,-175.234,62.6105,4195909750718.5103,12.622826138437997
408396,569,0,8.859873499158411,35.0558,4.4086,0.0,52928.2,5826.52,61936.0,-129.492,265.704,-93.5534,4195909750718.5103,12.622826138437997
408397,569,0,6.302693716061606,22.6461,12.5065,0.00028671,53129.1,6046.92,61945.2,-202.458,-221.958,40.3554,4195909750718.5103,12.622826138437997
408398,569,0,7.342923630828039,24.6936,5.1637,0.0,52829.0,6039.04,61775.3,-90.7287,14.0336,63.7728,4195909750718.5103,12.622826138437997
408399,569,0,6.7193831607464825,19.4959,4.4061,0.0,52694.4,5989.65,61833.4,-91.9698,-64.4839,62.0689,4195909750718.5103,12.622826138437997
408400,569,0,6.259059919130786,14.5805,8.8393,0.0,53007.2,5961.74,61699.3,-65.4259,-223.036,111.572,4195909750718.5103,12.622826138437997
408401,569,0,,14.0053,6.9511,0.0,52710.7,5884.61,61923.1,103.367,108.719,-418.887,4195909750718.5103,12.622826138437997
408402,569,0,6.169154807691388,14.0755,5.4345,0.0,52739.5,5843.07,62069.2,120.244,214.106,-188.045,4195909750718.5103,12.622826138437997
407204,561,1,11.093807736441308,151.69,94.3795,0.00725743,63738.7,28472.3,22332.9,104.722,-175.035,-23.124,4191435280893.6284,12.62236276469305
407205,561,0,9.385220375042735,51.455,8.6347,0.0217609,63649.2,28341.5,22384.8,-42.084,-374.461,-160.518,4191435280893.6284,12.62236276469305
407206,561,0,9.084459647087526,43.6574,6.7804,0.0116018,63773.7,28363.0,22199.0,-10.6189,-264.794,-14.8171,4191435280893.6284,12.62236276469305
407207,561,0,8.155344107428213,32.6542,3.9122,0.0,63723.6,28515.0,22395.8,-1.2182,-38.7225,-379.386,4191435280893.6284,12.62236276469305
407208,561,0,7.561675897623321,29.2289,4.9677,0.0,63806.7,28451.2,22396.5,441.218,44.212,119.379,4191435280893.6284,12.62236276469305
407209,561,0,8.589968389517068,25.1395,2.9547,0.0,63796.0,28383.7,22354.7,82.6806,-52.1994,104.777,4191435280893.6284,12.62236276469305
407210,561,0,8.546351742700303,24.4658,2.5439,0.0,63617.0,28457.3,22293.8,204.549,-131.805,-99.0836,4191435280893.6284,12.62236276469305
407211,561,0,6.820432821689533,19.8351,6.7183,0.0,63967.5,28408.5,22442.6,126.637,-121.424,155.382,4191435280893.6284,12.62236276469305
407212,561,0,7.64685473602352,25.1369,2.8517,0.0,63765.0,28377.6,22188.4,-62.5513,-259.878,-189.978,4191435280893.6284,12.62236276469305
407213,561,0,,14.8321,6.738,0.0,64041.3,28464.5,22176.1,-66.7379,-236.772,-230.682,4191435280893.6284,12.62236276469305
388115,445,1,11.085662447512775,151.919,107.93,0.0118945,24706.2,61966.4,24744.7,-12.3539,143.107,261.521,4187044155502.657,12.62190754087452
388116,445,0,10.81418583932149,136.387,6.3,0.0158913,24694.1,61924.2,24724.5,-97.5375,220.019,369.025,4187044155502.657,12.62190754087452
388117,445,0,8.82665047183077,40.0798,13.023,0.00982722,24809.0,62250.0,24879.6,141.109,94.3931,245.319,4187044155502.657,12.62190754087452
388118,445,0,7.650167228647962,29.9859,14.6443,0.0022592,25039.1,62105.9,24578.3,-237.635,88.0866,218.356,4187044155502.657,12.62190754087452
388119,445,0,8.756585130062794,39.0623,7.4001,0.011735,24758.0,61850.1,24646.8,-136.163,331.703,120.489,4187044155502.657,12.62190754087452
388120,445,0,8.457269832979492,36.1544,7.8087,0.0107248,24713.4,62239.6,24795.9,152.286,146.946,123.423,4187044155502.657,12.62190754087452
388121,445,0,8.463135763925816,30.7629,7.8189,0.0120568,24587.4,61922.3,24957.7,44.7049,350.067,257.73,4187044155502.657,12.62190754087452
388122,445,0,7.926854432779128,16.1182,5.1779,0.00754506,24632.5,62002.8,24803.3,107.002,363.582,361.627,4187044155502.657,12.62190754087452
388123,445,0,7.701909186683886,16.2847,3.6491,0.00673303,24722.9,62003.5,24769.6,222.074,109.919,140.266,4187044155502.657,12.62190754087452
388124,445,0,7.422492813017495,24.623,8.2352,0.0,24640.1,62338.2,24876.2,157.45,195.46,216.822,4187044155502.657,12.62190754087452
408224,568,1,10.923653744070764,147.632,108.071,0.00969176,7711.11,9981.57,39266.3,-165.881,103.433,-415.399,4179669749888.1294,12.621141968026862
408225,568,0,8.783207913678607,37.9971,11.094,0.0128455,7626.08,9784.01,39109.9,-123.338,5.3889,-269.581,4179669749888.1294,12.621141968026862
408226,568,0,7.94206300266266,32.3538,15.0348,0.00323149,7652.35,9876.12,39599.1,-237.796,20.5437,-601.644,4179669749888.1294,12.621141968026862
408227,568,0,9.325358566687678,45.0441,2.7798,0.0,7719.09,10006.6,39257.4,-258.367,-135.391,-823.17,4179669749888.1294,12.621141968026862
408228,568,0,8.206063030611608,35.0329,6.1069,0.0,7701.15,9894.51,39420.9,18.6683,260.287,-533.731,4179669749888.1294,12.621141968026862
408229,568,0,8.056828360145836,35.1629,4.387,0.0,7749.32,10019.5,39251.2,78.8743,-231.749,-254.566,4179669749888.1294,12.621141968026862
408230,568,0,8.501896158109963,30.2637,4.1844,0.0,7735.43,9911.26,39235.7,-248.378,-212.87,-464.416,4179669749888.1294,12.621141968026862
408231,568,0,6.958735519855814,20.0179,10.5077,0.0,7779.48,10066.3,39550.2,-267.512,21.4398,-637.307,4179669749888.1294,12.621141968026862
408232,568,0,7.7015269412592655,25.0977,5.1701,0.0,7760.78,10048.8,39371.5,-380.717,338.566,-451.574,4179669749888.1294,12.621141968026862
408233,568,0,,15.081,11.5568,0.0,7485.18,9956.17,39560.0,21.8816,-50.8327,-293.429,4179669749888.1294,12.621141968026862
408497,570,1,10.780456358628696,146.449,113.61,0.00783911,18473.6,24692.4,11034.8,-201.547,-101.04,-12.4368,4170967239456.4697,12.6202367787264
408498,570,0,9.63916963705527,55.8432,14.8931,0.0161846,18298.7,24472.1,10842.5,-189.639,-80.977,-70.3701,4170967239456.4697,12.6202367787264
408499,570,0,9.741833605378622,58.4876,5.6504,0.0335588,18610.3,24663.0,11083.3,-182.939,-58.2171,-52.2761,4170967239456.4697,12.6202367787264
408500,570,0,8.362000922880231,38.5206,9.9889,0.0023201,18586.1,24741.8,10860.9,-330.781,-56.9491,273.511,4170967239456.4697,12.6202367787264
408501,570,0,6.774459853832498,23.012,8.4188,0.0,18581.9,24654.1,10907.1,-7.0138,159.704,75.1273,4170967239456.4697,12.6202367787264
408502,570,0,7.186188146990169,19.4069,10.3409,0.0,18825.1,24971.5,11007.0,-72.408,-79.918,1.7943,4170967239456.4697,12.6202367787264
408503,570,0,8.317109238622209,33.4212,3.5661,0.0,18450.9,24656.8,11032.7,-29.9241,38.3864,-407.915,4170967239456.4697,12.6202367787264
408504,570,0,6.770127703378137,20.924,8.4751,0.0,18228.2,24530.7,11084.4,-418.668,26.6995,85.7829,4170967239456.4697,12.6202367787264
408505,570,0,6.603723711725587,18.598,7.6131,0.0,18842.2,24631.9,11252.9,-160.905,-57.1938,-100.95,4170967239456.4697,12.6202367787264
408506,570,0,6.151426040730957,18.2015,9.0138,0.0,18598.0,24927.0,11078.4,-58.5466,85.3952,115.11,4170967239456.4697,12.6202367787264
395153,485,1,10.648554464427948,126.579,120.972,0.00826052,25108.3,41474.6,51987.7,-239.914,538.644,-566.918,4163825747746.4385,12.619492546396698
395154,485,0,10.653848892863426,116.726,17.7586,0.0246054,25022.4,41328.0,52036.3,-321.757,653.056,-553.107,4163825747746.4385,12.619492546396698
395155,485,0,10.087041404885143,88.5721,10.9636,0.0213397,25192.8,41381.1,52017.1,-261.555,440.968,-362.596,4163825747746.4385,12.619492546396698
395156,485,0,9.720060376529455,73.2666,10.2021,0.0176126,25120.3,41373.5,52035.7,-403.028,101.956,-561.313,4163825747746.4385,12.619492546396698
395157,485,0,8.60807670160273,45.6496,10.9357,0.0044354,25009.1,41422.6,51891.8,0.2703,675.916,-510.824,4163825747746.4385,12.619492546396698
395158,485,0,8.557007160454432,45.3503,7.7123,0.00375804,25076.7,41542.5,51940.3,-488.528,302.969,-720.231,4163825747746.4385,12.619492546396698
395159,485,0,8.86259154392383,37.4307,10.5864,0.0158492,25033.9,41345.7,52154.8,-606.723,184.186,-426.767,4163825747746.4385,12.619492546396698
395160,485,0,8.025823291302924,35.494,9.9751,0.0,24925.9,41454.6,51983.9,-404.251,151.238,-374.906,4163825747746.4385,12.619492546396698
395161,485,0,8.629541414977597,40.2651,6.9967,0.00884225,25059.4,41381.2,52074.5,-386.117,-92.4994,-426.693,4163825747746.4385,12.619492546396698
395162,485,0,7.60499917367583,28.2386,10.3868,0.0,24932.4,41122.5,52004.0,-355.342,642.997,-390.038,4163825747746.4385,12.619492546396698
397418,497,1,11.239188978160165,154.6,90.7538,0.0173166,44224.8,63514.0,48470.0,-187.285,204.228,-319.415,4162093084541.999,12.619311788910418
397419,497,0,10.299063724954067,93.7183,5.6895,0.0263707,44158.0,63504.8,48491.4,-189.909,12.6001,-85.6939,4162093084541.999,12.619311788910418
397420,497,0,8.842544385879693,38.146,16.512,0.00887723,44465.4,63485.9,48371.7,-110.215,158.773,-584.581,4162093084541.999,12.619311788910418
397421,497,0,8.659450472289919,37.3244,6.6505,0.0,44254.1,63594.0,48529.5,-185.429,153.865,28.1542,4162093084541.999,12.619311788910418
397422,497,0,7.721336146530724,26.9323,10.648,0.00217886,44320.2,63710.9,48539.6,87.7367,8.1978,-345.042,4162093084541.999,12.619311788910418
397423,497,0,8.576613698148781,34.2519,3.5421,0.0,44488.9,63495.8,48322.7,-297.524,295.914,-393.935,4162093084541.999,12.619311788910418
397424,497,0,7.364500866039808,21.5343,7.8647,0.0,43949.7,63344.8,48514.0,-338.606,257.694,-354.598,4162093084541.999,12.619311788910418
397425,497,0,7.373817319439607,24.1541,5.8324,0.0,44450.5,63407.3,48581.8,-303.019,200.175,-151.436,4162093084541.999,12.619311788910418
397426,497,0,6.255514638366137,18.5848,9.8171,0.0,44485.1,63622.8,48565.2,43.845,13.7133,-421.326,4162093084541.999,12.619311788910418
397427,497,0,7.202176252374299,21.1068,7.1914,0.0,44371.3,63445.3,48369.6,-347.669,299.749,-43.9497,4162093084541.999,12.619311788910418
387936,444,1,10.930841387886622,141.21,103.452,0.0169534,11072.6,66302.0,72505.2,361.503,-282.959,59.2067,4147971383864.316,12.617835751604977
387937,444,0,10.590987337010114,112.862,24.6473,0.0172435,11171.5,66120.5,72411.7,541.62,-108.788,10.2909,4147971383864.316,12.617835751604977
387938,444,0,10.242135881175468,97.4234,11.4359,0.0187569,11112.3,66321.4,72446.3,136.877,-186.256,-27.5926,4147971383864.316,12.617835751604977
387939,444,0,9.402359126338862,53.3507,9.8058,0.0118368,10970.7,66224.0,72466.6,426.336,-109.659,195.872,4147971383864.316,12.617835751604977
387940,444,0,8.536342943077015,37.3059,19.4132,0.0102962,10901.0,66116.1,72285.1,360.182,-113.481,-227.801,4147971383864.316,12.617835751604977
387941,444,0,8.602908645208146,39.6869,9.5262,0.0125543,10948.9,66320.5,72421.8,138.14,-522.292,58.2181,4147971383864.316,12.617835751604977
387942,444,0,8.12824392205878,31.9332,11.6278,0.00278918,11203.4,65954.6,72517.3,478.763,-195.301,-108.176,4147971383864.316,12.617835751604977
387943,444,0,7.677684526662675,30.233,10.8335,0.00352911,11119.2,66053.9,72561.3,181.042,-249.26,-242.2,4147971383864.316,12.617835751604977
387944,444,0,8.250934034458922,35.9137,7.3149,0.0,11067.4,66233.8,72352.8,499.842,-323.318,164.748,4147971383864.316,12.617835751604977
387945,444,0,9.335951859290764,25.3495,0.2814,0.051296,11161.3,66108.0,72397.3,499.727,57.8785,-52.8653,4147971383864.316,12.617835751604977
388615,448,1,11.061860889493008,144.947,121.369,0.00816589,57236.6,54662.9,41447.8,48.2257,150.589,57.8522,4109805489769.0156,12.613821267929845
388616,448,0,9.753421561686732,65.7965,26.1547,0.0182369,57004.1,54926.9,41451.6,113.775,-15.0224,-128.047,4109805489769.0156,12.613821267929845
388617,448,0,10.010215050068329,74.9953,12.6047,0.0158273,57292.6,54510.2,41478.9,75.5909,5.0757,108.361,4109805489769.0156,12.613821267929845
388618,448,0,8.672877414177869,45.2729,28.199,0.0039898,56746.5,54819.7,41734.6,210.003,16.7538,96.9956,4109805489769.0156,12.613821267929845
388619,448,0,9.00715335951309,51.39,18.5638,0.00982871,56957.2,54878.9,41606.3,116.112,65.9618,-232.691,4109805489769.0156,12.613821267929845
388620,448,0,9.033606554849571,47.8321,13.5268,0.00956491,57559.7,54600.5,41307.2,1.5358,272.063,63.1099,4109805489769.0156,12.613821267929845
388621,448,0,8.409529304649622,35.6526,10.3666,0.009611,57129.8,54553.7,41520.7,-175.62,178.847,268.535,4109805489769.0156,12.613821267929845
388622,448,0,7.883819800553925,29.9746,9.2345,0.00226707,57013.2,54783.6,41349.3,180.547,-15.3767,-8.2591,4109805489769.0156,12.613821267929845
388623,448,0,8.259483414514811,31.1273,9.1569,0.00489651,56863.6,54986.1,41541.9,-25.1945,96.3122,117.307,4109805489769.0156,12.613821267929845
388624,448,0,9.019813293603836,39.8252,4.12,0.0,57192.1,54658.8,41522.1,106.991,436.956,-14.3021,4109805489769.0156,12.613821267929845
412199,596,1,11.01736548486657,156.462,93.129,0.0215223,10052.6,28483.9,25805.3,-126.713,-208.904,168.415,4102832038458.1675,12.613083738204088
412200,596,0,8.954000241104035,39.6862,9.6698,0.00818102,10398.2,28524.4,25912.8,-134.161,-157.43,93.3507,4102832038458.1675,12.613083738204088
412201,596,0,8.566747241729505,40.5253,11.7473,0.00956954,9988.4,28361.4,25662.9,-37.1267,-101.175,-77.6361,4102832038458.1675,12.613083738204088
412202,596,0,8.104863555534052,32.3289,10.9394,0.00399376,10034.9,28753.1,25734.4,-326.401,-124.32,272.931,4102832038458.1675,12.613083738204088
412203,596,0,8.806714579052596,24.7156,4.3471,0.011703,10011.2,28363.9,25933.3,-61.5827,-157.818,132.364,4102832038458.1675,12.613083738204088
412204,596,0,8.609260646728048,34.0408,3.3201,0.0,10051.2,28430.1,25867.8,-150.339,-272.826,475.954,4102832038458.1675,12.613083738204088
412205,596,0,6.792404098089289,20.1508,7.1686,0.0,10137.8,28115.8,25774.8,-166.671,-180.86,293.007,4102832038458.1675,12.613083738204088
412206,596,0,7.434915724408999,21.5111,6.2545,0.0,10223.5,28526.6,25895.6,56.7218,-16.3659,102.274,4102832038458.1675,12.613083738204088
412207,596,0,,15.7534,6.7876,0.0,10131.1,28545.4,25600.5,-70.1782,-374.338,-37.9413,4102832038458.1675,12.613083738204088
412208,596,0,6.350998395636161,18.1043,3.4035,0.0,10052.0,28335.9,26015.1,-13.6633,-149.056,208.178,4102832038458.1675,12.613083738204088
407472,563,1,10.980437504727748,148.48,98.5167,0.0133203,17022.4,50427.2,63770.5,-289.046,231.887,-264.105,4092184674398.435,12.611955224566623
407473,563,0,9.30134403074932,40.3651,2.3455,0.0,17022.8,50392.1,63766.9,-382.456,576.798,-218.422,4092184674398.435,12.611955224566623
407474,563,0,8.693083275964792,34.627,6.2789,0.0,17071.5,50351.0,63961.9,-218.01,58.8461,-192.458,4092184674398.435,12.611955224566623
407475,563,0,9.247738487905673,32.6322,0.5233,0.0134228,17019.7,50434.3,63767.2,-101.073,207.065,-100.964,4092184674398.435,12.611955224566623
407476,563,0,8.703079312511383,29.9288,4.0769,0.00855762,16968.3,50411.5,63655.8,-356.258,417.282,-342.629,4092184674398.435,12.611955224566623
407477,563,0,8.952772572882138,33.3958,1.9291,0.0,16994.3,50445.1,63759.0,-441.85,-27.6582,-15.4982,4092184674398.435,12.611955224566623
407478,563,0,9.021274773284325,19.8267,0.429,0.0383238,17034.3,50419.9,63782.4,-385.688,-10.962,-333.073,4092184674398.435,12.611955224566623
407479,563,0,7.226059659027861,20.1543,6.0717,0.0,17007.5,50163.1,63693.4,-188.015,48.4735,-416.065,4092184674398.435,12.611955224566623
407480,563,0,5.901548567514357,19.1484,7.1927,0.0,17010.2,50687.4,63782.7,-546.797,244.13,-348.332,4092184674398.435,12.611955224566623
407481,563,0,8.067331291189065,12.1511,1.9356,0.0109736,17047.0,50424.7,63791.4,-340.615,-1.6318,-232.946,4092184674398.435,12.611955224566623
399267,508,1,10.914903170437213,145.662,101.286,0.00698427,36326.4,34462.0,70412.6,92.3516,-7.9665,-118.615,4086175315458.232,12.611316995899644
399268,508,0,10.511014515020879,102.656,5.4895,0.0296014,36300.4,34483.6,70394.8,253.238,-66.6635,-94.1449,4086175315458.232,12.611316995899644
399269,508,0,9.921007971260629,61.0049,3.3733,0.0185056,36262.8,34492.9,70401.2,302.261,4.93,-238.874,4086175315458.232,12.611316995899644
399270,508,0,8.568932332180188,34.8263,23.9818,0.00748263,36679.5,34560.2,70284.2,43.7333,-186.614,67.6034,4086175315458.232,12.611316995899644
399271,508,0,9.40644463051803,42.1407,2.1496,0.0195729,36334.4,34414.1,70438.2,-75.8367,-235.714,-10.5866,4086175315458.232,12.611316995899644
399272,508,0,6.198538585376598,20.8922,11.5823,0.0,36356.9,34298.2,70201.7,-146.486,-123.148,-207.863,4086175315458.232,12.611316995899644
399273,508,0,7.090320858329127,22.8442,6.3348,0.0,36371.4,34375.9,70592.2,75.9116,163.258,-291.572,4086175315458.232,12.611316995899644
399274,508,0,6.563606488517605,19.396,10.3942,0.0,36198.6,34753.5,70328.5,-80.7349,-150.72,-234.055,4086175315458.232,12.611316995899644
399275,508,0,6.540222669963125,20.7583,7.7077,0.0,36235.9,34454.0,70579.8,132.685,51.2212,100.935,4086175315458.232,12.611316995899644
399276,508,0,7.26467285001454,19.559,7.9147,0.0,36185.1,34806.6,70293.1,318.445,4.7901,-125.329,4086175315458.232,12.611316995899644
400846,519,1,10.882731025191333,146.336,106.798,0.00781383,49165.6,18739.9,40724.5,40.2317,-177.428,1.3391,4073210976135.7764,12.60993690539624
400847,519,0,9.723733603609423,70.1645,8.8975,0.0133301,49206.4,18611.4,40670.7,23.6946,-380.228,-5.2148,4073210976135.7764,12.60993690539624
400848,519,0,9.328755083039631,52.5423,10.81,0.0119137,49284.5,18779.0,40809.4,-29.1794,-380.814,-119.779,4073210976135.7764,12.60993690539624
400849,519,0,7.836140526021049,33.2123,16.0545,0.00288266,49092.5,19019.5,40942.2,-163.732,-209.539,58.7593,4073210976135.7764,12.60993690539624
400850,519,0,8.93248544847706,41.2794,7.454,0.0142475,49132.6,18685.8,40551.4,152.711,-88.7826,43.3723,4073210976135.7764,12.60993690539624
400851,519,0,7.9018701480413815,31.1561,13.5274,0.00325816,49482.0,18835.5,40910.6,-4.3688,-319.748,-211.216,4073210976135.7764,12.60993690539624
400852,519,0,7.658691437173484,31.7179,10.9289,0.00336919,49502.0,18852.5,40996.1,-38.0541,-301.933,-194.578,4073210976135.7764,12.60993690539624
400853,519,0,9.007632386318468,44.3977,3.5798,0.00888145,49171.2,18724.4,40756.1,196.419,-513.421,-246.328,4073210976135.7764,12.60993690539624
400854,519,0,7.03721116951443,25.8181,16.6853,0.0,49009.5,18915.7,40587.8,35.2431,9.7559,99.3544,4073210976135.7764,12.60993690539624
400855,519,0,7.939785935469195,29.0066,9.7359,0.0,48794.3,18789.7,40660.8,17.5118,-243.406,-69.8316,4073210976135.7764,12.60993690539624
374379,379,1,10.87117498331421,139.624,112.934,0.00829206,1121.22,46708.9,55800.1,328.128,368.171,-142.74,4072316262374.9814,12.60984149861915
374380,379,0,10.266214192310775,86.1829,43.363,0.0229029,1219.73,46306.9,55710.6,56.7481,482.777,59.125,4072316262374.9814,12.60984149861915
374381,379,0,9.778148044773335,62.9491,17.0255,0.0161327,1136.78,46533.5,56140.4,432.882,373.204,-234.089,4072316262374.9814,12.60984149861915
374382,379,0,9.756252614522463,67.7019,14.0704,0.0161655,1172.99,46393.2,55791.0,6.5768,424.329,113.856,4072316262374.9814,12.60984149861915
374383,379,0,9.338076360938594,52.8911,22.822,0.0102023,1196.62,46300.8,55986.5,-26.6843,419.958,-96.7712,4072316262374.9814,12.60984149861915
374384,379,0,10.102664872625414,79.5338,6.4082,0.0234867,1183.42,46733.5,55772.8,191.484,430.193,4.0232,4072316262374.9814,12.60984149861915
374385,379,0,9.450172258095751,56.7299,10.9429,0.0116689,1160.52,46390.4,55697.1,202.732,435.255,63.4552,4072316262374.9814,12.60984149861915
374386,379,0,9.103334996390137,52.5534,17.4974,0.0116229,1289.23,46518.2,55537.8,-41.6934,317.893,172.498,4072316262374.9814,12.60984149861915
374387,379,0,9.71814580133819,56.7985,7.552,0.0215304,1020.02,46747.5,55706.3,201.234,365.185,-63.2289,4072316262374.9814,12.60984149861915
374388,379,0,9.035081562248426,42.0061,11.2658,0.00632365,1239.76,46394.8,55998.3,387.396,379.006,-160.425,4072316262374.9814,12.60984149861915
396462,492,1,10.737031276015058,147.929,115.334,0.00623972,7600.4,43815.9,51758.8,242.203,303.06,13.0347,4049455109408.446,12.60739658891895
396463,492,0,9.589102299553575,62.1142,39.2951,0.0153638,7717.79,43735.1,51379.3,188.154,365.8,243.937,4049455109408.446,12.60739658891895
396464,492,0,9.671590121834026,55.7466,8.1698,0.0218395,7530.24,43713.8,51948.1,214.012,339.609,-18.7936,4049455109408.446,12.60739658891895
396465,492,0,8.274187858084982,37.6363,12.6165,0.00384561,7787.4,43644.0,51309.0,154.468,381.027,309.398,4049455109408.446,12.60739658891895
396466,492,0,8.261910531288468,33.2876,11.4645,0.00614653,7638.0,43907.7,51370.6,200.88,338.811,81.0919,4049455109408.446,12.60739658891895
396467,492,0,9.053423262995997,35.0261,3.5755,0.0160082,7630.53,43919.9,51570.1,197.126,313.526,-72.8717,4049455109408.446,12.60739658891895
396468,492,0,9.116559118121026,34.7706,2.4359,0.0164494,7686.27,43860.4,51703.7,161.41,256.753,24.2781,4049455109408.446,12.60739658891895
396469,492,0,5.6743047860112945,24.351,13.7284,0.0,7519.08,43469.5,51717.9,397.818,453.141,217.83,4049455109408.446,12.60739658891895
396470,492,0,7.7229165060813925,24.7795,8.4941,0.00658891,7487.0,43574.2,51966.4,242.86,379.883,192.52,4049455109408.446,12.60739658891895
396471,492,0,7.684896224360754,24.8687,7.8835,0.0055446,7555.65,43650.1,52088.3,370.478,395.817,-67.2789,4049455109408.446,12.60739658891895
392585,469,1,10.801161374122561,126.834,122.425,0.011008,4508.78,28191.6,9431.67,-175.691,-103.952,230.641,4046800701815.9966,12.60711181663944
392586,469,0,10.695181176953106,135.733,19.847,0.014389,4473.95,28298.5,9340.18,-93.5657,-95.5112,338.922,4046800701815.9966,12.60711181663944
392587,469,0,10.473918837615859,106.694,17.3213,0.00891826,4427.2,28179.8,9385.94,99.597,163.893,175.677,4046800701815.9966,12.60711181663944
392588,469,0,9.375675761322078,60.6997,19.4773,0.0128355,4231.57,28033.1,9455.02,83.7257,-151.304,336.776,4046800701815.9966,12.60711181663944
392589,469,0,10.165610438232237,85.6188,3.3164,0.0289496,4514.91,28186.9,9473.97,-155.616,-131.975,242.019,4046800701815.9966,12.60711181663944
392590,469,0,8.204704610701446,32.6929,8.9076,0.00515816,4360.0,28309.6,9493.26,186.593,-95.7025,307.736,4046800701815.9966,12.60711181663944
392591,469,0,6.7954951750664305,19.6019,11.0812,0.0,4613.55,28404.7,9304.47,46.3147,-311.371,418.535,4046800701815.9966,12.60711181663944
392592,469,0,8.377730516638964,19.3029,1.5662,0.0123121,4430.72,28194.2,9381.76,-5.8549,229.882,306.51,4046800701815.9966,12.60711181663944
392593,469,0,6.570555348472933,17.4769,7.8154,0.0,4174.87,27986.0,9414.78,-525.613,206.143,226.898,4046800701815.9966,12.60711181663944
392594,469,0,6.309033894092625,18.8366,5.0663,0.0,4568.42,28339.3,9237.72,-65.4704,-141.45,360.608,4046800701815.9966,12.60711181663944
403110,533,1,11.11011283323791,144.523,105.761,0.0104152,72286.9,69522.2,9472.03,183.935,-34.2788,45.8981,4036486715491.908,12.60600352751235
403111,533,0,9.698181994876464,68.2,16.2595,0.0185189,72374.4,69663.6,9416.53,-67.1127,-17.2213,272.915,4036486715491.908,12.60600352751235
403112,533,0,7.097550659948102,28.3164,11.5982,0.00142558,72098.3,69634.6,9395.29,-34.2221,-124.181,-116.303,4036486715491.908,12.60600352751235
403113,533,0,7.042475409506787,21.4673,13.3485,0.00091446,72527.3,69769.4,9391.27,26.0287,-259.056,65.3445,4036486715491.908,12.60600352751235
403114,533,0,8.010764519859825,26.8084,6.1603,0.0,72559.1,69475.1,9269.65,207.691,-65.1685,38.3056,4036486715491.908,12.60600352751235
403115,533,0,6.5457317647479005,27.1615,8.0017,0.0,72425.9,69494.1,9550.2,110.191,50.206,381.088,4036486715491.908,12.60600352751235
403116,533,0,6.908727152141481,21.7136,9.9774,0.00141916,72010.2,69562.7,9358.07,450.122,-113.068,76.9155,4036486715491.908,12.60600352751235
403117,533,0,6.757986533285596,25.6778,7.6256,0.00075646,72406.3,69445.6,9505.68,103.556,206.664,-200.36,4036486715491.908,12.60600352751235
403118,533,0,6.296259606056196,18.1058,12.2694,0.0,72591.9,69509.5,9649.41,320.335,-124.78,193.377,4036486715491.908,12.60600352751235
403119,533,0,6.813593397159227,19.0231,8.2448,0.0,72613.0,69560.8,9662.46,274.44,-66.5812,160.546,4036486715491.908,12.60600352751235
400266,515,1,11.134632148817397,148.531,103.895,0.0173199,50054.2,36422.9,28244.9,49.1943,-164.28,-146.263,4032709185338.703,12.605596904438436
400267,515,0,9.730765353590096,68.1471,18.2791,0.0106293,49783.8,36320.1,28235.1,112.598,-72.4871,-75.6775,4032709185338.703,12.605596904438436
400268,515,0,9.665885243185635,58.7212,8.5951,0.0176156,50130.2,36547.5,28320.9,-179.858,-265.77,-224.455,4032709185338.703,12.605596904438436
400269,515,0,8.905072924222685,49.0178,8.938,0.00782454,49965.7,36367.5,28236.2,-218.685,-315.081,-361.64,4032709185338.703,12.605596904438436
400270,515,0,7.42418597103694,27.3728,20.8873,0.00314513,49816.3,36482.0,27960.6,89.0607,47.8367,-18.6974,4032709185338.703,12.605596904438436
400271,515,0,7.140894398579166,23.5885,23.796,0.0,49803.4,36245.2,27910.9,22.2469,94.3704,-186.495,4032709185338.703,12.605596904438436
400272,515,0,7.455161929770863,28.8216,14.4448,0.00250045,49870.0,36512.8,28210.6,7.091,-339.24,142.092,4032709185338.703,12.605596904438436
400273,515,0,8.244811241289323,29.4293,4.686,0.0,50006.0,36566.6,28267.1,307.261,-195.215,-199.044,4032709185338.703,12.605596904438436
400274,515,0,7.261524507320509,24.0978,8.1532,0.0,49707.0,36548.1,27920.3,6.0184,-141.539,-43.6214,4032709185338.703,12.605596904438436
400275,515,0,6.598907087693797,18.4927,11.2948,0.0,50133.3,36079.8,28074.8,192.781,-188.791,-29.9769,4032709185338.703,12.605596904438436
394986,484,1,11.083212220377595,154.406,92.9338,0.0124021,3187.88,42784.8,55777.8,210.446,363.493,27.7645,4031721215914.0186,12.605490494028716
394987,484,0,9.927006151376968,73.7887,22.3574,0.0158042,3117.81,42508.6,55607.5,18.2397,372.26,51.3629,4031721215914.0186,12.605490494028716
394988,484,0,9.46986765260947,40.0326,2.1082,0.0,3254.03,42786.4,55757.3,82.4105,452.639,53.8548,4031721215914.0186,12.605490494028716
394989,484,0,8.099135398206903,31.4286,10.3073,0.00550097,3271.17,42886.0,55956.6,-53.0412,408.929,6.0428,4031721215914.0186,12.605490494028716
394990,484,0,7.624913010795526,26.042,11.37,0.0,3119.29,42776.9,55952.0,-12.1887,582.427,160.109,4031721215914.0186,12.605490494028716
394991,484,0,7.176902585692129,23.4411,9.2029,0.0,3428.38,42769.2,55593.0,330.363,554.849,-38.2466,4031721215914.0186,12.605490494028716
394992,484,0,8.502239178835039,27.2054,3.9388,0.0,3230.64,42743.6,55639.2,334.104,305.725,-16.6742,4031721215914.0186,12.605490494028716
394993,484,0,8.053780270947623,24.1913,4.7405,0.0,3321.93,42745.0,55988.7,124.957,350.155,148.622,4031721215914.0186,12.605490494028716
394994,484,0,7.624152025000848,13.3692,3.3368,0.0050816,3153.24,42790.9,55813.4,8.3952,298.889,-145.769,4031721215914.0186,12.605490494028716
394995,484,0,7.979320092234538,27.1835,3.8633,0.0,3231.03,42854.4,55832.7,-94.445,447.803,124.324,4031721215914.0186,12.605490494028716
409645,578,1,11.010055962103118,146.914,99.7739,0.00828994,66955.3,27056.7,13243.4,483.285,-277.092,181.477,4024095425466.3975,12.604668270820762
409646,578,0,9.467868189039168,56.0605,15.0146,0.0162909,66874.8,27097.3,13501.1,322.335,-212.764,140.169,4024095425466.3975,12.604668270820762
409647,578,0,8.812291518734826,41.9721,22.0063,0.00895573,67003.6,27039.8,12934.8,672.601,-327.556,328.829,4024095425466.3975,12.604668270820762
409648,578,0,7.976554520450874,31.0902,10.6828,0.00222922,66804.3,26813.3,13048.6,439.886,-293.541,2.6561,4024095425466.3975,12.604668270820762
409649,578,0,8.139501683921482,29.2946,11.2452,0.00562483,67143.7,26774.3,13270.4,335.419,-266.611,118.777,4024095425466.3975,12.604668270820762
409650,578,0,8.377031429283361,26.4006,7.3834,0.00739103,66943.5,27235.4,13458.3,450.415,-365.669,13.2348,4024095425466.3975,12.604668270820762
409651,578,0,6.7193831607464825,20.2863,9.4936,0.0,66803.9,27037.3,13516.7,463.246,-455.31,-21.3961,4024095425466.3975,12.604668270820762
409652,578,0,8.867429384365757,22.161,0.8085,0.0,66984.8,27035.7,13268.6,392.158,-157.74,63.3673,4024095425466.3975,12.604668270820762
409653,578,0,7.8988054760273085,24.2444,3.6884,0.0,66847.1,27119.3,13350.6,470.614,-75.4972,251.843,4024095425466.3975,12.604668270820762
409654,578,0,7.9895533303953705,23.9963,3.1385,0.0,66918.5,27111.9,13208.5,719.849,-155.554,252.558,4024095425466.3975,12.604668270820762
376963,391,1,11.18717671133419,143.16,111.089,0.0159092,63013.1,16113.4,28796.8,500.692,-8.3201,-27.1986,4018327089618.855,12.604045285183478
376964,391,0,10.359662989690685,96.0013,36.4716,0.0276069,62684.6,16349.6,28596.4,678.455,-257.277,68.8509,4018327089618.855,12.604045285183478
376965,391,0,9.179654052980853,47.383,9.0948,0.0111769,63124.3,16155.3,28605.3,423.05,-3.4099,-156.676,4018327089618.855,12.604045285183478
376966,391,0,9.838593496820758,40.8947,0.3802,0.057336,62995.7,16112.6,28811.4,682.672,162.595,82.4837,4018327089618.855,12.604045285183478
376967,391,0,8.990386575594991,40.7978,9.8229,0.00978498,62663.1,16225.2,28720.5,404.124,57.4684,18.5184,4018327089618.855,12.604045285183478
376968,391,0,8.428485832609043,35.2433,14.4453,0.00738053,63321.4,16029.1,28792.2,708.998,98.5871,-39.2293,4018327089618.855,12.604045285183478
376969,391,0,9.278226888670268,48.9386,4.744,0.019226,62984.0,16097.6,28682.6,307.218,11.2107,-71.0203,4018327089618.855,12.604045285183478
376970,391,0,9.118686302971149,39.2379,5.7918,0.0141964,63137.2,15876.9,28790.0,466.511,-14.9189,15.4331,4018327089618.855,12.604045285183478
376971,391,0,8.526155298132311,37.4044,9.5383,0.0,63116.0,16265.9,28906.5,366.943,-68.7157,115.974,4018327089618.855,12.604045285183478
376972,391,0,8.009449139302825,34.2743,11.7553,0.0,63120.2,16025.2,28967.9,662.255,-1.2384,-206.279,4018327089618.855,12.604045285183478
397866,500,1,10.73676689970149,145.579,114.418,0.00776571,9333.86,14801.8,62986.7,147.278,441.388,-148.267,4016147520044.4717,12.603809656817397
397867,500,0,8.883995694407304,42.3597,13.139,0.00949371,9519.45,14988.7,63062.2,-8.4956,286.565,-140.694,4016147520044.4717,12.603809656817397
397868,500,0,9.387319928157101,54.8282,4.3718,0.0153375,9324.48,14822.4,62956.8,259.696,94.3098,97.3515,4016147520044.4717,12.603809656817397
397869,500,0,8.666181262215664,34.5837,11.5542,0.00700676,9214.87,14654.3,63257.5,70.3181,303.233,-3.3986,4016147520044.4717,12.603809656817397
397870,500,0,7.448821751739844,30.3016,18.7319,0.00240019,9059.81,14803.7,63068.7,493.167,300.698,-235.691,4016147520044.4717,12.603809656817397
397871,500,0,6.8281196503558235,28.638,17.9493,0.0005315,9541.78,14604.1,62811.9,-6.3948,551.696,152.284,4016147520044.4717,12.603809656817397
397872,500,0,8.078175661902545,32.2191,9.6021,0.00348539,9173.31,14667.0,62804.1,278.021,597.485,-11.7367,4016147520044.4717,12.603809656817397
397873,500,0,7.232488166643138,25.8903,16.8165,0.00114079,9326.61,14541.2,63279.0,254.008,488.627,-384.093,4016147520044.4717,12.603809656817397
397874,500,0,7.825540526750077,30.2853,10.6183,0.0,9184.31,15064.2,63026.6,177.723,293.988,-81.8815,4016147520044.4717,12.603809656817397
397875,500,0,7.565354154787125,31.6382,9.7576,0.00164205,9202.19,15002.3,62917.5,295.658,654.916,-107.56,4016147520044.4717,12.603809656817397
398110,501,1,11.181067646496556,152.58,86.8373,0.0199364,49568.9,23258.6,32110.1,133.573,-68.8162,40.3618,4012936732041.8604,12.60346231270127
398111,501,0,9.419691907331304,33.3867,0.5447,0.0351919,49542.4,23240.5,32144.0,292.122,-58.9505,233.523,4012936732041.8604,12.60346231270127
398112,501,0,9.391478415770703,26.4871,0.391,0.0488007,49597.0,23247.7,32153.4,277.641,47.8374,-94.3974,4012936732041.8604,12.60346231270127
398113,501,0,9.329245004717626,30.1835,0.4682,0.0366684,49573.8,23268.9,32074.6,-158.657,-162.776,42.0344,4012936732041.8604,12.60346231270127
398114,501,0,9.394487354569899,27.0287,0.324,0.0299129,49562.9,23241.6,32152.9,383.825,-45.8918,121.819,4012936732041.8604,12.60346231270127
398115,501,0,7.321443152074445,22.8566,17.3188,0.00168819,49755.6,23368.0,32338.8,338.428,-139.964,-58.3844,4012936732041.8604,12.60346231270127
398116,501,0,9.233728842869228,22.7218,0.2756,0.0447126,49576.3,23269.5,32093.9,-63.9802,-120.791,-146.268,4012936732041.8604,12.60346231270127
398117,501,0,8.797645912658512,26.0051,8.1653,0.0,49671.5,23080.9,32068.9,132.874,-231.742,99.3719,4012936732041.8604,12.60346231270127
398118,501,0,9.114751397273926,21.4297,0.368,0.0434914,49569.7,23251.9,32128.2,367.533,34.0101,71.0917,4012936732041.8604,12.60346231270127
398119,501,0,9.06416275276193,22.5669,0.499,0.0475473,49590.5,23260.3,32137.3,273.394,68.0117,-127.695,4012936732041.8604,12.60346231270127
411637,592,1,10.899920131011829,143.929,99.1135,0.0165513,22898.0,55392.7,38101.5,-12.0269,-148.062,290.893,4000994150428.1074,12.602167916428073
411638,592,0,10.163965815939369,100.361,11.0439,0.0211197,22985.6,55389.1,38052.8,134.282,93.4654,159.688,4000994150428.1074,12.602167916428073
411639,592,0,9.629640701887672,71.714,14.9289,0.00880088,22932.8,55545.9,38069.5,102.06,-160.784,111.48,4000994150428.1074,12.602167916428073
411640,592,0,9.12326218226983,47.4,10.0856,0.0128795,22784.1,55278.1,38163.7,39.811,-83.7104,109.557,4000994150428.1074,12.602167916428073
411641,592,0,9.097207390710816,43.1886,9.2492,0.00991179,23027.3,55364.0,37967.2,329.923,-112.62,310.754,4000994150428.1074,12.602167916428073
411642,592,0,8.604250293749677,39.6603,5.3743,0.00756855,23040.8,55351.9,38043.7,-245.306,-212.461,516.87,4000994150428.1074,12.602167916428073
411643,592,0,8.312075865207003,37.7455,5.0149,0.0054141,22861.0,55391.4,38127.6,-212.758,57.9901,512.903,4000994150428.1074,12.602167916428073
411644,592,0,6.6743047860112945,25.7572,7.1866,0.0,22991.5,55498.1,38114.9,341.995,6.4486,239.449,4000994150428.1074,12.602167916428073
411645,592,0,6.859350887719902,21.6718,7.4382,0.0,23126.7,55408.5,37912.4,-189.923,-254.348,442.983,4000994150428.1074,12.602167916428073
411646,592,0,7.000384501558452,21.0758,3.8585,0.0,23017.8,55308.1,38117.6,270.769,33.7817,175.788,4000994150428.1074,12.602167916428073
403787,538,1,11.11815523853794,148.146,99.3905,0.0127808,7992.32,54784.8,72460.6,280.438,-117.314,-272.53,3990690525844.451,12.601048049976626
403788,538,0,10.166184522231102,87.6902,1.995,0.0388471,7972.58,54784.8,72473.4,568.913,-172.828,-458.473,3990690525844.451,12.601048049976626
403789,538,0,7.571760049611303,31.2777,14.2919,0.00155832,7721.17,54615.7,72553.6,403.503,67.8329,-467.37,3990690525844.451,12.601048049976626
403790,538,0,8.77094328010966,37.2305,5.8135,0.013177,8036.67,54825.1,72243.4,161.803,-212.794,-245.831,3990690525844.451,12.601048049976626
403791,538,0,8.853362616714502,38.9056,1.4822,0.02311,7986.04,54791.0,72474.7,340.262,-230.507,-662.22,3990690525844.451,12.601048049976626
403792,538,0,6.210547492849614,20.0496,10.4646,0.0,8218.2,54622.0,72470.3,91.8755,23.3572,-88.2175,3990690525844.451,12.601048049976626
403793,538,0,6.305875374847795,18.5266,7.8821,0.0,7952.57,54823.0,72294.3,466.271,-395.285,-96.6079,3990690525844.451,12.601048049976626
403794,538,0,7.796520664284121,23.1459,3.5092,0.0,7971.74,54757.6,72649.1,402.641,-31.5912,-286.035,3990690525844.451,12.601048049976626
403795,538,0,8.44765690218527,21.0071,2.5751,0.0,7915.45,54717.6,72559.9,329.755,-102.074,-336.575,3990690525844.451,12.601048049976626
403796,538,0,5.822367321466732,16.4613,8.2189,0.0,7818.94,54734.8,72637.0,576.917,-246.822,-245.981,3990690525844.451,12.601048049976626
392961,472,1,11.307388013181003,151.541,85.969,0.015057,73958.8,55117.3,55280.9,-23.2131,-39.4026,-348.458,3981643374915.8086,12.600062358845065
392962,472,0,9.181523753934265,49.7505,18.1829,0.0106676,73775.6,54873.9,55436.0,-91.0047,-89.1633,-544.015,3981643374915.8086,12.600062358845065
392963,472,0,9.203630853547676,42.118,6.0358,0.0,74072.2,55118.4,55299.3,-192.951,-136.508,-493.289,3981643374915.8086,12.600062358845065
392964,472,0,8.764331253443428,31.3885,6.3736,0.016325,74039.6,54953.2,55006.6,46.8985,-40.9979,-188.1,3981643374915.8086,12.600062358845065
392965,472,0,9.126321351973843,27.6276,1.8675,0.0,73996.1,55065.9,55243.6,185.709,-17.1285,-299.409,3981643374915.8086,12.600062358845065
392966,472,0,8.145413056948433,28.1586,5.0693,0.0,73810.6,55007.6,55130.6,110.451,80.1695,-353.047,3981643374915.8086,12.600062358845065
392967,472,0,8.706596091099335,17.3341,0.8027,0.0272109,74001.0,55082.5,55291.3,-4.0728,22.5779,-129.234,3981643374915.8086,12.600062358845065
392968,472,0,8.57314990295507,13.089,0.7744,0.0254852,73993.4,55090.8,55293.5,-60.3422,42.9421,-164.682,3981643374915.8086,12.600062358845065
392969,472,0,6.098573733405681,17.7738,7.7159,0.0,74194.7,55014.3,55274.4,-84.8247,39.6599,-605.541,3981643374915.8086,12.600062358845065
392970,472,0,7.426353233830733,24.4526,3.4475,0.0,74061.8,55047.1,55242.0,101.773,118.79,-466.727,3981643374915.8086,12.600062358845065
401859,525,1,10.988573701064867,150.572,107.633,0.00828362,63862.3,18213.3,3593.52,119.387,178.594,193.195,3979660678409.636,12.599846043989118
401860,525,0,9.496010691114133,54.227,15.8269,0.013245,63561.7,18166.2,3765.43,-10.816,152.203,138.447,3979660678409.636,12.599846043989118
401861,525,0,10.06010872584202,86.8147,3.2249,0.017396,63867.1,18235.0,3594.58,-27.0075,-226.604,309.645,3979660678409.636,12.599846043989118
401862,525,0,8.881172808142638,41.0825,9.2577,0.00857643,63819.4,18485.7,3723.86,36.5864,-19.7759,190.754,3979660678409.636,12.599846043989118
401863,525,0,7.049396583586869,27.4958,16.8889,0.00076445,63876.1,18188.1,3994.96,293.205,251.813,47.2548,3979660678409.636,12.599846043989118
401864,525,0,7.430417676483882,28.5319,10.0006,0.0,63934.8,18392.8,3475.63,213.868,50.5971,-74.9174,3979660678409.636,12.599846043989118
401865,525,0,8.109621485354918,33.4548,6.4939,0.0,63781.5,18219.5,3468.6,89.5769,5.2185,370.405,3979660678409.636,12.599846043989118
401866,525,0,8.531957607258802,26.6443,5.812,0.0,63676.8,18371.8,3576.15,84.29,232.931,129.245,3979660678409.636,12.599846043989118
401867,525,0,6.854000169335801,23.5595,9.6774,0.0,63735.1,18407.0,4010.3,49.6024,84.303,308.218,3979660678409.636,12.599846043989118
401868,525,0,7.09343409375327,27.0478,6.7893,0.0,63779.9,18177.3,3759.4,-205.935,235.95,192.187,3979660678409.636,12.599846043989118
340976,253,1,11.002639785320184,139.48,138.037,0.00677851,57593.1,69473.9,26874.9,-225.144,-146.321,233.42,3943253126614.6294,12.595854656343702
340977,253,0,11.119881261265487,145.377,69.0315,0.0212708,57091.6,69354.1,26692.6,-28.4932,-103.167,426.038,3943253126614.6294,12.595854656343702
340978,253,0,10.540037824468994,108.067,3.9395,0.0213442,57635.1,69425.6,26914.4,-283.269,-173.005,214.47,3943253126614.6294,12.595854656343702
340979,253,0,8.819743996511562,45.3796,19.4059,0.00928173,57204.9,69560.8,26832.0,-44.4662,-124.353,159.208,3943253126614.6294,12.595854656343702
340980,253,0,8.82692751542691,42.3703,13.192,0.00745278,57060.1,69464.5,26411.4,39.5004,-186.99,315.186,3943253126614.6294,12.595854656343702
340981,253,0,8.374494529122911,39.6493,14.5263,0.00587481,57014.0,69075.3,26601.9,-247.39,-188.887,424.627,3943253126614.6294,12.595854656343702
340982,253,0,8.829488945705302,40.5374,11.3238,0.0160022,57445.2,69584.0,26895.9,-203.425,-225.872,35.9883,3943253126614.6294,12.595854656343702
340983,253,0,9.124009722914867,42.398,7.6677,0.0180304,57534.6,69368.1,27014.7,-275.764,-26.0317,239.049,3943253126614.6294,12.595854656343702
340984,253,0,7.742722580730607,30.1528,16.0372,0.0,57202.7,69212.9,26952.2,-52.5328,-298.333,172.689,3943253126614.6294,12.595854656343702
340985,253,0,7.459857050979243,29.3833,17.7409,0.00255677,56996.2,69636.6,26574.5,-300.238,-125.336,476.661,3943253126614.6294,12.595854656343702
389156,451,1,11.133507322648402,148.612,104.258,0.0134615,67249.6,20675.2,22245.4,679.477,43.0874,286.744,3929911259532.0806,12.594382743777293
389157,451,0,10.034753820941035,79.9152,18.7588,0.0159603,67204.3,20828.2,22513.2,567.478,-206.832,222.191,3929911259532.0806,12.594382743777293
389158,451,0,9.200106517639787,44.9323,6.2552,0.0118057,67146.2,20801.8,22238.0,671.504,106.612,524.088,3929911259532.0806,12.594382743777293
389159,451,0,7.88373601653092,33.5752,15.2048,0.0,67377.6,20356.1,22321.2,271.836,204.141,167.891,3929911259532.0806,12.594382743777293
389160,451,0,8.07554372884422,36.6369,12.4545,0.00477581,67254.8,20850.6,22201.2,433.503,121.375,466.39,3929911259532.0806,12.594382743777293
389161,451,0,8.353420250753496,30.7609,11.9169,0.0,67536.6,20764.6,22410.8,297.357,-28.0714,129.468,3929911259532.0806,12.594382743777293
389162,451,0,6.77229918031157,26.1531,19.5119,0.0,67554.1,20930.5,22011.3,397.592,80.9544,313.2,3929911259532.0806,12.594382743777293
389163,451,0,7.37947332751762,28.718,11.6748,0.00111022,67432.0,20592.7,22569.7,728.568,-13.5919,34.8814,3929911259532.0806,12.594382743777293
389164,451,0,8.5314676030179,33.0995,6.1989,0.00899241,67194.3,20737.7,22581.7,523.676,-158.55,180.221,3929911259532.0806,12.594382743777293
389165,451,0,7.689900279210871,12.5853,9.3296,0.0076055,67315.0,20711.4,22402.4,790.212,-80.5775,209.388,3929911259532.0806,12.594382743777293
399520,510,1,11.02891316862789,139.5,118.579,0.0154677,72240.2,11270.5,32159.3,13.0984,22.1777,-282.859,3928811563514.91,12.594261199367114
399521,510,0,9.871406074498896,70.0801,9.4114,0.0146522,72155.9,11243.9,32252.0,-63.6913,-74.9729,-514.937,3928811563514.91,12.594261199367114
399522,510,0,9.288925209242453,51.2485,20.2751,0.0126544,72242.3,11568.1,32193.1,-191.225,50.3668,-463.434,3928811563514.91,12.594261199367114
399523,510,0,9.044245023083493,38.1797,7.6998,0.0167124,72397.6,11282.1,32404.2,-102.957,107.952,-350.423,3928811563514.91,12.594261199367114
399524,510,0,7.80171332222406,30.7374,9.3419,0.00277283,72355.7,11556.7,32118.9,-48.2375,124.842,-166.825,3928811563514.91,12.594261199367114
399525,510,0,7.4664775218966914,25.3414,10.7373,0.0,72582.9,11172.5,32565.0,-29.6888,39.7501,-154.456,3928811563514.91,12.594261199367114
399526,510,0,8.31404022597853,27.2013,2.8446,0.0,72368.4,11312.9,32174.7,94.7874,29.3242,-459.156,3928811563514.91,12.594261199367114
399527,510,0,6.907142134024819,20.5265,7.2827,0.0,72345.2,11507.6,32170.9,59.8454,153.154,-106.056,3928811563514.91,12.594261199367114
399528,510,0,7.273983211345044,20.8042,5.9786,0.0,71957.6,11230.5,31920.7,-34.0325,-157.48,-343.74,3928811563514.91,12.594261199367114
399529,510,0,7.568828529172427,22.8369,4.4717,0.0,72229.9,11356.3,32141.3,-52.3573,-129.166,-610.026,3928811563514.91,12.594261199367114
404888,546,1,10.991403982673841,148.952,87.1666,0.00996051,53485.0,37408.3,26501.2,52.7791,-90.2275,-55.5414,3924460533554.307,12.593779965946833
404889,546,0,9.38100923641203,48.1112,6.6649,0.0206095,53591.3,37531.9,26396.5,169.782,-128.383,-24.6162,3924460533554.307,12.593779965946833
404890,546,0,9.384541184831381,48.7281,4.2585,0.0198185,53547.2,37428.0,26493.5,217.132,25.7835,158.263,3924460533554.307,12.593779965946833
404891,546,0,8.704980391576012,39.635,8.4001,0.010577,53585.6,37271.5,26296.1,160.189,-3.7486,118.353,3924460533554.307,12.593779965946833
404892,546,0,7.113637479841557,25.5271,12.3115,0.00078756,53495.4,37654.0,26296.9,180.082,-316.85,-17.7654,3924460533554.307,12.593779965946833
404893,546,0,8.079992572684072,30.7822,7.077,0.0,53398.8,37435.6,26590.6,-61.0833,194.906,-285.053,3924460533554.307,12.593779965946833
404894,546,0,8.845445937039676,30.272,4.7031,0.0,53390.5,37387.8,26359.1,123.829,-16.7793,117.649,3924460533554.307,12.593779965946833
404895,546,0,7.885909165124086,26.0624,8.3557,0.0,53708.8,37302.6,26316.1,-14.7773,58.876,-32.4151,3924460533554.307,12.593779965946833
404896,546,0,7.926930298703314,22.2651,9.0916,0.0,53423.8,37557.4,26146.7,112.977,-129.211,-128.592,3924460533554.307,12.593779965946833
404897,546,0,5.909517497185632,19.4129,14.8596,0.0,53785.7,37395.3,26583.0,-67.6339,-86.9224,246.08,3924460533554.307,12.593779965946833
406136,554,1,10.498640147391484,170.249,85.2268,0.00961384,20782.0,46342.5,67853.6,-375.552,139.601,-124.264,3915261560602.8105,12.592760780578391
406137,554,0,10.606043852690263,122.782,7.1566,0.0,20747.1,46363.0,67822.9,-278.156,43.0362,-376.1,3915261560602.8105,12.592760780578391
406138,554,0,10.298212773612896,103.729,4.6431,0.0181289,20778.1,46320.5,67883.1,-360.313,0.2152,59.3898,3915261560602.8105,12.592760780578391
406139,554,0,8.79977588552357,48.9876,22.8434,0.00673025,20640.2,46295.6,68148.9,-276.019,-19.2644,-323.527,3915261560602.8105,12.592760780578391
406140,554,0,8.88952086876938,46.0862,8.5266,0.0117015,20745.1,46259.2,67781.6,-91.5923,128.17,-16.7299,3915261560602.8105,12.592760780578391
406141,554,0,8.366848782775312,44.6029,6.9039,0.00271257,20801.5,46319.5,67934.7,-298.548,335.205,-358.531,3915261560602.8105,12.592760780578391
406142,554,0,6.668841890309793,23.7041,7.0534,0.0,20766.5,46472.7,67708.2,-445.894,-21.2076,-5.576,3915261560602.8105,12.592760780578391
406143,554,0,8.556793747928317,16.0171,1.0606,0.0184766,20797.1,46347.3,67861.6,-657.755,265.342,37.6948,3915261560602.8105,12.592760780578391
406144,554,0,8.05389354546102,22.6854,4.273,0.0,20703.3,46379.4,67949.2,-381.454,236.17,-478.569,3915261560602.8105,12.592760780578391
406145,554,0,6.7396977475732855,22.4211,5.1815,0.0,20875.0,46288.8,67850.6,-187.024,65.9617,202.037,3915261560602.8105,12.592760780578391
402979,532,1,11.168928915823821,148.814,97.1269,0.0137266,71297.4,56630.1,51900.6,-5.5871,72.7797,433.585,3904607438886.275,12.591577377343812
402980,532,0,9.413807906789652,57.396,19.6624,0.0103001,71616.0,56749.6,51991.7,21.8487,173.963,295.237,3904607438886.275,12.591577377343812
402981,532,0,8.651842633544346,41.1101,7.6624,0.0104151,71671.1,56741.8,52030.2,-15.4719,153.302,390.034,3904607438886.275,12.591577377343812
402982,532,0,9.374986874406495,41.5458,2.6749,0.0,71171.4,56738.2,51835.9,22.4265,-62.1026,374.999,3904607438886.275,12.591577377343812
402983,532,0,8.475215089218988,34.0237,4.1817,0.0,71285.9,56577.2,51738.3,105.615,-144.671,402.652,3904607438886.275,12.591577377343812
402984,532,0,8.048881304330965,24.2191,7.2707,0.00597787,71285.7,56442.9,52107.1,-50.0114,238.548,335.748,3904607438886.275,12.591577377343812
402985,532,0,8.658071981764918,28.7574,2.9749,0.0,71206.9,56644.2,51825.5,-64.4464,-25.7372,252.941,3904607438886.275,12.591577377343812
402986,532,0,9.002295542252183,17.5898,0.3386,0.0,71302.4,56606.8,51919.2,78.3135,302.734,651.746,3904607438886.275,12.591577377343812
402987,532,0,6.4830220280605415,18.9053,7.5384,0.0,71325.9,56771.0,51934.6,-61.154,-184.999,183.419,3904607438886.275,12.591577377343812
402988,532,0,7.933555130647776,8.4666,2.5455,0.00859679,71265.8,56522.1,51863.2,201.819,83.593,538.066,3904607438886.275,12.591577377343812
326217,212,1,11.04865381446156,135.228,160.606,0.0180965,23794.4,8211.37,8482.38,-387.27,-152.565,71.8695,3902670243935.913,12.591361857125689
326218,212,0,10.857335167755119,119.799,68.8713,0.017876,23496.4,8004.56,9096.35,-311.702,175.11,-130.883,3902670243935.913,12.591361857125689
326219,212,0,10.593734292324513,121.877,36.5759,0.0105014,23821.0,8161.71,8750.83,-467.485,-252.718,4.118,3902670243935.913,12.591361857125689
326220,212,0,10.05226294567074,76.2145,48.042,0.0179113,23940.8,7986.61,7905.44,-264.475,-303.218,190.749,3902670243935.913,12.591361857125689
326221,212,0,10.238171344292429,84.1796,26.0834,0.0190366,23795.3,8144.73,9023.11,-407.517,-214.548,-179.045,3902670243935.913,12.591361857125689
326222,212,0,9.523413110224862,54.4759,23.0321,0.0155928,23953.9,8511.62,8780.56,-278.284,-211.045,-166.824,3902670243935.913,12.591361857125689
326223,212,0,9.132626240136904,50.117,14.7312,0.0127075,23867.0,8048.63,8625.41,-667.295,-492.618,55.2538,3902670243935.913,12.591361857125689
326224,212,0,8.726686069566687,51.7748,9.1043,0.0042947,23790.0,8183.87,8667.65,-400.714,-417.259,-262.245,3902670243935.913,12.591361857125689
326225,212,0,8.41715260977151,34.5941,18.4783,0.0048703,23415.0,7878.11,8647.74,-601.215,-143.62,60.8808,3902670243935.913,12.591361857125689
326226,212,0,9.843701820659359,75.5181,0.6469,0.0275348,23793.7,8215.41,8484.66,-231.96,-85.784,273.172,3902670243935.913,12.591361857125689
405568,551,1,10.950699085465454,146.451,101.059,0.0183962,69328.2,25084.0,12973.5,304.323,174.576,548.245,3887435331927.452,12.589663177540833
405569,551,0,8.765366914832773,45.682,14.6815,0.00778062,69175.9,25065.3,12906.2,613.351,20.969,507.282,3887435331927.452,12.589663177540833
405570,551,0,9.802665680660485,64.9009,1.6455,0.0439698,69340.2,25077.8,12963.0,303.809,-84.9363,594.903,3887435331927.452,12.589663177540833
405571,551,0,7.765091713960562,31.0436,15.9066,0.0048115,69026.0,25475.3,12948.6,263.259,8.4622,416.695,3887435331927.452,12.589663177540833
405572,551,0,7.786469740989682,27.9431,9.7561,0.0,69361.3,24800.7,13226.3,273.988,201.003,721.857,3887435331927.452,12.589663177540833
405573,551,0,8.194911122225802,28.3211,8.5729,0.0,69416.6,25014.2,13225.1,216.975,301.49,644.57,3887435331927.452,12.589663177540833
405574,551,0,7.056772108027125,25.8187,8.9607,0.0,69167.7,25143.5,12736.1,468.929,374.466,506.787,3887435331927.452,12.589663177540833
405575,551,0,7.181570182453822,24.5608,10.344,0.0,69477.0,24734.7,13106.3,157.919,252.924,670.339,3887435331927.452,12.589663177540833
405576,551,0,6.997169871915365,22.4452,11.4267,0.0,69294.4,24782.9,13031.3,143.719,145.246,443.495,3887435331927.452,12.589663177540833
405577,551,0,6.9886987432332575,19.6587,9.56,0.0,69437.1,25348.5,13090.2,503.235,134.462,608.102,3887435331927.452,12.589663177540833
404644,544,1,11.124124874446789,148.381,92.9851,0.0123624,20127.0,23098.7,41089.0,49.3016,173.151,-82.6472,3886193725117.4067,12.589524446200059
404645,544,0,9.371969948658968,61.3944,15.6767,0.00941835,20280.8,23038.4,40987.7,-212.345,353.897,-150.89,3886193725117.4067,12.589524446200059
404646,544,0,9.931003744618746,71.8138,5.9671,0.0189377,20119.3,23089.3,41009.8,145.593,310.285,-168.852,3886193725117.4067,12.589524446200059
404647,544,0,9.154185880381332,42.0684,4.195,0.0212263,20089.3,23194.2,40997.6,28.1088,39.1534,30.2285,3886193725117.4067,12.589524446200059
404648,544,0,7.531637282442563,26.2872,7.0343,0.0,20074.8,23329.6,41223.5,-110.995,89.9805,-72.2196,3886193725117.4067,12.589524446200059
404649,544,0,8.901620943896809,17.2824,0.538,0.0284941,20140.0,23095.2,41020.7,80.4373,384.584,-238.016,3886193725117.4067,12.589524446200059
404650,544,0,7.07170158700538,22.6515,5.6747,0.0,20100.4,23328.2,40915.4,-73.0699,60.0775,-4.8026,3886193725117.4067,12.589524446200059
404651,544,0,6.014252847705645,16.2901,8.3618,0.0,19939.3,22858.9,41215.7,35.4786,-19.6613,-27.7416,3886193725117.4067,12.589524446200059
404652,544,0,6.915789006628967,20.9208,4.1436,0.0,20107.3,23231.8,40837.3,135.34,181.058,-28.0972,3886193725117.4067,12.589524446200059
404653,544,0,8.44134463914183,23.8428,1.3603,0.0,20132.1,23086.6,41064.7,-88.124,27.8034,-427.362,3886193725117.4067,12.589524446200059
396073,490,1,11.183847518059304,149.214,98.3986,0.0183825,4240.6,31244.6,4869.19,15.0525,-277.005,140.081,3878858513912.3394,12.58870393846889
396074,490,0,9.650561601837314,66.575,26.9684,0.00796707,4398.44,31415.9,4673.62,-135.889,-421.535,271.147,3878858513912.3394,12.58870393846889
396075,490,0,9.54110145759064,60.5372,9.4695,0.0141564,4158.32,31238.9,4965.73,-212.836,-119.438,254.451,3878858513912.3394,12.58870393846889
396076,490,0,8.492963603218405,43.2689,10.8321,0.00296446,4481.9,31501.0,4726.76,-149.848,-428.827,349.055,3878858513912.3394,12.58870393846889
396077,490,0,9.321137203148863,39.0773,6.2028,0.0210603,4056.88,31146.8,4764.64,163.287,-235.437,202.352,3878858513912.3394,12.58870393846889
396078,490,0,8.112896573522702,24.3619,7.2538,0.0075194,4490.69,31208.2,4941.46,162.585,-152.455,175.796,3878858513912.3394,12.58870393846889
396079,490,0,9.121855249964083,20.3651,0.3322,0.0,4232.18,31243.2,4861.57,-74.871,-491.037,112.721,3878858513912.3394,12.58870393846889
396080,490,0,7.067879989280882,24.3051,6.6251,0.00119166,4123.08,31290.0,4799.0,331.727,-396.352,70.4558,3878858513912.3394,12.58870393846889
396081,490,0,6.248336053739013,17.5028,5.8158,0.0,4548.51,31285.4,4956.88,99.1964,-353.207,-0.4348,3878858513912.3394,12.58870393846889
396082,490,0,,17.1344,6.3689,0.0,4087.58,31126.9,4715.53,179.48,-267.864,-59.9419,3878858513912.3394,12.58870393846889
394850,483,1,11.155643038714764,152.865,87.0524,0.0193554,53233.2,13629.2,58951.3,82.4934,75.8828,-311.013,3876790220419.9883,12.588472301244785
394851,483,0,9.774403812219168,61.8942,22.1684,0.0145754,53016.3,13857.4,58895.6,187.124,-235.353,-127.344,3876790220419.9883,12.588472301244785
394852,483,0,8.771713950716293,56.0653,19.1737,0.00376422,53321.3,13799.2,59127.9,-144.517,-292.16,-421.067,3876790220419.9883,12.588472301244785
394853,483,0,9.109626466338877,51.6783,12.6996,0.010577,52983.9,13646.0,58939.8,43.815,212.774,-458.222,3876790220419.9883,12.588472301244785
394854,483,0,8.89199431341574,47.1602,15.4425,0.00846562,53457.1,13511.0,58779.0,-88.5979,-34.4483,-286.61,3876790220419.9883,12.588472301244785
394855,483,0,9.839844935703814,46.6435,0.34,0.0664282,53245.1,13627.5,58952.0,25.2022,-202.637,-358.859,3876790220419.9883,12.588472301244785
394856,483,0,7.62839647256947,31.266,14.1987,0.00316859,53406.9,13788.0,58678.3,212.714,-171.572,-204.362,3876790220419.9883,12.588472301244785
394857,483,0,9.409504334433608,44.3848,2.3882,0.0,53254.5,13722.3,58979.8,16.0628,224.766,-219.964,3876790220419.9883,12.588472301244785
394858,483,0,7.096525170730412,24.8596,10.7468,0.0,52846.0,13704.5,59006.8,126.147,139.891,-470.594,3876790220419.9883,12.588472301244785
394859,483,0,7.254802095988245,21.155,8.4887,0.0,53537.5,13779.9,58741.9,127.354,176.103,-418.526,3876790220419.9883,12.588472301244785
390305,457,1,11.180306401336246,139.065,114.393,0.0131687,30154.9,27608.8,72832.3,9.4521,149.081,-13.2245,3841930622543.4565,12.584549518121044
390306,457,0,9.624060617034347,57.2078,11.3232,0.0187544,30112.8,27373.8,72802.2,20.4006,279.737,30.3974,3841930622543.4565,12.584549518121044
390307,457,0,9.053836911897413,42.3641,17.3025,0.00821009,30342.9,27820.5,72928.5,225.235,128.228,-79.7723,3841930622543.4565,12.584549518121044
390308,457,0,9.23579003440549,44.3989,4.9496,0.0,30227.2,27715.3,72886.5,46.8127,92.2474,21.609,3841930622543.4565,12.584549518121044
390309,457,0,7.937200621793806,12.5129,2.9527,0.00760051,30134.4,27635.3,72854.0,277.642,156.548,132.59,3841930622543.4565,12.584549518121044
390310,457,0,6.517459670739549,20.9523,9.1183,0.0,30024.3,27287.9,72646.2,-77.5592,7.5524,110.001,3841930622543.4565,12.584549518121044
390311,457,0,7.486800350912547,25.6585,5.7267,0.0,30134.2,27763.4,72907.9,36.0477,-66.943,-23.2684,3841930622543.4565,12.584549518121044
390312,457,0,6.8281196503558235,19.4113,8.7292,0.0,30351.2,27789.0,72709.4,-174.066,263.963,-73.8909,3841930622543.4565,12.584549518121044
390313,457,0,8.83301585553733,14.4817,0.7698,0.0473827,30114.0,27516.8,72743.3,-134.602,232.545,28.1804,3841930622543.4565,12.584549518121044
390314,457,0,7.483864500646562,25.109,3.6432,0.0,29974.4,27548.6,72767.6,47.2938,202.827,64.3919,3841930622543.4565,12.584549518121044
406495,557,1,10.865359123042412,146.112,110.663,0.0110578,547.281,5484.82,29172.9,21.7874,311.983,202.029,3836964195303.2734,12.583987746590871
406496,557,0,9.234831602338474,37.8108,11.1005,0.00858826,593.873,5631.15,28986.4,31.7468,239.025,251.153,3836964195303.2734,12.583987746590871
406497,557,0,9.334968715994338,43.9737,3.7089,0.0235696,513.064,5392.31,29065.2,37.0946,345.02,197.014,3836964195303.2734,12.583987746590871
406498,557,0,6.725457308458676,24.3955,19.4604,0.0,339.13,5704.36,28848.2,131.404,503.836,211.169,3836964195303.2734,12.583987746590871
406499,557,0,7.16214990612273,27.3311,12.8621,0.0,351.662,5527.05,29272.8,144.574,295.474,473.346,3836964195303.2734,12.583987746590871
406500,557,0,5.954484642702155,24.0182,14.9105,0.0,557.229,5752.23,29016.0,193.787,367.039,332.182,3836964195303.2734,12.583987746590871
406501,557,0,,22.4994,14.8471,0.0,808.924,5305.74,29181.5,22.543,453.915,-1.5213,3836964195303.2734,12.583987746590871
406502,557,0,7.622320200217246,25.0754,8.9829,0.0,320.875,5390.12,28887.1,88.1217,236.169,225.872,3836964195303.2734,12.583987746590871
406503,557,0,6.507611301295993,20.3744,13.5146,0.0,707.352,5740.73,29018.2,-140.907,333.04,77.4135,3836964195303.2734,12.583987746590871
406504,557,0,6.1559265419576334,22.0071,11.6228,0.0,601.75,5667.5,28906.0,257.763,366.859,289.366,3836964195303.2734,12.583987746590871
382483,417,1,10.890723897913634,140.427,122.169,0.00882019,10284.7,58430.5,35460.3,39.9432,-221.069,265.901,3831271094701.478,12.583342883063072
382484,417,0,10.773596873952112,123.057,23.4226,0.0210646,10166.6,58253.7,35555.0,-42.6527,-177.503,418.96,3831271094701.478,12.583342883063072
382485,417,0,8.636348397103204,37.8118,10.9809,0.00731301,10238.8,58139.5,35505.8,78.4158,-332.289,300.136,3831271094701.478,12.583342883063072
382486,417,0,8.74882410124611,34.9082,11.066,0.0,10300.2,58496.1,35318.8,21.7605,-46.7867,268.035,3831271094701.478,12.583342883063072
382487,417,0,8.39978251940202,38.6051,9.4038,0.00376013,10185.6,58327.9,35483.9,85.8345,267.889,397.301,3831271094701.478,12.583342883063072
382488,417,0,8.249059275358109,32.4756,9.6565,0.00297452,10221.3,58043.8,35398.7,-207.788,-421.857,442.044,3831271094701.478,12.583342883063072
382489,417,0,6.505614541539918,21.771,12.697,0.0,9964.16,58301.0,35551.9,-170.928,-214.113,116.3,3831271094701.478,12.583342883063072
382490,417,0,6.2025785631783386,25.199,8.4528,0.0,10006.2,58236.8,35555.7,112.831,113.7,180.015,3831271094701.478,12.583342883063072
382491,417,0,7.7298981087461005,15.2938,4.0086,0.0079617,10300.4,58442.3,35484.6,-106.025,-152.812,304.255,3831271094701.478,12.583342883063072
382492,417,0,8.224227190140805,18.2901,10.3355,0.0,10071.3,58565.8,35682.1,-103.133,-79.0858,352.421,3831271094701.478,12.583342883063072
374789,381,1,10.95515834427452,140.747,107.146,0.010414,43206.9,65235.2,13815.3,-14.66,155.481,184.332,3808316686071.0527,12.580733055598607
374790,381,0,10.637726613282476,111.499,55.6789,0.0114775,43464.3,65116.0,14276.6,23.3956,103.015,-25.9861,3808316686071.0527,12.580733055598607
374791,381,0,9.96988769070689,78.0613,17.065,0.021729,43079.0,65394.2,13838.0,115.263,44.3195,-24.0562,3808316686071.0527,12.580733055598607
374792,381,0,9.61122831361471,62.6324,17.328,0.0178425,43200.3,65413.9,13911.1,60.607,144.352,417.375,3808316686071.0527,12.580733055598607
374793,381,0,9.096253009730876,44.7399,13.8932,0.0126866,43465.0,65121.4,14643.1,126.895,60.3548,-10.3993,3808316686071.0527,12.580733055598607
374794,381,0,9.264348576600357,42.8884,11.0949,0.0,43061.3,65250.8,13578.6,5.5735,162.878,76.2961,3808316686071.0527,12.580733055598607
374795,381,0,9.139538880999309,42.4935,6.3779,0.00789027,43227.8,65305.8,13857.3,-44.885,8.6158,89.9036,3808316686071.0527,12.580733055598607
374796,381,0,8.524912735437567,39.5118,8.2796,0.00458876,43548.5,65031.7,14286.5,-19.2839,213.768,23.1087,3808316686071.0527,12.580733055598607
374797,381,0,8.3090024223377,44.0293,8.8403,0.00377236,43521.0,65071.7,14222.3,-179.047,193.925,169.274,3808316686071.0527,12.580733055598607
374798,381,0,7.162591038189,29.8281,16.9767,0.0,43504.7,65279.5,14577.9,137.005,202.419,-108.152,3808316686071.0527,12.580733055598607
409086,574,1,11.069784072756544,151.157,93.1302,0.0137599,58211.4,22238.7,16224.3,303.54,-63.041,95.232,3806082604731.787,12.580478209697162
409087,574,0,9.60924330550086,46.1283,6.4107,0.0233358,58194.0,22304.4,16315.9,256.795,26.9374,271.768,3806082604731.787,12.580478209697162
409088,574,0,8.769256063382779,42.2347,7.5616,0.0078235,58208.6,22267.5,16363.2,421.992,-30.0182,339.582,3806082604731.787,12.580478209697162
409089,574,0,9.11726933803396,41.3264,4.4202,0.0164964,58213.0,22244.6,16310.8,446.408,-58.2109,-3.2408,3806082604731.787,12.580478209697162
409090,574,0,7.827357061078403,26.2009,14.0687,0.00345496,58271.3,22299.2,16497.2,544.234,-87.4737,33.9156,3806082604731.787,12.580478209697162
409091,574,0,9.009969504046053,35.4102,5.2068,0.0,58266.8,22197.7,16275.6,508.978,41.2474,-67.4146,3806082604731.787,12.580478209697162
409092,574,0,7.658832099355087,23.8563,9.4389,0.0,58270.5,21920.0,16455.2,376.866,-121.672,34.4239,3806082604731.787,12.580478209697162
409093,574,0,7.884907524514248,21.7422,8.0571,0.0,58470.9,22003.5,16284.3,326.299,-135.148,22.3075,3806082604731.787,12.580478209697162
409094,574,0,7.732991726355934,27.3431,4.5204,0.0,58186.4,22132.7,16203.6,128.255,-49.4101,-21.3164,3806082604731.787,12.580478209697162
409095,574,0,7.021024408421155,18.3874,7.8613,0.00121795,58072.2,22236.3,15902.4,516.684,-83.6486,165.328,3806082604731.787,12.580478209697162
399101,507,1,11.150020454561197,143.816,109.991,0.0122431,54104.1,28021.3,1730.87,202.677,182.444,83.9353,3805168068511.0347,12.580373843659796
399102,507,0,9.776056154779006,69.0968,22.7677,0.0150879,54010.6,28228.6,1856.61,459.457,183.519,13.4592,3805168068511.0347,12.580373843659796
399103,507,0,9.397023523403671,51.4543,3.4676,0.0198654,54080.9,28072.3,1749.37,-68.2925,255.202,309.426,3805168068511.0347,12.580373843659796
399104,507,0,9.163467560192007,45.1728,4.2091,0.018281,54194.1,28083.8,1700.2,152.445,63.4782,12.6197,3805168068511.0347,12.580373843659796
399105,507,0,8.313542181793325,33.1968,10.7152,0.00630189,54082.1,27739.9,1754.3,320.283,181.275,293.128,3805168068511.0347,12.580373843659796
399106,507,0,7.890800573981135,30.0586,9.0621,0.0044356,53944.0,28151.7,1851.58,540.799,224.704,60.7592,3805168068511.0347,12.580373843659796
399107,507,0,7.44285039562148,26.6448,11.1553,0.0,53819.4,28018.2,1995.45,189.147,74.717,140.521,3805168068511.0347,12.580373843659796
399108,507,0,9.111802663354018,19.7098,0.2953,0.014982,54099.7,28030.8,1736.44,341.389,227.121,42.1596,3805168068511.0347,12.580373843659796
399109,507,0,8.665364645787273,29.4289,2.8302,0.0,54055.7,28062.6,1756.09,135.012,-87.6807,61.0633,3805168068511.0347,12.580373843659796
399110,507,0,6.810628918195488,22.8819,6.4619,0.0,54278.7,27991.0,1625.86,56.7711,23.2478,256.565,3805168068511.0347,12.580373843659796
